Using SCH file: iie_tp.kicad_sch
DEBUG:Using schematic: `/__w/iie_tp/iie_tp/iie_tp.kicad_sch` (kibot - kiplot.py:968)
DEBUG:Real schematic name: `/__w/iie_tp/iie_tp/iie_tp.kicad_sch` (kibot - kiplot.py:969)
DEBUG:No PCB file found (kibot - kiplot.py:1002)
DEBUG:Parsing imports: [{'file': 'MacroFab_XYRS', 'definitions': {'_KIBOT_MPN_FIELD': ''}}] (kibot - config_reader.py:513)
DEBUG:Found local definitions (kibot - config_reader.py:641)
DEBUG:- Local definitions: {'_KIBOT_MPN_FIELD': '- field: MPN', '_KIBOT_IMPORT_ID': '', '_KIBOT_IMPORT_DIR': '.'} (kibot - config_reader.py:651)
DEBUG:- Current definitions: {'_KIBOT_MPN_FIELD': ''} (kibot - config_reader.py:652)
DEBUG:- Updated definitions: {'_KIBOT_MPN_FIELD': '', '_KIBOT_IMPORT_ID': '', '_KIBOT_IMPORT_DIR': '.'} (kibot - config_reader.py:655)
DEBUG:Applying preprocessor definitions (kibot - config_reader.py:660)
DEBUG:- Applying CLI definitions: {} (kibot - config_reader.py:667)
DEBUG:- Applying collected definitions: {'_KIBOT_MPN_FIELD': '', '_KIBOT_IMPORT_ID': '', '_KIBOT_IMPORT_DIR': '.'} (kibot - config_reader.py:670)
DEBUG:- Applying CLI definitions: {} (kibot - config_reader.py:667)
DEBUG:- Applying collected definitions: {'_KIBOT_MPN_FIELD': '', '_KIBOT_IMPORT_ID': '', '_KIBOT_IMPORT_DIR': '.'} (kibot - config_reader.py:670)
DEBUG:YAML after expanding definitions:
# MacroFab compatible XYRS
# https://help.macrofab.com/knowledge/macrofab-required-design-files
kibot:
  version: 1

outputs:
  - name: _macrofab_xyrs
    comment: "Pick and place file, XYRS style"
    type: bom
    dir: .
    options:
      pre_transform: ['_kicost_rename', '_rot_footprint']
      dnf_filter: _only_smd
      output: '%f-%i%I%v_MacroFab.XYRS'
      units: mils
      group_fields: []
      sort_style: ref
      use_aux_axis_as_origin: true
      ignore_dnf: false
      footprint_populate_values: '0,1'
      footprint_type_values: '1,2,0'
      csv:
        separator: '	'
        hide_pcb_info: true
        hide_stats_info: true
        hide_header: true
      columns:
        - field: References
          name: Designator
        - field: Footprint X
          name: X-Loc
        - field: Footprint Y
          name: Y-Loc
        - field: Footprint Rot
          name: Rotation
        - field: Footprint Side
          name: Side
        - field: Footprint Type
          name: Type
        - field: Footprint X-Size
          name: X-Size
        - field: Footprint Y-Size
          name: Y-Size
        - field: Value
        - field: Footprint
        - field: Footprint Populate
          name: Populate
        

 (kibot - config_reader.py:676)
DEBUG:Pre-parsing output options for `_macrofab_xyrs` (bom) (kibot - config_reader.py:162)
DEBUG:Outputs loaded from `../../../usr/share/kibot/config_templates/MacroFab_XYRS.kibot.yaml`: ['_macrofab_xyrs'] (kibot - config_reader.py:354)
DEBUG:Configuring variants (kibot - config_reader.py:486)
DEBUG:Adding groups: {} (kibot - registrable.py:268)
DEBUG:Parsing global options: {'filters': [{'number': 1007}, {'number': 1015}, {'number': 58}, {'number': 107}]} (kibot - config_reader.py:294)
DEBUG:Adding KiBot warnings filter '','1007','' (kibot.pre_filters - pre_filters.py:84)
DEBUG:Adding KiBot warnings filter '','1015','' (kibot.pre_filters - pre_filters.py:84)
DEBUG:Adding KiBot warnings filter '','58','' (kibot.pre_filters - pre_filters.py:84)
DEBUG:Adding KiBot warnings filter '','107','' (kibot.pre_filters - pre_filters.py:84)
DEBUG:Parsing preflight options: {'erc': {'dont_stop': True, 'format': 'HTML,RPT,JSON,CSV'}} (kibot - config_reader.py:276)
DEBUG:Parsing preflight erc (kibot - config_reader.py:285)
DEBUG:Pre-parsing output options for `generic_bom_html` (bom) (kibot - config_reader.py:162)
DEBUG:Pre-parsing output options for `generic_bom_csv` (bom) (kibot - config_reader.py:162)
DEBUG:Pre-parsing output options for `generic_bom_hrtxt` (bom) (kibot - config_reader.py:162)
DEBUG:Pre-parsing output options for `generic_bom_tsv` (bom) (kibot - config_reader.py:162)
DEBUG:Pre-parsing output options for `generic_bom_xml` (bom) (kibot - config_reader.py:162)
DEBUG:Pre-parsing output options for `generic_bom_xlsx` (bom) (kibot - config_reader.py:162)
DEBUG:Pre-parsing output options for `costs_bom_xlsx` (bom) (kibot - config_reader.py:162)
DEBUG:Pre-parsing output options for `kicad_internal_bom` (bom) (kibot - config_reader.py:162)
DEBUG:Pre-parsing output options for `basic_diff_sch` (diff) (kibot - config_reader.py:162)
DEBUG:Pre-parsing output options for `basic_download_datasheets` (download_datasheets) (kibot - config_reader.py:162)
DEBUG:Pre-parsing output options for `basic_dxf_sch_print` (dxf_sch_print) (kibot - config_reader.py:162)
DEBUG:Pre-parsing output options for `basic_hpgl_sch_print` (hpgl_sch_print) (kibot - config_reader.py:162)
DEBUG:Pre-parsing output options for `basic_kicanvas` (kicanvas) (kibot - config_reader.py:162)
DEBUG:Pre-parsing output options for `basic_navigate_results_rb` (navigate_results_rb) (kibot - config_reader.py:162)
DEBUG:Pre-parsing output options for `basic_pdf_sch_print` (pdf_sch_print) (kibot - config_reader.py:162)
DEBUG:Pre-parsing output options for `basic_ps_sch_print` (ps_sch_print) (kibot - config_reader.py:162)
DEBUG:Pre-parsing output options for `basic_svg_sch_print` (svg_sch_print) (kibot - config_reader.py:162)
DEBUG:No font resources dir (kibot - kiplot.py:1246)
DEBUG:No color resources dir (kibot - kiplot.py:1267)
DEBUG:Starting outputs for board None (kibot - kiplot.py:656)
DEBUG:Outputs before preflights: ['_macrofab_xyrs', 'generic_bom_html', 'generic_bom_csv', 'generic_bom_hrtxt', 'generic_bom_tsv', 'generic_bom_xml', 'generic_bom_xlsx', 'costs_bom_xlsx', 'kicad_internal_bom', 'basic_diff_sch', 'basic_download_datasheets', 'basic_dxf_sch_print', 'basic_hpgl_sch_print', 'basic_kicanvas', 'basic_navigate_results_rb', 'basic_pdf_sch_print', 'basic_ps_sch_print', 'basic_svg_sch_print'] (kibot - kiplot.py:703)
DEBUG:Preflight checks (kibot - kiplot.py:537)
DEBUG:Configuring preflight erc (kibot.pre_base - pre_base.py:137)
DEBUG:Using global `output`=`%f-%i%I%v.%x` (kibot - optionable.py:58)
DEBUG:Preflight apply erc (kibot.pre_base - pre_base.py:153)
DEBUG:Preflight run erc (kibot.pre_base - pre_base.py:157)
DEBUG:Reading KiCad config from `/github/home/.config/kicad/9.0/kicad_common.json` (kibot - config.py:458)
DEBUG:Filtered warning: (W009) KiCad config without environment.vars section (kibot - log.py:125)
DEBUG:Using KICAD9_SYMBOL_DIR="/usr/share/kicad/symbols" (guessed) (kibot - config.py:433)
DEBUG:Using KICAD9_TEMPLATE_DIR="/usr/share/kicad/template" (guessed) (kibot - config.py:433)
DEBUG:Filtered warning: (W010) Unable to find KiCad user templates (kibot - log.py:125)
DEBUG:Using KICAD9_FOOTPRINT_DIR="/usr/share/kicad/footprints" (guessed) (kibot - config.py:433)
DEBUG:Filtered warning: (W010) Unable to find KiCad 3D models (kibot - log.py:125)
DEBUG:Using KICAD9_3RD_PARTY="/github/home/.local/share/kicad/9.0/3rdparty" (guessed) (kibot - config.py:433)
DEBUG:Exporting KIPRJMOD="/__w/iie_tp/iie_tp" (kibot - config.py:479)
DEBUG:Also exporting KICAD6_SYMBOL_DIR="/usr/share/kicad/symbols" (kibot - config.py:487)
DEBUG:Also exporting KICAD7_SYMBOL_DIR="/usr/share/kicad/symbols" (kibot - config.py:487)
DEBUG:Also exporting KICAD8_SYMBOL_DIR="/usr/share/kicad/symbols" (kibot - config.py:487)
DEBUG:Also exporting KICAD6_TEMPLATE_DIR="/usr/share/kicad/template" (kibot - config.py:487)
DEBUG:Also exporting KICAD7_TEMPLATE_DIR="/usr/share/kicad/template" (kibot - config.py:487)
DEBUG:Also exporting KICAD8_TEMPLATE_DIR="/usr/share/kicad/template" (kibot - config.py:487)
DEBUG:Also exporting KICAD6_FOOTPRINT_DIR="/usr/share/kicad/footprints" (kibot - config.py:487)
DEBUG:Also exporting KICAD7_FOOTPRINT_DIR="/usr/share/kicad/footprints" (kibot - config.py:487)
DEBUG:Also exporting KICAD8_FOOTPRINT_DIR="/usr/share/kicad/footprints" (kibot - config.py:487)
DEBUG:Also exporting KICAD6_3RD_PARTY="/github/home/.local/share/kicad/9.0/3rdparty" (kibot - config.py:487)
DEBUG:Also exporting KICAD7_3RD_PARTY="/github/home/.local/share/kicad/9.0/3rdparty" (kibot - config.py:487)
DEBUG:Also exporting KICAD8_3RD_PARTY="/github/home/.local/share/kicad/9.0/3rdparty" (kibot - config.py:487)
DEBUG:No 3D aliases (/github/home/.config/kicad/9.0/3d/3Dresolver.cfg) (kibot - config.py:627)
DEBUG:Copying /usr/share/kicad/template/sym-lib-table to /github/home/.config/kicad/9.0/sym-lib-table (kibot - config.py:590)
DEBUG:Loading sheet from /__w/iie_tp/iie_tp/iie_tp.kicad_sch (kibot - v6_sch.py:2524)
DEBUG:- Loaded ?? (C_Polarized_Small_US ) [id 140338441377488]  UUID 009b273c-7d28-4e0a-99d3-fc16672a88db original UUID 009b273c-7d28-4e0a-99d3-fc16672a88db (kibot - v6_sch.py:2664)
DEBUG:- Loaded ?? (R_US ) [id 140338441377808]  UUID 026cb564-0159-408d-ac56-ed7932f31331 original UUID 026cb564-0159-408d-ac56-ed7932f31331 (kibot - v6_sch.py:2664)
DEBUG:- Loaded ?? (GND ) [id 140338441378128]  UUID 028183cf-b775-47cb-b5fd-12f8399f2d80 original UUID 028183cf-b775-47cb-b5fd-12f8399f2d80 (kibot - v6_sch.py:2664)
DEBUG:- Loaded ?? (R_US ) [id 140338441378448]  UUID 0744d2a0-7698-4398-bff4-96530c85a088 original UUID 0744d2a0-7698-4398-bff4-96530c85a088 (kibot - v6_sch.py:2664)
DEBUG:- Loaded ?? (Arduino_UNO_R3 ) [id 140338441378768]  UUID 09c6cde9-293a-4ec3-a4ef-900cac3a49fd original UUID 09c6cde9-293a-4ec3-a4ef-900cac3a49fd (kibot - v6_sch.py:2664)
DEBUG:- Loaded ?? (R_US ) [id 140338441379088]  UUID 128f85d1-64f6-45da-84ac-15e0310e0024 original UUID 128f85d1-64f6-45da-84ac-15e0310e0024 (kibot - v6_sch.py:2664)
DEBUG:- Loaded ?? (R_US ) [id 140338441379408]  UUID 1c4da6f2-0f6f-48bc-8419-b12d4d7ce31d original UUID 1c4da6f2-0f6f-48bc-8419-b12d4d7ce31d (kibot - v6_sch.py:2664)
DEBUG:- Loaded ?? (R_US ) [id 140338441379728]  UUID 287fcce2-7fc0-493d-9d4b-9d853b2b446b original UUID 287fcce2-7fc0-493d-9d4b-9d853b2b446b (kibot - v6_sch.py:2664)
DEBUG:- Loaded ?? (Conn_01x02 ) [id 140338441380048]  UUID 29965af1-73a9-4841-bc90-bf5a202501ef original UUID 29965af1-73a9-4841-bc90-bf5a202501ef (kibot - v6_sch.py:2664)
DEBUG:- Loaded ?? (R_US ) [id 140338441380368]  UUID 29eea12d-00dc-4558-856a-f11c9c24a67c original UUID 29eea12d-00dc-4558-856a-f11c9c24a67c (kibot - v6_sch.py:2664)
DEBUG:- Loaded ?? (C_Small ) [id 140338441380688]  UUID 2a1d15e8-f014-4167-9693-2a0d043194d8 original UUID 2a1d15e8-f014-4167-9693-2a0d043194d8 (kibot - v6_sch.py:2664)
DEBUG:- Loaded ?? (R_US ) [id 140338441381008]  UUID 2a30bf5f-c93c-49e8-946b-245ef37c324f original UUID 2a30bf5f-c93c-49e8-946b-245ef37c324f (kibot - v6_sch.py:2664)
DEBUG:- Loaded ?? (GND ) [id 140338441381328]  UUID 2a341333-b4d0-4cba-95d9-7069de4a5eba original UUID 2a341333-b4d0-4cba-95d9-7069de4a5eba (kibot - v6_sch.py:2664)
DEBUG:- Loaded ?? (OPAMP ) [id 140338441381648]  UUID 2d73de2a-a682-4185-8a53-d9f99d0608d7 original UUID 2d73de2a-a682-4185-8a53-d9f99d0608d7 (kibot - v6_sch.py:2664)
DEBUG:- Loaded ?? (C_Polarized_Small_US ) [id 140338441381968]  UUID 2fc3c4a4-de37-444d-ba74-8600e2d07cd5 original UUID 2fc3c4a4-de37-444d-ba74-8600e2d07cd5 (kibot - v6_sch.py:2664)
DEBUG:- Loaded ?? (GND ) [id 140338441382288]  UUID 31d95672-692e-475a-b47c-5ef1eb60a2ee original UUID 31d95672-692e-475a-b47c-5ef1eb60a2ee (kibot - v6_sch.py:2664)
DEBUG:- Loaded ?? (R_US ) [id 140338441382608]  UUID 3211fa72-d7f6-465b-bacb-5d15cadf544d original UUID 3211fa72-d7f6-465b-bacb-5d15cadf544d (kibot - v6_sch.py:2664)
DEBUG:- Loaded ?? (GND ) [id 140338441382928]  UUID 33dc0598-a3b7-4547-b1c7-be3f278fae74 original UUID 33dc0598-a3b7-4547-b1c7-be3f278fae74 (kibot - v6_sch.py:2664)
DEBUG:- Loaded ?? (GND ) [id 140338441383248]  UUID 3cb4ca4f-6dfe-4b33-9ade-bda2ae15e93e original UUID 3cb4ca4f-6dfe-4b33-9ade-bda2ae15e93e (kibot - v6_sch.py:2664)
DEBUG:- Loaded ?? (GND ) [id 140338441383568]  UUID 3cda9c82-41f5-4230-a86b-f82e76a9af8b original UUID 3cda9c82-41f5-4230-a86b-f82e76a9af8b (kibot - v6_sch.py:2664)
DEBUG:- Loaded ?? (VCC ) [id 140338441383888]  UUID 3dc14004-9e58-483d-aab8-5c4f22b55c25 original UUID 3dc14004-9e58-483d-aab8-5c4f22b55c25 (kibot - v6_sch.py:2664)
DEBUG:- Loaded ?? (GND ) [id 140338441384208]  UUID 48667111-47a3-4a2f-8d81-43cf60025841 original UUID 48667111-47a3-4a2f-8d81-43cf60025841 (kibot - v6_sch.py:2664)
DEBUG:- Loaded ?? (C ) [id 140338441384528]  UUID 4bbb776e-c0cb-4fba-a91a-6eaabe985f79 original UUID 4bbb776e-c0cb-4fba-a91a-6eaabe985f79 (kibot - v6_sch.py:2664)
DEBUG:- Loaded ?? (GND ) [id 140338441384848]  UUID 553d2ac3-0fbe-496f-9a61-bda3fa672e33 original UUID 553d2ac3-0fbe-496f-9a61-bda3fa672e33 (kibot - v6_sch.py:2664)
DEBUG:- Loaded ?? (PWR_FLAG ) [id 140338441385168]  UUID 569d26aa-678a-4a75-89df-0ab066aee5bc original UUID 569d26aa-678a-4a75-89df-0ab066aee5bc (kibot - v6_sch.py:2664)
DEBUG:- Loaded ?? (Conn_01x01 ) [id 140338441385488]  UUID 5a8d36c6-7ae6-4b84-b8df-7a420d0145a7 original UUID 5a8d36c6-7ae6-4b84-b8df-7a420d0145a7 (kibot - v6_sch.py:2664)
DEBUG:- Loaded ?? (VCC ) [id 140338441385808]  UUID 62d5af2e-7a67-4cac-92e4-cc4969ad4d8b original UUID 62d5af2e-7a67-4cac-92e4-cc4969ad4d8b (kibot - v6_sch.py:2664)
DEBUG:- Loaded ?? (Speaker ) [id 140338441386128]  UUID 63f135e9-ba9e-4c2b-ac1f-7f226a5cccb9 original UUID 63f135e9-ba9e-4c2b-ac1f-7f226a5cccb9 (kibot - v6_sch.py:2664)
DEBUG:- Loaded ?? (Conn_01x02 ) [id 140338441386448]  UUID 65c2bae6-911f-49a8-a330-f6027d371f14 original UUID 65c2bae6-911f-49a8-a330-f6027d371f14 (kibot - v6_sch.py:2664)
DEBUG:- Loaded ?? (R_US ) [id 140338441386768]  UUID 689e59b2-6a0e-4f36-901b-828e7c05be21 original UUID 689e59b2-6a0e-4f36-901b-828e7c05be21 (kibot - v6_sch.py:2664)
DEBUG:- Loaded ?? (Conn_01x01 ) [id 140338441387088]  UUID 690e8b56-305c-4068-84c5-0fb8b4f84db4 original UUID 690e8b56-305c-4068-84c5-0fb8b4f84db4 (kibot - v6_sch.py:2664)
DEBUG:- Loaded ?? (R_US ) [id 140338441387408]  UUID 6af88551-7af2-4463-b394-2a6a7c2cacfb original UUID 6af88551-7af2-4463-b394-2a6a7c2cacfb (kibot - v6_sch.py:2664)
DEBUG:- Loaded ?? (Conn_01x03 ) [id 140338441387728]  UUID 6c64bde6-04a5-45b4-af30-2760dea30232 original UUID 6c64bde6-04a5-45b4-af30-2760dea30232 (kibot - v6_sch.py:2664)
DEBUG:- Loaded ?? (R_US ) [id 140338441683664]  UUID 7169aaa7-d9fa-4494-8c67-33b27dfd1186 original UUID 7169aaa7-d9fa-4494-8c67-33b27dfd1186 (kibot - v6_sch.py:2664)
DEBUG:- Loaded ?? (PWR_FLAG ) [id 140338441683984]  UUID 7459da9d-f05a-4d8c-bdd5-0dd1e6d62bda original UUID 7459da9d-f05a-4d8c-bdd5-0dd1e6d62bda (kibot - v6_sch.py:2664)
DEBUG:- Loaded ?? (GND ) [id 140338441684304]  UUID 7483640c-5fd1-4808-b8cd-b4d817fa80ea original UUID 7483640c-5fd1-4808-b8cd-b4d817fa80ea (kibot - v6_sch.py:2664)
DEBUG:- Loaded ?? (R_US ) [id 140338441684624]  UUID 7504ad67-b71b-4429-917f-8574847b884c original UUID 7504ad67-b71b-4429-917f-8574847b884c (kibot - v6_sch.py:2664)
DEBUG:- Loaded ?? (R_US ) [id 140338441684944]  UUID 7872e9b9-8974-442a-8cd9-08565a7eebf1 original UUID 7872e9b9-8974-442a-8cd9-08565a7eebf1 (kibot - v6_sch.py:2664)
DEBUG:- Loaded ?? (GND ) [id 140338441685264]  UUID 798b9de1-0fd9-4fc7-afc4-d1c3dad41b40 original UUID 798b9de1-0fd9-4fc7-afc4-d1c3dad41b40 (kibot - v6_sch.py:2664)
DEBUG:- Loaded ?? (R_US ) [id 140338441685584]  UUID 7fed6a36-4029-4b31-8fca-a8c6dffd545a original UUID 7fed6a36-4029-4b31-8fca-a8c6dffd545a (kibot - v6_sch.py:2664)
DEBUG:- Loaded ?? (GND ) [id 140338441685904]  UUID 8769bef9-042c-4652-ae41-b55a0503b380 original UUID 8769bef9-042c-4652-ae41-b55a0503b380 (kibot - v6_sch.py:2664)
DEBUG:- Loaded ?? (R_US ) [id 140338441683344]  UUID 8aec6899-1b25-4f25-b803-2881dc3f216c original UUID 8aec6899-1b25-4f25-b803-2881dc3f216c (kibot - v6_sch.py:2664)
DEBUG:- Loaded ?? (Conn_01x03 ) [id 140338441683024]  UUID 8c53de39-6117-429a-91eb-5c52ec9bced0 original UUID 8c53de39-6117-429a-91eb-5c52ec9bced0 (kibot - v6_sch.py:2664)
DEBUG:- Loaded ?? (C_Polarized_Small_US ) [id 140338441686224]  UUID 8d174a40-8c6e-4708-8f7e-57fcabdee6c6 original UUID 8d174a40-8c6e-4708-8f7e-57fcabdee6c6 (kibot - v6_sch.py:2664)
DEBUG:- Loaded ?? (R_US ) [id 140338441686544]  UUID 92936b72-77f6-4f2b-90d4-98490a4d23dc original UUID 92936b72-77f6-4f2b-90d4-98490a4d23dc (kibot - v6_sch.py:2664)
DEBUG:- Loaded ?? (GND ) [id 140338441686864]  UUID 9375ee61-1488-4bf8-b87b-4f37986277ce original UUID 9375ee61-1488-4bf8-b87b-4f37986277ce (kibot - v6_sch.py:2664)
DEBUG:- Loaded ?? (R_Potentiometer_US ) [id 140338441687184]  UUID 93f2264f-7b49-4679-a014-d5212d0ffe1e original UUID 93f2264f-7b49-4679-a014-d5212d0ffe1e (kibot - v6_sch.py:2664)
DEBUG:- Loaded ?? (R_US ) [id 140338441687504]  UUID 9419b931-67cb-4fbc-b647-fc059089cff3 original UUID 9419b931-67cb-4fbc-b647-fc059089cff3 (kibot - v6_sch.py:2664)
DEBUG:- Loaded ?? (C_Small ) [id 140338441687824]  UUID 9462334c-fc97-49f6-890e-fc9ee07529ae original UUID 9462334c-fc97-49f6-890e-fc9ee07529ae (kibot - v6_sch.py:2664)
DEBUG:- Loaded ?? (R_US ) [id 140338441688144]  UUID 96d48e51-9f7b-46a1-aab0-e3b26762a92d original UUID 96d48e51-9f7b-46a1-aab0-e3b26762a92d (kibot - v6_sch.py:2664)
DEBUG:- Loaded ?? (R_Potentiometer_US ) [id 140338441688464]  UUID 99509f81-a468-4fdf-bf6d-4a1ef47f154e original UUID 99509f81-a468-4fdf-bf6d-4a1ef47f154e (kibot - v6_sch.py:2664)
DEBUG:- Loaded ?? (R_US ) [id 140338441688784]  UUID 9c689ad6-a576-45a0-8d53-ad7cc266ef1c original UUID 9c689ad6-a576-45a0-8d53-ad7cc266ef1c (kibot - v6_sch.py:2664)
DEBUG:- Loaded ?? (R_US ) [id 140338441689104]  UUID a2808c13-44ce-4482-be85-5f1d95d63bda original UUID a2808c13-44ce-4482-be85-5f1d95d63bda (kibot - v6_sch.py:2664)
DEBUG:- Loaded ?? (AudioJack2_Ground ) [id 140338441689424]  UUID a338b23b-bb25-4a13-952c-04360cb2dda2 original UUID a338b23b-bb25-4a13-952c-04360cb2dda2 (kibot - v6_sch.py:2664)
DEBUG:- Loaded ?? (VCC ) [id 140338441689744]  UUID bcf8d11e-640c-4502-8222-830344e5e664 original UUID bcf8d11e-640c-4502-8222-830344e5e664 (kibot - v6_sch.py:2664)
DEBUG:- Loaded ?? (GND ) [id 140338441690064]  UUID bdb57f18-ea0b-4bbb-9462-36afe5038abb original UUID bdb57f18-ea0b-4bbb-9462-36afe5038abb (kibot - v6_sch.py:2664)
DEBUG:- Loaded ?? (LM386 ) [id 140338441690384]  UUID beb2fe4e-d21d-4df9-bb55-acfa5259d9ef original UUID beb2fe4e-d21d-4df9-bb55-acfa5259d9ef (kibot - v6_sch.py:2664)
DEBUG:- Loaded ?? (R_US ) [id 140338441690704]  UUID c3d1dabe-821e-4729-a6f8-84d5a41ce7e0 original UUID c3d1dabe-821e-4729-a6f8-84d5a41ce7e0 (kibot - v6_sch.py:2664)
DEBUG:- Loaded ?? (Conn_01x02 ) [id 140338441691024]  UUID ca713486-1b54-4b12-a3ff-acbd75f6969a original UUID ca713486-1b54-4b12-a3ff-acbd75f6969a (kibot - v6_sch.py:2664)
DEBUG:- Loaded ?? (GND ) [id 140338441691344]  UUID cc08ad19-044c-4364-8cef-f63939f93174 original UUID cc08ad19-044c-4364-8cef-f63939f93174 (kibot - v6_sch.py:2664)
DEBUG:- Loaded ?? (R_US ) [id 140338441691664]  UUID ceed1f30-dfca-4b4d-a071-a7b6d0e027e6 original UUID ceed1f30-dfca-4b4d-a071-a7b6d0e027e6 (kibot - v6_sch.py:2664)
DEBUG:- Loaded ?? (C_Polarized_Small_US ) [id 140338441691984]  UUID cfec3374-7482-4c77-b83e-aec2b7c0856d original UUID cfec3374-7482-4c77-b83e-aec2b7c0856d (kibot - v6_sch.py:2664)
DEBUG:- Loaded ?? (R_Potentiometer_US ) [id 140338441692304]  UUID e0f94fd5-20c2-4bd0-b7a5-e2418a58a50a original UUID e0f94fd5-20c2-4bd0-b7a5-e2418a58a50a (kibot - v6_sch.py:2664)
DEBUG:- Loaded ?? (C_Polarized_Small_US ) [id 140338441692624]  UUID e28d0e9c-877b-4438-8f68-ce229981a66b original UUID e28d0e9c-877b-4438-8f68-ce229981a66b (kibot - v6_sch.py:2664)
DEBUG:- Loaded ?? (R_US ) [id 140338441692944]  UUID e7d09a0b-21bb-4459-80a8-6d58a4649206 original UUID e7d09a0b-21bb-4459-80a8-6d58a4649206 (kibot - v6_sch.py:2664)
DEBUG:- Loaded ?? (Microphone ) [id 140338441693264]  UUID ec10bf5f-7f41-448e-a249-e5f070d201fc original UUID ec10bf5f-7f41-448e-a249-e5f070d201fc (kibot - v6_sch.py:2664)
DEBUG:- Loaded ?? (VCC ) [id 140338441693584]  UUID fa164850-b193-423c-a629-9925cccd2bd5 original UUID fa164850-b193-423c-a629-9925cccd2bd5 (kibot - v6_sch.py:2664)
DEBUG:- Loaded ?? (GND ) [id 140338441693904]  UUID fd98f42a-6d2c-4662-b3e2-d24fbdc71641 original UUID fd98f42a-6d2c-4662-b3e2-d24fbdc71641 (kibot - v6_sch.py:2664)
DEBUG:Collected sheet instances (kibot - v6_sch.py:2498)
DEBUG:- / -> 1 (kibot - v6_sch.py:2500)
DEBUG:Collected symbol instances (kibot - v6_sch.py:2501)
DEBUG:- /009b273c-7d28-4e0a-99d3-fc16672a88db -> C8 (kibot - v6_sch.py:2503)
DEBUG:- /026cb564-0159-408d-ac56-ed7932f31331 -> R21 (kibot - v6_sch.py:2503)
DEBUG:- /028183cf-b775-47cb-b5fd-12f8399f2d80 -> #PWR017 (kibot - v6_sch.py:2503)
DEBUG:- /0744d2a0-7698-4398-bff4-96530c85a088 -> R23 (kibot - v6_sch.py:2503)
DEBUG:- /09c6cde9-293a-4ec3-a4ef-900cac3a49fd -> A1 (kibot - v6_sch.py:2503)
DEBUG:- /128f85d1-64f6-45da-84ac-15e0310e0024 -> R8 (kibot - v6_sch.py:2503)
DEBUG:- /1c4da6f2-0f6f-48bc-8419-b12d4d7ce31d -> R13 (kibot - v6_sch.py:2503)
DEBUG:- /287fcce2-7fc0-493d-9d4b-9d853b2b446b -> R1 (kibot - v6_sch.py:2503)
DEBUG:- /29965af1-73a9-4841-bc90-bf5a202501ef -> J5 (kibot - v6_sch.py:2503)
DEBUG:- /29eea12d-00dc-4558-856a-f11c9c24a67c -> R17 (kibot - v6_sch.py:2503)
DEBUG:- /2a1d15e8-f014-4167-9693-2a0d043194d8 -> C7 (kibot - v6_sch.py:2503)
DEBUG:- /2a30bf5f-c93c-49e8-946b-245ef37c324f -> R4 (kibot - v6_sch.py:2503)
DEBUG:- /2a341333-b4d0-4cba-95d9-7069de4a5eba -> #PWR019 (kibot - v6_sch.py:2503)
DEBUG:- /2d73de2a-a682-4185-8a53-d9f99d0608d7 -> U1 (kibot - v6_sch.py:2503)
DEBUG:- /2fc3c4a4-de37-444d-ba74-8600e2d07cd5 -> C5 (kibot - v6_sch.py:2503)
DEBUG:- /31d95672-692e-475a-b47c-5ef1eb60a2ee -> #PWR018 (kibot - v6_sch.py:2503)
DEBUG:- /3211fa72-d7f6-465b-bacb-5d15cadf544d -> R15 (kibot - v6_sch.py:2503)
DEBUG:- /33dc0598-a3b7-4547-b1c7-be3f278fae74 -> #PWR012 (kibot - v6_sch.py:2503)
DEBUG:- /3cb4ca4f-6dfe-4b33-9ade-bda2ae15e93e -> #PWR01 (kibot - v6_sch.py:2503)
DEBUG:- /3cda9c82-41f5-4230-a86b-f82e76a9af8b -> #PWR014 (kibot - v6_sch.py:2503)
DEBUG:- /3dc14004-9e58-483d-aab8-5c4f22b55c25 -> #PWR08 (kibot - v6_sch.py:2503)
DEBUG:- /48667111-47a3-4a2f-8d81-43cf60025841 -> #PWR010 (kibot - v6_sch.py:2503)
DEBUG:- /4bbb776e-c0cb-4fba-a91a-6eaabe985f79 -> C2 (kibot - v6_sch.py:2503)
DEBUG:- /553d2ac3-0fbe-496f-9a61-bda3fa672e33 -> #PWR02 (kibot - v6_sch.py:2503)
DEBUG:- /569d26aa-678a-4a75-89df-0ab066aee5bc -> #FLG02 (kibot - v6_sch.py:2503)
DEBUG:- /5a8d36c6-7ae6-4b84-b8df-7a420d0145a7 -> J3 (kibot - v6_sch.py:2503)
DEBUG:- /62d5af2e-7a67-4cac-92e4-cc4969ad4d8b -> #PWR05 (kibot - v6_sch.py:2503)
DEBUG:- /63f135e9-ba9e-4c2b-ac1f-7f226a5cccb9 -> LS1 (kibot - v6_sch.py:2503)
DEBUG:- /65c2bae6-911f-49a8-a330-f6027d371f14 -> J6 (kibot - v6_sch.py:2503)
DEBUG:- /689e59b2-6a0e-4f36-901b-828e7c05be21 -> R7 (kibot - v6_sch.py:2503)
DEBUG:- /690e8b56-305c-4068-84c5-0fb8b4f84db4 -> J4 (kibot - v6_sch.py:2503)
DEBUG:- /6af88551-7af2-4463-b394-2a6a7c2cacfb -> R24 (kibot - v6_sch.py:2503)
DEBUG:- /6c64bde6-04a5-45b4-af30-2760dea30232 -> J7 (kibot - v6_sch.py:2503)
DEBUG:- /7169aaa7-d9fa-4494-8c67-33b27dfd1186 -> R6 (kibot - v6_sch.py:2503)
DEBUG:- /7459da9d-f05a-4d8c-bdd5-0dd1e6d62bda -> #FLG01 (kibot - v6_sch.py:2503)
DEBUG:- /7483640c-5fd1-4808-b8cd-b4d817fa80ea -> #PWR011 (kibot - v6_sch.py:2503)
DEBUG:- /7504ad67-b71b-4429-917f-8574847b884c -> R16 (kibot - v6_sch.py:2503)
DEBUG:- /7872e9b9-8974-442a-8cd9-08565a7eebf1 -> R26 (kibot - v6_sch.py:2503)
DEBUG:- /798b9de1-0fd9-4fc7-afc4-d1c3dad41b40 -> #PWR03 (kibot - v6_sch.py:2503)
DEBUG:- /7fed6a36-4029-4b31-8fca-a8c6dffd545a -> R18 (kibot - v6_sch.py:2503)
DEBUG:- /8769bef9-042c-4652-ae41-b55a0503b380 -> #PWR016 (kibot - v6_sch.py:2503)
DEBUG:- /8aec6899-1b25-4f25-b803-2881dc3f216c -> R22 (kibot - v6_sch.py:2503)
DEBUG:- /8c53de39-6117-429a-91eb-5c52ec9bced0 -> J1 (kibot - v6_sch.py:2503)
DEBUG:- /8d174a40-8c6e-4708-8f7e-57fcabdee6c6 -> C4 (kibot - v6_sch.py:2503)
DEBUG:- /92936b72-77f6-4f2b-90d4-98490a4d23dc -> R9 (kibot - v6_sch.py:2503)
DEBUG:- /9375ee61-1488-4bf8-b87b-4f37986277ce -> #PWR09 (kibot - v6_sch.py:2503)
DEBUG:- /93f2264f-7b49-4679-a014-d5212d0ffe1e -> R3 (kibot - v6_sch.py:2503)
DEBUG:- /9419b931-67cb-4fbc-b647-fc059089cff3 -> R5 (kibot - v6_sch.py:2503)
DEBUG:- /9462334c-fc97-49f6-890e-fc9ee07529ae -> C6 (kibot - v6_sch.py:2503)
DEBUG:- /96d48e51-9f7b-46a1-aab0-e3b26762a92d -> R10 (kibot - v6_sch.py:2503)
DEBUG:- /99509f81-a468-4fdf-bf6d-4a1ef47f154e -> R2 (kibot - v6_sch.py:2503)
DEBUG:- /9c689ad6-a576-45a0-8d53-ad7cc266ef1c -> R12 (kibot - v6_sch.py:2503)
DEBUG:- /a2808c13-44ce-4482-be85-5f1d95d63bda -> R20 (kibot - v6_sch.py:2503)
DEBUG:- /a338b23b-bb25-4a13-952c-04360cb2dda2 -> J8 (kibot - v6_sch.py:2503)
DEBUG:- /bcf8d11e-640c-4502-8222-830344e5e664 -> #PWR013 (kibot - v6_sch.py:2503)
DEBUG:- /bdb57f18-ea0b-4bbb-9462-36afe5038abb -> #PWR04 (kibot - v6_sch.py:2503)
DEBUG:- /beb2fe4e-d21d-4df9-bb55-acfa5259d9ef -> U2 (kibot - v6_sch.py:2503)
DEBUG:- /c3d1dabe-821e-4729-a6f8-84d5a41ce7e0 -> R14 (kibot - v6_sch.py:2503)
DEBUG:- /ca713486-1b54-4b12-a3ff-acbd75f6969a -> J2 (kibot - v6_sch.py:2503)
DEBUG:- /cc08ad19-044c-4364-8cef-f63939f93174 -> #PWR015 (kibot - v6_sch.py:2503)
DEBUG:- /ceed1f30-dfca-4b4d-a071-a7b6d0e027e6 -> R11 (kibot - v6_sch.py:2503)
DEBUG:- /cfec3374-7482-4c77-b83e-aec2b7c0856d -> C1 (kibot - v6_sch.py:2503)
DEBUG:- /e0f94fd5-20c2-4bd0-b7a5-e2418a58a50a -> R25 (kibot - v6_sch.py:2503)
DEBUG:- /e28d0e9c-877b-4438-8f68-ce229981a66b -> C3 (kibot - v6_sch.py:2503)
DEBUG:- /e7d09a0b-21bb-4459-80a8-6d58a4649206 -> R19 (kibot - v6_sch.py:2503)
DEBUG:- /ec10bf5f-7f41-448e-a249-e5f070d201fc -> MK1 (kibot - v6_sch.py:2503)
DEBUG:- /fa164850-b193-423c-a629-9925cccd2bd5 -> #PWR07 (kibot - v6_sch.py:2503)
DEBUG:- /fd98f42a-6d2c-4662-b3e2-d24fbdc71641 -> #PWR06 (kibot - v6_sch.py:2503)
DEBUG:Collected sheet paths (kibot - v6_sch.py:2504)
DEBUG:- / (kibot - v6_sch.py:2506)
DEBUG:  - /009b273c-7d28-4e0a-99d3-fc16672a88db -> ?? (C_Polarized_Small_US ) (kibot - v6_sch.py:2508)
DEBUG:  - /026cb564-0159-408d-ac56-ed7932f31331 -> ?? (R_US ) (kibot - v6_sch.py:2508)
DEBUG:  - /028183cf-b775-47cb-b5fd-12f8399f2d80 -> ?? (GND ) (kibot - v6_sch.py:2508)
DEBUG:  - /0744d2a0-7698-4398-bff4-96530c85a088 -> ?? (R_US ) (kibot - v6_sch.py:2508)
DEBUG:  - /09c6cde9-293a-4ec3-a4ef-900cac3a49fd -> ?? (Arduino_UNO_R3 ) (kibot - v6_sch.py:2508)
DEBUG:  - /128f85d1-64f6-45da-84ac-15e0310e0024 -> ?? (R_US ) (kibot - v6_sch.py:2508)
DEBUG:  - /1c4da6f2-0f6f-48bc-8419-b12d4d7ce31d -> ?? (R_US ) (kibot - v6_sch.py:2508)
DEBUG:  - /287fcce2-7fc0-493d-9d4b-9d853b2b446b -> ?? (R_US ) (kibot - v6_sch.py:2508)
DEBUG:  - /29965af1-73a9-4841-bc90-bf5a202501ef -> ?? (Conn_01x02 ) (kibot - v6_sch.py:2508)
DEBUG:  - /29eea12d-00dc-4558-856a-f11c9c24a67c -> ?? (R_US ) (kibot - v6_sch.py:2508)
DEBUG:  - /2a1d15e8-f014-4167-9693-2a0d043194d8 -> ?? (C_Small ) (kibot - v6_sch.py:2508)
DEBUG:  - /2a30bf5f-c93c-49e8-946b-245ef37c324f -> ?? (R_US ) (kibot - v6_sch.py:2508)
DEBUG:  - /2a341333-b4d0-4cba-95d9-7069de4a5eba -> ?? (GND ) (kibot - v6_sch.py:2508)
DEBUG:  - /2d73de2a-a682-4185-8a53-d9f99d0608d7 -> ?? (OPAMP ) (kibot - v6_sch.py:2508)
DEBUG:  - /2fc3c4a4-de37-444d-ba74-8600e2d07cd5 -> ?? (C_Polarized_Small_US ) (kibot - v6_sch.py:2508)
DEBUG:  - /31d95672-692e-475a-b47c-5ef1eb60a2ee -> ?? (GND ) (kibot - v6_sch.py:2508)
DEBUG:  - /3211fa72-d7f6-465b-bacb-5d15cadf544d -> ?? (R_US ) (kibot - v6_sch.py:2508)
DEBUG:  - /33dc0598-a3b7-4547-b1c7-be3f278fae74 -> ?? (GND ) (kibot - v6_sch.py:2508)
DEBUG:  - /3cb4ca4f-6dfe-4b33-9ade-bda2ae15e93e -> ?? (GND ) (kibot - v6_sch.py:2508)
DEBUG:  - /3cda9c82-41f5-4230-a86b-f82e76a9af8b -> ?? (GND ) (kibot - v6_sch.py:2508)
DEBUG:  - /3dc14004-9e58-483d-aab8-5c4f22b55c25 -> ?? (VCC ) (kibot - v6_sch.py:2508)
DEBUG:  - /48667111-47a3-4a2f-8d81-43cf60025841 -> ?? (GND ) (kibot - v6_sch.py:2508)
DEBUG:  - /4bbb776e-c0cb-4fba-a91a-6eaabe985f79 -> ?? (C ) (kibot - v6_sch.py:2508)
DEBUG:  - /553d2ac3-0fbe-496f-9a61-bda3fa672e33 -> ?? (GND ) (kibot - v6_sch.py:2508)
DEBUG:  - /569d26aa-678a-4a75-89df-0ab066aee5bc -> ?? (PWR_FLAG ) (kibot - v6_sch.py:2508)
DEBUG:  - /5a8d36c6-7ae6-4b84-b8df-7a420d0145a7 -> ?? (Conn_01x01 ) (kibot - v6_sch.py:2508)
DEBUG:  - /62d5af2e-7a67-4cac-92e4-cc4969ad4d8b -> ?? (VCC ) (kibot - v6_sch.py:2508)
DEBUG:  - /63f135e9-ba9e-4c2b-ac1f-7f226a5cccb9 -> ?? (Speaker ) (kibot - v6_sch.py:2508)
DEBUG:  - /65c2bae6-911f-49a8-a330-f6027d371f14 -> ?? (Conn_01x02 ) (kibot - v6_sch.py:2508)
DEBUG:  - /689e59b2-6a0e-4f36-901b-828e7c05be21 -> ?? (R_US ) (kibot - v6_sch.py:2508)
DEBUG:  - /690e8b56-305c-4068-84c5-0fb8b4f84db4 -> ?? (Conn_01x01 ) (kibot - v6_sch.py:2508)
DEBUG:  - /6af88551-7af2-4463-b394-2a6a7c2cacfb -> ?? (R_US ) (kibot - v6_sch.py:2508)
DEBUG:  - /6c64bde6-04a5-45b4-af30-2760dea30232 -> ?? (Conn_01x03 ) (kibot - v6_sch.py:2508)
DEBUG:  - /7169aaa7-d9fa-4494-8c67-33b27dfd1186 -> ?? (R_US ) (kibot - v6_sch.py:2508)
DEBUG:  - /7459da9d-f05a-4d8c-bdd5-0dd1e6d62bda -> ?? (PWR_FLAG ) (kibot - v6_sch.py:2508)
DEBUG:  - /7483640c-5fd1-4808-b8cd-b4d817fa80ea -> ?? (GND ) (kibot - v6_sch.py:2508)
DEBUG:  - /7504ad67-b71b-4429-917f-8574847b884c -> ?? (R_US ) (kibot - v6_sch.py:2508)
DEBUG:  - /7872e9b9-8974-442a-8cd9-08565a7eebf1 -> ?? (R_US ) (kibot - v6_sch.py:2508)
DEBUG:  - /798b9de1-0fd9-4fc7-afc4-d1c3dad41b40 -> ?? (GND ) (kibot - v6_sch.py:2508)
DEBUG:  - /7fed6a36-4029-4b31-8fca-a8c6dffd545a -> ?? (R_US ) (kibot - v6_sch.py:2508)
DEBUG:  - /8769bef9-042c-4652-ae41-b55a0503b380 -> ?? (GND ) (kibot - v6_sch.py:2508)
DEBUG:  - /8aec6899-1b25-4f25-b803-2881dc3f216c -> ?? (R_US ) (kibot - v6_sch.py:2508)
DEBUG:  - /8c53de39-6117-429a-91eb-5c52ec9bced0 -> ?? (Conn_01x03 ) (kibot - v6_sch.py:2508)
DEBUG:  - /8d174a40-8c6e-4708-8f7e-57fcabdee6c6 -> ?? (C_Polarized_Small_US ) (kibot - v6_sch.py:2508)
DEBUG:  - /92936b72-77f6-4f2b-90d4-98490a4d23dc -> ?? (R_US ) (kibot - v6_sch.py:2508)
DEBUG:  - /9375ee61-1488-4bf8-b87b-4f37986277ce -> ?? (GND ) (kibot - v6_sch.py:2508)
DEBUG:  - /93f2264f-7b49-4679-a014-d5212d0ffe1e -> ?? (R_Potentiometer_US ) (kibot - v6_sch.py:2508)
DEBUG:  - /9419b931-67cb-4fbc-b647-fc059089cff3 -> ?? (R_US ) (kibot - v6_sch.py:2508)
DEBUG:  - /9462334c-fc97-49f6-890e-fc9ee07529ae -> ?? (C_Small ) (kibot - v6_sch.py:2508)
DEBUG:  - /96d48e51-9f7b-46a1-aab0-e3b26762a92d -> ?? (R_US ) (kibot - v6_sch.py:2508)
DEBUG:  - /99509f81-a468-4fdf-bf6d-4a1ef47f154e -> ?? (R_Potentiometer_US ) (kibot - v6_sch.py:2508)
DEBUG:  - /9c689ad6-a576-45a0-8d53-ad7cc266ef1c -> ?? (R_US ) (kibot - v6_sch.py:2508)
DEBUG:  - /a2808c13-44ce-4482-be85-5f1d95d63bda -> ?? (R_US ) (kibot - v6_sch.py:2508)
DEBUG:  - /a338b23b-bb25-4a13-952c-04360cb2dda2 -> ?? (AudioJack2_Ground ) (kibot - v6_sch.py:2508)
DEBUG:  - /bcf8d11e-640c-4502-8222-830344e5e664 -> ?? (VCC ) (kibot - v6_sch.py:2508)
DEBUG:  - /bdb57f18-ea0b-4bbb-9462-36afe5038abb -> ?? (GND ) (kibot - v6_sch.py:2508)
DEBUG:  - /beb2fe4e-d21d-4df9-bb55-acfa5259d9ef -> ?? (LM386 ) (kibot - v6_sch.py:2508)
DEBUG:  - /c3d1dabe-821e-4729-a6f8-84d5a41ce7e0 -> ?? (R_US ) (kibot - v6_sch.py:2508)
DEBUG:  - /ca713486-1b54-4b12-a3ff-acbd75f6969a -> ?? (Conn_01x02 ) (kibot - v6_sch.py:2508)
DEBUG:  - /cc08ad19-044c-4364-8cef-f63939f93174 -> ?? (GND ) (kibot - v6_sch.py:2508)
DEBUG:  - /ceed1f30-dfca-4b4d-a071-a7b6d0e027e6 -> ?? (R_US ) (kibot - v6_sch.py:2508)
DEBUG:  - /cfec3374-7482-4c77-b83e-aec2b7c0856d -> ?? (C_Polarized_Small_US ) (kibot - v6_sch.py:2508)
DEBUG:  - /e0f94fd5-20c2-4bd0-b7a5-e2418a58a50a -> ?? (R_Potentiometer_US ) (kibot - v6_sch.py:2508)
DEBUG:  - /e28d0e9c-877b-4438-8f68-ce229981a66b -> ?? (C_Polarized_Small_US ) (kibot - v6_sch.py:2508)
DEBUG:  - /e7d09a0b-21bb-4459-80a8-6d58a4649206 -> ?? (R_US ) (kibot - v6_sch.py:2508)
DEBUG:  - /ec10bf5f-7f41-448e-a249-e5f070d201fc -> ?? (Microphone ) (kibot - v6_sch.py:2508)
DEBUG:  - /fa164850-b193-423c-a629-9925cccd2bd5 -> ?? (VCC ) (kibot - v6_sch.py:2508)
DEBUG:  - /fd98f42a-6d2c-4662-b3e2-d24fbdc71641 -> ?? (GND ) (kibot - v6_sch.py:2508)
DEBUG:Assigning components to instances (kibot - v6_sch.py:2707)
DEBUG:- /009b273c-7d28-4e0a-99d3-fc16672a88db -> C8 -> 140338441377488 009b273c-7d28-4e0a-99d3-fc16672a88db (kibot - v6_sch.py:2749)
DEBUG:- /026cb564-0159-408d-ac56-ed7932f31331 -> R21 -> 140338441377808 026cb564-0159-408d-ac56-ed7932f31331 (kibot - v6_sch.py:2749)
DEBUG:- /028183cf-b775-47cb-b5fd-12f8399f2d80 -> #PWR017 -> 140338441378128 028183cf-b775-47cb-b5fd-12f8399f2d80 (kibot - v6_sch.py:2749)
DEBUG:- /0744d2a0-7698-4398-bff4-96530c85a088 -> R23 -> 140338441378448 0744d2a0-7698-4398-bff4-96530c85a088 (kibot - v6_sch.py:2749)
DEBUG:- /09c6cde9-293a-4ec3-a4ef-900cac3a49fd -> A1 -> 140338441378768 09c6cde9-293a-4ec3-a4ef-900cac3a49fd (kibot - v6_sch.py:2749)
DEBUG:- /128f85d1-64f6-45da-84ac-15e0310e0024 -> R8 -> 140338441379088 128f85d1-64f6-45da-84ac-15e0310e0024 (kibot - v6_sch.py:2749)
DEBUG:- /1c4da6f2-0f6f-48bc-8419-b12d4d7ce31d -> R13 -> 140338441379408 1c4da6f2-0f6f-48bc-8419-b12d4d7ce31d (kibot - v6_sch.py:2749)
DEBUG:- /287fcce2-7fc0-493d-9d4b-9d853b2b446b -> R1 -> 140338441379728 287fcce2-7fc0-493d-9d4b-9d853b2b446b (kibot - v6_sch.py:2749)
DEBUG:- /29965af1-73a9-4841-bc90-bf5a202501ef -> J5 -> 140338441380048 29965af1-73a9-4841-bc90-bf5a202501ef (kibot - v6_sch.py:2749)
DEBUG:- /29eea12d-00dc-4558-856a-f11c9c24a67c -> R17 -> 140338441380368 29eea12d-00dc-4558-856a-f11c9c24a67c (kibot - v6_sch.py:2749)
DEBUG:- /2a1d15e8-f014-4167-9693-2a0d043194d8 -> C7 -> 140338441380688 2a1d15e8-f014-4167-9693-2a0d043194d8 (kibot - v6_sch.py:2749)
DEBUG:- /2a30bf5f-c93c-49e8-946b-245ef37c324f -> R4 -> 140338441381008 2a30bf5f-c93c-49e8-946b-245ef37c324f (kibot - v6_sch.py:2749)
DEBUG:- /2a341333-b4d0-4cba-95d9-7069de4a5eba -> #PWR019 -> 140338441381328 2a341333-b4d0-4cba-95d9-7069de4a5eba (kibot - v6_sch.py:2749)
DEBUG:- /2d73de2a-a682-4185-8a53-d9f99d0608d7 -> U1 -> 140338441381648 2d73de2a-a682-4185-8a53-d9f99d0608d7 (kibot - v6_sch.py:2749)
DEBUG:- /2fc3c4a4-de37-444d-ba74-8600e2d07cd5 -> C5 -> 140338441381968 2fc3c4a4-de37-444d-ba74-8600e2d07cd5 (kibot - v6_sch.py:2749)
DEBUG:- /31d95672-692e-475a-b47c-5ef1eb60a2ee -> #PWR018 -> 140338441382288 31d95672-692e-475a-b47c-5ef1eb60a2ee (kibot - v6_sch.py:2749)
DEBUG:- /3211fa72-d7f6-465b-bacb-5d15cadf544d -> R15 -> 140338441382608 3211fa72-d7f6-465b-bacb-5d15cadf544d (kibot - v6_sch.py:2749)
DEBUG:- /33dc0598-a3b7-4547-b1c7-be3f278fae74 -> #PWR012 -> 140338441382928 33dc0598-a3b7-4547-b1c7-be3f278fae74 (kibot - v6_sch.py:2749)
DEBUG:- /3cb4ca4f-6dfe-4b33-9ade-bda2ae15e93e -> #PWR01 -> 140338441383248 3cb4ca4f-6dfe-4b33-9ade-bda2ae15e93e (kibot - v6_sch.py:2749)
DEBUG:- /3cda9c82-41f5-4230-a86b-f82e76a9af8b -> #PWR014 -> 140338441383568 3cda9c82-41f5-4230-a86b-f82e76a9af8b (kibot - v6_sch.py:2749)
DEBUG:- /3dc14004-9e58-483d-aab8-5c4f22b55c25 -> #PWR08 -> 140338441383888 3dc14004-9e58-483d-aab8-5c4f22b55c25 (kibot - v6_sch.py:2749)
DEBUG:- /48667111-47a3-4a2f-8d81-43cf60025841 -> #PWR010 -> 140338441384208 48667111-47a3-4a2f-8d81-43cf60025841 (kibot - v6_sch.py:2749)
DEBUG:- /4bbb776e-c0cb-4fba-a91a-6eaabe985f79 -> C2 -> 140338441384528 4bbb776e-c0cb-4fba-a91a-6eaabe985f79 (kibot - v6_sch.py:2749)
DEBUG:- /553d2ac3-0fbe-496f-9a61-bda3fa672e33 -> #PWR02 -> 140338441384848 553d2ac3-0fbe-496f-9a61-bda3fa672e33 (kibot - v6_sch.py:2749)
DEBUG:- /569d26aa-678a-4a75-89df-0ab066aee5bc -> #FLG02 -> 140338441385168 569d26aa-678a-4a75-89df-0ab066aee5bc (kibot - v6_sch.py:2749)
DEBUG:- /5a8d36c6-7ae6-4b84-b8df-7a420d0145a7 -> J3 -> 140338441385488 5a8d36c6-7ae6-4b84-b8df-7a420d0145a7 (kibot - v6_sch.py:2749)
DEBUG:- /62d5af2e-7a67-4cac-92e4-cc4969ad4d8b -> #PWR05 -> 140338441385808 62d5af2e-7a67-4cac-92e4-cc4969ad4d8b (kibot - v6_sch.py:2749)
DEBUG:- /63f135e9-ba9e-4c2b-ac1f-7f226a5cccb9 -> LS1 -> 140338441386128 63f135e9-ba9e-4c2b-ac1f-7f226a5cccb9 (kibot - v6_sch.py:2749)
DEBUG:- /65c2bae6-911f-49a8-a330-f6027d371f14 -> J6 -> 140338441386448 65c2bae6-911f-49a8-a330-f6027d371f14 (kibot - v6_sch.py:2749)
DEBUG:- /689e59b2-6a0e-4f36-901b-828e7c05be21 -> R7 -> 140338441386768 689e59b2-6a0e-4f36-901b-828e7c05be21 (kibot - v6_sch.py:2749)
DEBUG:- /690e8b56-305c-4068-84c5-0fb8b4f84db4 -> J4 -> 140338441387088 690e8b56-305c-4068-84c5-0fb8b4f84db4 (kibot - v6_sch.py:2749)
DEBUG:- /6af88551-7af2-4463-b394-2a6a7c2cacfb -> R24 -> 140338441387408 6af88551-7af2-4463-b394-2a6a7c2cacfb (kibot - v6_sch.py:2749)
DEBUG:- /6c64bde6-04a5-45b4-af30-2760dea30232 -> J7 -> 140338441387728 6c64bde6-04a5-45b4-af30-2760dea30232 (kibot - v6_sch.py:2749)
DEBUG:- /7169aaa7-d9fa-4494-8c67-33b27dfd1186 -> R6 -> 140338441683664 7169aaa7-d9fa-4494-8c67-33b27dfd1186 (kibot - v6_sch.py:2749)
DEBUG:- /7459da9d-f05a-4d8c-bdd5-0dd1e6d62bda -> #FLG01 -> 140338441683984 7459da9d-f05a-4d8c-bdd5-0dd1e6d62bda (kibot - v6_sch.py:2749)
DEBUG:- /7483640c-5fd1-4808-b8cd-b4d817fa80ea -> #PWR011 -> 140338441684304 7483640c-5fd1-4808-b8cd-b4d817fa80ea (kibot - v6_sch.py:2749)
DEBUG:- /7504ad67-b71b-4429-917f-8574847b884c -> R16 -> 140338441684624 7504ad67-b71b-4429-917f-8574847b884c (kibot - v6_sch.py:2749)
DEBUG:- /7872e9b9-8974-442a-8cd9-08565a7eebf1 -> R26 -> 140338441684944 7872e9b9-8974-442a-8cd9-08565a7eebf1 (kibot - v6_sch.py:2749)
DEBUG:- /798b9de1-0fd9-4fc7-afc4-d1c3dad41b40 -> #PWR03 -> 140338441685264 798b9de1-0fd9-4fc7-afc4-d1c3dad41b40 (kibot - v6_sch.py:2749)
DEBUG:- /7fed6a36-4029-4b31-8fca-a8c6dffd545a -> R18 -> 140338441685584 7fed6a36-4029-4b31-8fca-a8c6dffd545a (kibot - v6_sch.py:2749)
DEBUG:- /8769bef9-042c-4652-ae41-b55a0503b380 -> #PWR016 -> 140338441685904 8769bef9-042c-4652-ae41-b55a0503b380 (kibot - v6_sch.py:2749)
DEBUG:- /8aec6899-1b25-4f25-b803-2881dc3f216c -> R22 -> 140338441683344 8aec6899-1b25-4f25-b803-2881dc3f216c (kibot - v6_sch.py:2749)
DEBUG:- /8c53de39-6117-429a-91eb-5c52ec9bced0 -> J1 -> 140338441683024 8c53de39-6117-429a-91eb-5c52ec9bced0 (kibot - v6_sch.py:2749)
DEBUG:- /8d174a40-8c6e-4708-8f7e-57fcabdee6c6 -> C4 -> 140338441686224 8d174a40-8c6e-4708-8f7e-57fcabdee6c6 (kibot - v6_sch.py:2749)
DEBUG:- /92936b72-77f6-4f2b-90d4-98490a4d23dc -> R9 -> 140338441686544 92936b72-77f6-4f2b-90d4-98490a4d23dc (kibot - v6_sch.py:2749)
DEBUG:- /9375ee61-1488-4bf8-b87b-4f37986277ce -> #PWR09 -> 140338441686864 9375ee61-1488-4bf8-b87b-4f37986277ce (kibot - v6_sch.py:2749)
DEBUG:- /93f2264f-7b49-4679-a014-d5212d0ffe1e -> R3 -> 140338441687184 93f2264f-7b49-4679-a014-d5212d0ffe1e (kibot - v6_sch.py:2749)
DEBUG:- /9419b931-67cb-4fbc-b647-fc059089cff3 -> R5 -> 140338441687504 9419b931-67cb-4fbc-b647-fc059089cff3 (kibot - v6_sch.py:2749)
DEBUG:- /9462334c-fc97-49f6-890e-fc9ee07529ae -> C6 -> 140338441687824 9462334c-fc97-49f6-890e-fc9ee07529ae (kibot - v6_sch.py:2749)
DEBUG:- /96d48e51-9f7b-46a1-aab0-e3b26762a92d -> R10 -> 140338441688144 96d48e51-9f7b-46a1-aab0-e3b26762a92d (kibot - v6_sch.py:2749)
DEBUG:- /99509f81-a468-4fdf-bf6d-4a1ef47f154e -> R2 -> 140338441688464 99509f81-a468-4fdf-bf6d-4a1ef47f154e (kibot - v6_sch.py:2749)
DEBUG:- /9c689ad6-a576-45a0-8d53-ad7cc266ef1c -> R12 -> 140338441688784 9c689ad6-a576-45a0-8d53-ad7cc266ef1c (kibot - v6_sch.py:2749)
DEBUG:- /a2808c13-44ce-4482-be85-5f1d95d63bda -> R20 -> 140338441689104 a2808c13-44ce-4482-be85-5f1d95d63bda (kibot - v6_sch.py:2749)
DEBUG:- /a338b23b-bb25-4a13-952c-04360cb2dda2 -> J8 -> 140338441689424 a338b23b-bb25-4a13-952c-04360cb2dda2 (kibot - v6_sch.py:2749)
DEBUG:- /bcf8d11e-640c-4502-8222-830344e5e664 -> #PWR013 -> 140338441689744 bcf8d11e-640c-4502-8222-830344e5e664 (kibot - v6_sch.py:2749)
DEBUG:- /bdb57f18-ea0b-4bbb-9462-36afe5038abb -> #PWR04 -> 140338441690064 bdb57f18-ea0b-4bbb-9462-36afe5038abb (kibot - v6_sch.py:2749)
DEBUG:- /beb2fe4e-d21d-4df9-bb55-acfa5259d9ef -> U2 -> 140338441690384 beb2fe4e-d21d-4df9-bb55-acfa5259d9ef (kibot - v6_sch.py:2749)
DEBUG:- /c3d1dabe-821e-4729-a6f8-84d5a41ce7e0 -> R14 -> 140338441690704 c3d1dabe-821e-4729-a6f8-84d5a41ce7e0 (kibot - v6_sch.py:2749)
DEBUG:- /ca713486-1b54-4b12-a3ff-acbd75f6969a -> J2 -> 140338441691024 ca713486-1b54-4b12-a3ff-acbd75f6969a (kibot - v6_sch.py:2749)
DEBUG:- /cc08ad19-044c-4364-8cef-f63939f93174 -> #PWR015 -> 140338441691344 cc08ad19-044c-4364-8cef-f63939f93174 (kibot - v6_sch.py:2749)
DEBUG:- /ceed1f30-dfca-4b4d-a071-a7b6d0e027e6 -> R11 -> 140338441691664 ceed1f30-dfca-4b4d-a071-a7b6d0e027e6 (kibot - v6_sch.py:2749)
DEBUG:- /cfec3374-7482-4c77-b83e-aec2b7c0856d -> C1 -> 140338441691984 cfec3374-7482-4c77-b83e-aec2b7c0856d (kibot - v6_sch.py:2749)
DEBUG:- /e0f94fd5-20c2-4bd0-b7a5-e2418a58a50a -> R25 -> 140338441692304 e0f94fd5-20c2-4bd0-b7a5-e2418a58a50a (kibot - v6_sch.py:2749)
DEBUG:- /e28d0e9c-877b-4438-8f68-ce229981a66b -> C3 -> 140338441692624 e28d0e9c-877b-4438-8f68-ce229981a66b (kibot - v6_sch.py:2749)
DEBUG:- /e7d09a0b-21bb-4459-80a8-6d58a4649206 -> R19 -> 140338441692944 e7d09a0b-21bb-4459-80a8-6d58a4649206 (kibot - v6_sch.py:2749)
DEBUG:- /ec10bf5f-7f41-448e-a249-e5f070d201fc -> MK1 -> 140338441693264 ec10bf5f-7f41-448e-a249-e5f070d201fc (kibot - v6_sch.py:2749)
DEBUG:- /fa164850-b193-423c-a629-9925cccd2bd5 -> #PWR07 -> 140338441693584 fa164850-b193-423c-a629-9925cccd2bd5 (kibot - v6_sch.py:2749)
DEBUG:- /fd98f42a-6d2c-4662-b3e2-d24fbdc71641 -> #PWR06 -> 140338441693904 fd98f42a-6d2c-4662-b3e2-d24fbdc71641 (kibot - v6_sch.py:2749)
DEBUG:Schematic dependencies: ['/__w/iie_tp/iie_tp/iie_tp.kicad_sch'] (kibot - kiplot.py:291)
DEBUG:Expanding `Generated` in SCH context for erc: True (['HTML', 'RPT', 'JSON', 'CSV']) parent: None (kibot - optionable.py:493)
DEBUG:Current text variables: {} (kibot.gs - gs.py:281)
DEBUG:Expanded `Generated` (kibot - optionable.py:539)
DEBUG:Expanding `%f-%i%I%v.%x` in SCH context for erc: True (['HTML', 'RPT', 'JSON', 'CSV']) parent: None (kibot - optionable.py:493)
DEBUG:Expanded `iie_tp-erc.html` (kibot - optionable.py:539)
DEBUG:Expanding `%f-%i%I%v.%x` in SCH context for erc: True (['HTML', 'RPT', 'JSON', 'CSV']) parent: None (kibot - optionable.py:493)
DEBUG:Expanded `iie_tp-erc.rpt` (kibot - optionable.py:539)
DEBUG:Expanding `%f-%i%I%v.%x` in SCH context for erc: True (['HTML', 'RPT', 'JSON', 'CSV']) parent: None (kibot - optionable.py:493)
DEBUG:Expanded `iie_tp-erc.json` (kibot - optionable.py:539)
DEBUG:Expanding `%f-%i%I%v.%x` in SCH context for erc: True (['HTML', 'RPT', 'JSON', 'CSV']) parent: None (kibot - optionable.py:493)
DEBUG:Expanded `iie_tp-erc.csv` (kibot - optionable.py:539)
- Running the ERC
DEBUG:- Executing: kicad-cli sch erc -o /__w/iie_tp/iie_tp/Generated/iie_tp-erc.html --format json --severity-all --units mm /__w/iie_tp/iie_tp/iie_tp.kicad_sch (kibot - kiplot.py:159)
DEBUG:- Output from command: You have run CvPcb for the first time using the new footprint library table method for finding footprints.
CvPcb has either copied the default table or created an empty table in your home folder.
You must first configure the library table to include all footprint libraries not included with KiCad.
See the "Footprint Library Table" section of the CvPcb documentation for more information. Found 0 violations
Saved ERC Report to /__w/iie_tp/iie_tp/Generated/iie_tp-erc.html
 (kibot - kiplot.py:151)
DEBUG:Removing temporal files (kibot.pre_any_xrc - pre_any_xrc.py:314)
DEBUG:Outputs after preflights: ['_macrofab_xyrs', 'generic_bom_html', 'generic_bom_csv', 'generic_bom_hrtxt', 'generic_bom_tsv', 'generic_bom_xml', 'generic_bom_xlsx', 'costs_bom_xlsx', 'kicad_internal_bom', 'basic_diff_sch', 'basic_download_datasheets', 'basic_dxf_sch_print', 'basic_hpgl_sch_print', 'basic_kicanvas', 'basic_navigate_results_rb', 'basic_pdf_sch_print', 'basic_ps_sch_print', 'basic_svg_sch_print'] (kibot - kiplot.py:706)
DEBUG:Outputs after sorting: ['_macrofab_xyrs', 'generic_bom_html', 'generic_bom_csv', 'generic_bom_hrtxt', 'generic_bom_tsv', 'generic_bom_xml', 'generic_bom_xlsx', 'costs_bom_xlsx', 'kicad_internal_bom', 'basic_diff_sch', 'basic_download_datasheets', 'basic_dxf_sch_print', 'basic_hpgl_sch_print', 'basic_kicanvas', 'basic_pdf_sch_print', 'basic_ps_sch_print', 'basic_svg_sch_print', 'basic_navigate_results_rb'] (kibot - kiplot.py:710)
DEBUG:Using global `output`=`%f-%i%I%v.%x` (kibot - optionable.py:58)
DEBUG:Creating internal filter: {'name': '_mechanical', 'type': 'generic', 'comment': 'Internal default mechanical filter', 'exclude_all_hash_ref': True, 'exclude_any': [{'column': 'References', 'regex': '^TP[0-9]*'}, {'column': 'References', 'regex': '^FID'}, {'column': 'Part', 'regex': '^mount.*hole'}, {'column': 'Part', 'regex': 'solder.*bridge'}, {'column': 'Part', 'regex': 'solder.*jump'}, {'column': 'Part', 'regex': 'test.*point'}, {'column': 'Footprint', 'regex': 'test.*point'}, {'column': 'Footprint', 'regex': '^mount.*hole'}, {'column': 'Footprint', 'regex': 'fiducial'}], 'exclude_virtual': True} (kibot - fil_base.py:262)
DEBUG:Creating internal filter: {'name': '_kibom_dnf_config', 'type': 'generic', 'comment': 'Internal KiBoM DNF filter (config)', 'config_field': 'config', 'exclude_value': True, 'exclude_config': True, 'keys': 'dnf_list'} (kibot - fil_base.py:281)
DEBUG:Creating internal filter: {'name': '_kibom_dnc_config', 'type': 'generic', 'comment': 'Internal KiBoM DNC filter (config)', 'config_field': 'config', 'exclude_value': True, 'exclude_config': True, 'keys': 'dnc_list', 'invert': True} (kibot - fil_base.py:281)
DEBUG:Creating internal filter: {'name': '_kicost_rename', 'type': 'field_rename', 'comment': 'Internal filter to emulate KiCost field aliases', 'rename': [{'field': 'mpn', 'name': 'manf#'}, {'field': 'pn', 'name': 'manf#'}, {'field': 'manf_num', 'name': 'manf#'}, {'field': 'manf-num', 'name': 'manf#'}, {'field': 'mfg_num', 'name': 'manf#'}, {'field': 'mfg-num', 'name': 'manf#'}, {'field': 'mfg#', 'name': 'manf#'}, {'field': 'mfg part#', 'name': 'manf#'}, {'field': 'man_num', 'name': 'manf#'}, {'field': 'man-num', 'name': 'manf#'}, {'field': 'man#', 'name': 'manf#'}, {'field': 'mnf_num', 'name': 'manf#'}, {'field': 'mnf-num', 'name': 'manf#'}, {'field': 'mnf#', 'name': 'manf#'}, {'field': 'mfr_num', 'name': 'manf#'}, {'field': 'mfr-num', 'name': 'manf#'}, {'field': 'mfr#', 'name': 'manf#'}, {'field': 'part-num', 'name': 'manf#'}, {'field': 'part_num', 'name': 'manf#'}, {'field': 'p#', 'name': 'manf#'}, {'field': 'part#', 'name': 'manf#'}, {'field': 'manufacturer', 'name': 'manf'}, {'field': 'mnf', 'name': 'manf'}, {'field': 'man', 'name': 'manf'}, {'field': 'mfg', 'name': 'manf'}, {'field': 'mfr', 'name': 'manf'}, {'field': 'version', 'name': 'variant'}, {'field': 'nopop', 'name': 'dnp'}, {'field': 'description', 'name': 'desc'}, {'field': 'pdf', 'name': 'datasheet'}, {'field': 'arrowpart#', 'name': 'arrow#'}, {'field': 'arrow_part#', 'name': 'arrow#'}, {'field': 'arrow-part#', 'name': 'arrow#'}, {'field': 'digikeypart#', 'name': 'digikey#'}, {'field': 'digikey_part#', 'name': 'digikey#'}, {'field': 'digikey-part#', 'name': 'digikey#'}, {'field': 'farnellpart#', 'name': 'farnell#'}, {'field': 'farnell_part#', 'name': 'farnell#'}, {'field': 'farnell-part#', 'name': 'farnell#'}, {'field': 'lcscpart#', 'name': 'lcsc#'}, {'field': 'lcsc_part#', 'name': 'lcsc#'}, {'field': 'lcsc-part#', 'name': 'lcsc#'}, {'field': 'mouserpart#', 'name': 'mouser#'}, {'field': 'mouser_part#', 'name': 'mouser#'}, {'field': 'mouser-part#', 'name': 'mouser#'}, {'field': 'newarkpart#', 'name': 'newark#'}, {'field': 'newark_part#', 'name': 'newark#'}, {'field': 'newark-part#', 'name': 'newark#'}, {'field': 'rspart#', 'name': 'rs#'}, {'field': 'rs_part#', 'name': 'rs#'}, {'field': 'rs-part#', 'name': 'rs#'}, {'field': 'tmepart#', 'name': 'tme#'}, {'field': 'tme_part#', 'name': 'tme#'}, {'field': 'tme-part#', 'name': 'tme#'}, {'field': 'arrow_#', 'name': 'arrow#'}, {'field': 'arrow-#', 'name': 'arrow#'}, {'field': 'digikey_#', 'name': 'digikey#'}, {'field': 'digikey-#', 'name': 'digikey#'}, {'field': 'farnell_#', 'name': 'farnell#'}, {'field': 'farnell-#', 'name': 'farnell#'}, {'field': 'lcsc_#', 'name': 'lcsc#'}, {'field': 'lcsc-#', 'name': 'lcsc#'}, {'field': 'mouser_#', 'name': 'mouser#'}, {'field': 'mouser-#', 'name': 'mouser#'}, {'field': 'newark_#', 'name': 'newark#'}, {'field': 'newark-#', 'name': 'newark#'}, {'field': 'rs_#', 'name': 'rs#'}, {'field': 'rs-#', 'name': 'rs#'}, {'field': 'tme_#', 'name': 'tme#'}, {'field': 'tme-#', 'name': 'tme#'}, {'field': 'arrowp#', 'name': 'arrow#'}, {'field': 'arrow_p#', 'name': 'arrow#'}, {'field': 'arrow-p#', 'name': 'arrow#'}, {'field': 'digikeyp#', 'name': 'digikey#'}, {'field': 'digikey_p#', 'name': 'digikey#'}, {'field': 'digikey-p#', 'name': 'digikey#'}, {'field': 'farnellp#', 'name': 'farnell#'}, {'field': 'farnell_p#', 'name': 'farnell#'}, {'field': 'farnell-p#', 'name': 'farnell#'}, {'field': 'lcscp#', 'name': 'lcsc#'}, {'field': 'lcsc_p#', 'name': 'lcsc#'}, {'field': 'lcsc-p#', 'name': 'lcsc#'}, {'field': 'mouserp#', 'name': 'mouser#'}, {'field': 'mouser_p#', 'name': 'mouser#'}, {'field': 'mouser-p#', 'name': 'mouser#'}, {'field': 'newarkp#', 'name': 'newark#'}, {'field': 'newark_p#', 'name': 'newark#'}, {'field': 'newark-p#', 'name': 'newark#'}, {'field': 'rsp#', 'name': 'rs#'}, {'field': 'rs_p#', 'name': 'rs#'}, {'field': 'rs-p#', 'name': 'rs#'}, {'field': 'tmep#', 'name': 'tme#'}, {'field': 'tme_p#', 'name': 'tme#'}, {'field': 'tme-p#', 'name': 'tme#'}, {'field': 'arrowpn', 'name': 'arrow#'}, {'field': 'arrow_pn', 'name': 'arrow#'}, {'field': 'arrow-pn', 'name': 'arrow#'}, {'field': 'digikeypn', 'name': 'digikey#'}, {'field': 'digikey_pn', 'name': 'digikey#'}, {'field': 'digikey-pn', 'name': 'digikey#'}, {'field': 'farnellpn', 'name': 'farnell#'}, {'field': 'farnell_pn', 'name': 'farnell#'}, {'field': 'farnell-pn', 'name': 'farnell#'}, {'field': 'lcscpn', 'name': 'lcsc#'}, {'field': 'lcsc_pn', 'name': 'lcsc#'}, {'field': 'lcsc-pn', 'name': 'lcsc#'}, {'field': 'mouserpn', 'name': 'mouser#'}, {'field': 'mouser_pn', 'name': 'mouser#'}, {'field': 'mouser-pn', 'name': 'mouser#'}, {'field': 'newarkpn', 'name': 'newark#'}, {'field': 'newark_pn', 'name': 'newark#'}, {'field': 'newark-pn', 'name': 'newark#'}, {'field': 'rspn', 'name': 'rs#'}, {'field': 'rs_pn', 'name': 'rs#'}, {'field': 'rs-pn', 'name': 'rs#'}, {'field': 'tmepn', 'name': 'tme#'}, {'field': 'tme_pn', 'name': 'tme#'}, {'field': 'tme-pn', 'name': 'tme#'}, {'field': 'arrowvendor#', 'name': 'arrow#'}, {'field': 'arrow_vendor#', 'name': 'arrow#'}, {'field': 'arrow-vendor#', 'name': 'arrow#'}, {'field': 'digikeyvendor#', 'name': 'digikey#'}, {'field': 'digikey_vendor#', 'name': 'digikey#'}, {'field': 'digikey-vendor#', 'name': 'digikey#'}, {'field': 'farnellvendor#', 'name': 'farnell#'}, {'field': 'farnell_vendor#', 'name': 'farnell#'}, {'field': 'farnell-vendor#', 'name': 'farnell#'}, {'field': 'lcscvendor#', 'name': 'lcsc#'}, {'field': 'lcsc_vendor#', 'name': 'lcsc#'}, {'field': 'lcsc-vendor#', 'name': 'lcsc#'}, {'field': 'mouservendor#', 'name': 'mouser#'}, {'field': 'mouser_vendor#', 'name': 'mouser#'}, {'field': 'mouser-vendor#', 'name': 'mouser#'}, {'field': 'newarkvendor#', 'name': 'newark#'}, {'field': 'newark_vendor#', 'name': 'newark#'}, {'field': 'newark-vendor#', 'name': 'newark#'}, {'field': 'rsvendor#', 'name': 'rs#'}, {'field': 'rs_vendor#', 'name': 'rs#'}, {'field': 'rs-vendor#', 'name': 'rs#'}, {'field': 'tmevendor#', 'name': 'tme#'}, {'field': 'tme_vendor#', 'name': 'tme#'}, {'field': 'tme-vendor#', 'name': 'tme#'}, {'field': 'arrowvp#', 'name': 'arrow#'}, {'field': 'arrow_vp#', 'name': 'arrow#'}, {'field': 'arrow-vp#', 'name': 'arrow#'}, {'field': 'digikeyvp#', 'name': 'digikey#'}, {'field': 'digikey_vp#', 'name': 'digikey#'}, {'field': 'digikey-vp#', 'name': 'digikey#'}, {'field': 'farnellvp#', 'name': 'farnell#'}, {'field': 'farnell_vp#', 'name': 'farnell#'}, {'field': 'farnell-vp#', 'name': 'farnell#'}, {'field': 'lcscvp#', 'name': 'lcsc#'}, {'field': 'lcsc_vp#', 'name': 'lcsc#'}, {'field': 'lcsc-vp#', 'name': 'lcsc#'}, {'field': 'mouservp#', 'name': 'mouser#'}, {'field': 'mouser_vp#', 'name': 'mouser#'}, {'field': 'mouser-vp#', 'name': 'mouser#'}, {'field': 'newarkvp#', 'name': 'newark#'}, {'field': 'newark_vp#', 'name': 'newark#'}, {'field': 'newark-vp#', 'name': 'newark#'}, {'field': 'rsvp#', 'name': 'rs#'}, {'field': 'rs_vp#', 'name': 'rs#'}, {'field': 'rs-vp#', 'name': 'rs#'}, {'field': 'tmevp#', 'name': 'tme#'}, {'field': 'tme_vp#', 'name': 'tme#'}, {'field': 'tme-vp#', 'name': 'tme#'}, {'field': 'arrowvpn', 'name': 'arrow#'}, {'field': 'arrow_vpn', 'name': 'arrow#'}, {'field': 'arrow-vpn', 'name': 'arrow#'}, {'field': 'digikeyvpn', 'name': 'digikey#'}, {'field': 'digikey_vpn', 'name': 'digikey#'}, {'field': 'digikey-vpn', 'name': 'digikey#'}, {'field': 'farnellvpn', 'name': 'farnell#'}, {'field': 'farnell_vpn', 'name': 'farnell#'}, {'field': 'farnell-vpn', 'name': 'farnell#'}, {'field': 'lcscvpn', 'name': 'lcsc#'}, {'field': 'lcsc_vpn', 'name': 'lcsc#'}, {'field': 'lcsc-vpn', 'name': 'lcsc#'}, {'field': 'mouservpn', 'name': 'mouser#'}, {'field': 'mouser_vpn', 'name': 'mouser#'}, {'field': 'mouser-vpn', 'name': 'mouser#'}, {'field': 'newarkvpn', 'name': 'newark#'}, {'field': 'newark_vpn', 'name': 'newark#'}, {'field': 'newark-vpn', 'name': 'newark#'}, {'field': 'rsvpn', 'name': 'rs#'}, {'field': 'rs_vpn', 'name': 'rs#'}, {'field': 'rs-vpn', 'name': 'rs#'}, {'field': 'tmevpn', 'name': 'tme#'}, {'field': 'tme_vpn', 'name': 'tme#'}, {'field': 'tme-vpn', 'name': 'tme#'}, {'field': 'arrownum', 'name': 'arrow#'}, {'field': 'arrow_num', 'name': 'arrow#'}, {'field': 'arrow-num', 'name': 'arrow#'}, {'field': 'digikeynum', 'name': 'digikey#'}, {'field': 'digikey_num', 'name': 'digikey#'}, {'field': 'digikey-num', 'name': 'digikey#'}, {'field': 'farnellnum', 'name': 'farnell#'}, {'field': 'farnell_num', 'name': 'farnell#'}, {'field': 'farnell-num', 'name': 'farnell#'}, {'field': 'lcscnum', 'name': 'lcsc#'}, {'field': 'lcsc_num', 'name': 'lcsc#'}, {'field': 'lcsc-num', 'name': 'lcsc#'}, {'field': 'mousernum', 'name': 'mouser#'}, {'field': 'mouser_num', 'name': 'mouser#'}, {'field': 'mouser-num', 'name': 'mouser#'}, {'field': 'newarknum', 'name': 'newark#'}, {'field': 'newark_num', 'name': 'newark#'}, {'field': 'newark-num', 'name': 'newark#'}, {'field': 'rsnum', 'name': 'rs#'}, {'field': 'rs_num', 'name': 'rs#'}, {'field': 'rs-num', 'name': 'rs#'}, {'field': 'tmenum', 'name': 'tme#'}, {'field': 'tme_num', 'name': 'tme#'}, {'field': 'tme-num', 'name': 'tme#'}]} (kibot - fil_base.py:301)
DEBUG:Creating internal filter: {'type': 'rot_footprint', 'comment': 'Internal default footprint rotator', 'name': '_rot_footprint'} (kibot - fil_base.py:333)
DEBUG:Final rotations list: (kibot - fil_rot_footprint.py:196)
DEBUG:footprint matches re.compile('^R_Array_Convex_') => rotate 90.0 move 0.0,0.0 (kibot - fil_rot_footprint.py:198)
DEBUG:footprint matches re.compile('^R_Array_Concave_') => rotate 90.0 move 0.0,0.0 (kibot - fil_rot_footprint.py:198)
DEBUG:footprint matches re.compile('^SOT-143') => rotate 180.0 move 0.0,0.0 (kibot - fil_rot_footprint.py:198)
DEBUG:footprint matches re.compile('^SOT-223') => rotate 180.0 move 0.0,0.0 (kibot - fil_rot_footprint.py:198)
DEBUG:footprint matches re.compile('^SOT-23') => rotate 180.0 move 0.0,0.0 (kibot - fil_rot_footprint.py:198)
DEBUG:footprint matches re.compile('^SOT-353') => rotate 180.0 move 0.0,0.0 (kibot - fil_rot_footprint.py:198)
DEBUG:footprint matches re.compile('^SOT-363') => rotate 180.0 move 0.0,0.0 (kibot - fil_rot_footprint.py:198)
DEBUG:footprint matches re.compile('^SOT-89') => rotate 180.0 move 0.0,0.0 (kibot - fil_rot_footprint.py:198)
DEBUG:footprint matches re.compile('^D_SOT-23') => rotate 180.0 move 0.0,0.0 (kibot - fil_rot_footprint.py:198)
DEBUG:footprint matches re.compile('^TSOT-23') => rotate 180.0 move 0.0,0.0 (kibot - fil_rot_footprint.py:198)
DEBUG:footprint matches re.compile('^CP_EIA-') => rotate 180.0 move 0.0,0.0 (kibot - fil_rot_footprint.py:198)
DEBUG:footprint matches re.compile('^CP_Elec_') => rotate 180.0 move 0.0,0.0 (kibot - fil_rot_footprint.py:198)
DEBUG:footprint matches re.compile('^C_Elec_') => rotate 180.0 move 0.0,0.0 (kibot - fil_rot_footprint.py:198)
DEBUG:footprint matches re.compile('^QFN-') => rotate 270.0 move 0.0,0.0 (kibot - fil_rot_footprint.py:198)
DEBUG:footprint matches re.compile('^(.*?_|V)?QFN-(16|20|24|28|40)(-|_|$)') => rotate 270.0 move 0.0,0.0 (kibot - fil_rot_footprint.py:198)
DEBUG:footprint matches re.compile('^DFN-') => rotate 270.0 move 0.0,0.0 (kibot - fil_rot_footprint.py:198)
DEBUG:footprint matches re.compile('^LQFP-') => rotate 270.0 move 0.0,0.0 (kibot - fil_rot_footprint.py:198)
DEBUG:footprint matches re.compile('^TQFP-') => rotate 270.0 move 0.0,0.0 (kibot - fil_rot_footprint.py:198)
DEBUG:footprint matches re.compile('^SOP-(?!(18_|4_))') => rotate 270.0 move 0.0,0.0 (kibot - fil_rot_footprint.py:198)
DEBUG:footprint matches re.compile('^MSOP-') => rotate 270.0 move 0.0,0.0 (kibot - fil_rot_footprint.py:198)
DEBUG:footprint matches re.compile('^TSSOP-') => rotate 270.0 move 0.0,0.0 (kibot - fil_rot_footprint.py:198)
DEBUG:footprint matches re.compile('^HTSSOP-') => rotate 270.0 move 0.0,0.0 (kibot - fil_rot_footprint.py:198)
DEBUG:footprint matches re.compile('^SSOP-') => rotate 270.0 move 0.0,0.0 (kibot - fil_rot_footprint.py:198)
DEBUG:footprint matches re.compile('^SOIC-') => rotate 270.0 move 0.0,0.0 (kibot - fil_rot_footprint.py:198)
DEBUG:footprint matches re.compile('^SO-') => rotate 270.0 move 0.0,0.0 (kibot - fil_rot_footprint.py:198)
DEBUG:footprint matches re.compile('^SOIC127P798X216-8N') => rotate 270.0 move 0.0,0.0 (kibot - fil_rot_footprint.py:198)
DEBUG:footprint matches re.compile('^VSSOP-8_3.0x3.0mm_P0.65mm') => rotate 270.0 move 0.0,0.0 (kibot - fil_rot_footprint.py:198)
DEBUG:footprint matches re.compile('^VSSOP-8_') => rotate 180.0 move 0.0,0.0 (kibot - fil_rot_footprint.py:198)
DEBUG:footprint matches re.compile('^VSSOP-10_') => rotate 270.0 move 0.0,0.0 (kibot - fil_rot_footprint.py:198)
DEBUG:footprint matches re.compile('^VSON-8_') => rotate 270.0 move 0.0,0.0 (kibot - fil_rot_footprint.py:198)
DEBUG:footprint matches re.compile('^TSOP-6') => rotate 270.0 move 0.0,0.0 (kibot - fil_rot_footprint.py:198)
DEBUG:footprint matches re.compile('^UDFN-10') => rotate 270.0 move 0.0,0.0 (kibot - fil_rot_footprint.py:198)
DEBUG:footprint matches re.compile('^USON-10') => rotate 270.0 move 0.0,0.0 (kibot - fil_rot_footprint.py:198)
DEBUG:footprint matches re.compile('^TDSON-8-1') => rotate 270.0 move 0.0,0.0 (kibot - fil_rot_footprint.py:198)
DEBUG:footprint matches re.compile('^LED_WS2812B_PLCC4') => rotate 180.0 move 0.0,0.0 (kibot - fil_rot_footprint.py:198)
DEBUG:footprint matches re.compile('^LED_WS2812B-2020_PLCC4_2.0x2.0mm') => rotate 90.0 move 0.0,0.0 (kibot - fil_rot_footprint.py:198)
DEBUG:footprint matches re.compile('^Bosch_LGA-') => rotate 90.0 move 0.0,0.0 (kibot - fil_rot_footprint.py:198)
DEBUG:footprint matches re.compile('^PowerPAK_SO-8_Single') => rotate 270.0 move 0.0,0.0 (kibot - fil_rot_footprint.py:198)
DEBUG:footprint matches re.compile('^PUIAudio_SMT_0825_S_4_R*') => rotate 270.0 move 0.0,0.0 (kibot - fil_rot_footprint.py:198)
DEBUG:footprint matches re.compile('^USB_C_Receptacle_HRO_TYPE-C-31-M-12*') => rotate 180.0 move 0.0,0.0 (kibot - fil_rot_footprint.py:198)
DEBUG:footprint matches re.compile('^ESP32-W') => rotate 270.0 move 0.0,0.0 (kibot - fil_rot_footprint.py:198)
DEBUG:footprint matches re.compile('^SW_DIP_SPSTx01_Slide_Copal_CHS-01B_W7.62mm_P1.27mm') => rotate -180.0 move 0.0,0.0 (kibot - fil_rot_footprint.py:198)
DEBUG:footprint matches re.compile('^BatteryHolder_Keystone_1060_1x2032') => rotate -180.0 move 0.0,0.0 (kibot - fil_rot_footprint.py:198)
DEBUG:footprint matches re.compile('^Relay_DPDT_Omron_G6K-2F-Y') => rotate 270.0 move 0.0,0.0 (kibot - fil_rot_footprint.py:198)
DEBUG:footprint matches re.compile('^RP2040-QFN-56') => rotate 270.0 move 0.0,0.0 (kibot - fil_rot_footprint.py:198)
DEBUG:footprint matches re.compile('^TO-277') => rotate 90.0 move 0.0,0.0 (kibot - fil_rot_footprint.py:198)
DEBUG:footprint matches re.compile('^SW_SPST_B3') => rotate 90.0 move 0.0,0.0 (kibot - fil_rot_footprint.py:198)
DEBUG:footprint matches re.compile('^Transformer_Ethernet_Pulse_HX0068ANL') => rotate 270.0 move 0.0,0.0 (kibot - fil_rot_footprint.py:198)
DEBUG:footprint matches re.compile('^JST_GH_SM') => rotate 180.0 move 0.0,0.0 (kibot - fil_rot_footprint.py:198)
DEBUG:footprint matches re.compile('^JST_PH_S') => rotate 180.0 move 0.0,0.0 (kibot - fil_rot_footprint.py:198)
DEBUG:footprint matches re.compile('^Diodes_PowerDI3333-8') => rotate 270.0 move 0.0,0.0 (kibot - fil_rot_footprint.py:198)
DEBUG:footprint matches re.compile('^Quectel_L80-R') => rotate 270.0 move 0.0,0.0 (kibot - fil_rot_footprint.py:198)
DEBUG:footprint matches re.compile('^SC-74-6') => rotate 180.0 move 0.0,0.0 (kibot - fil_rot_footprint.py:198)
DEBUG:footprint matches re.compile('^PinHeader_2x05_P1\\.27mm_Vertical') => rotate -90.0 move 0.0,0.0 (kibot - fil_rot_footprint.py:198)
DEBUG:footprint matches re.compile('^PinHeader_2x03_P1\\.27mm_Vertical') => rotate -90.0 move 0.0,0.0 (kibot - fil_rot_footprint.py:198)
DEBUG:Final offsets list: (kibot - fil_rot_footprint.py:199)
DEBUG:footprint matches re.compile('^USB_C_Receptacle_XKB_U262-16XN-4BVC11') => rotate 0.0 move 0.0,-1.44 (kibot - fil_rot_footprint.py:201)
DEBUG:footprint matches re.compile('^PinHeader_2x05_P1\\.27mm_Vertical') => rotate 0.0 move -2.54,-0.635 (kibot - fil_rot_footprint.py:201)
DEBUG:footprint matches re.compile('^PinHeader_2x03_P1\\.27mm_Vertical') => rotate 0.0 move -1.27,-0.635 (kibot - fil_rot_footprint.py:201)
DEBUG:Creating internal filter: {'comment': 'Internal filter for only SMD parts', 'type': 'generic', 'exclude_virtual': True, 'exclude_tht': True, 'name': '_only_smd'} (kibot - fil_base.py:333)
DEBUG:Valid columns: ['Row', 'Description', 'Part', 'Part Lib', 'References', 'Value', 'Footprint', 'Footprint Lib', 'Quantity Per PCB', 'Build Quantity', 'Status', 'Datasheet', 'Sheetpath', 'Source BoM', 'Reference', 'Sim.Pins', 'Sim.Device', 'Sim.Library', 'Sim.Name'] (19) (kibot - out_bom.py:697)
DEBUG:Valid columns: ['Row', 'Description', 'Part', 'Part Lib', 'References', 'Value', 'Footprint', 'Footprint Lib', 'Quantity Per PCB', 'Build Quantity', 'Status', 'Datasheet', 'Sheetpath', 'Source BoM', 'Reference', 'Sim.Pins', 'Sim.Device', 'Sim.Library', 'Sim.Name'] (19) (kibot - out_bom.py:697)
- 'Pick and place file, XYRS style' (_macrofab_xyrs) [bom]
DEBUG:Expanding `Generated/.` in SCH context for <kibot.out_bom.BoMOptions object at 0x7fa3171fe510> parent: 'Pick and place file, XYRS style' (_macrofab_xyrs) [bom] (kibot - optionable.py:493)
DEBUG:Expanded `Generated/.` (kibot - optionable.py:539)
DEBUG:Output destination: /__w/iie_tp/iie_tp/Generated (kibot - kiplot.py:565)
DEBUG:Expanding `%f-%i%I%v_MacroFab.XYRS` in SCH context for <kibot.out_bom.BoMOptions object at 0x7fa3171fe510> parent: 'Pick and place file, XYRS style' (_macrofab_xyrs) [bom] (kibot - optionable.py:493)
DEBUG:Expanded `iie_tp-bom_MacroFab.XYRS` (kibot - optionable.py:539)
DEBUG:Before collapse: (kibot - v5_sch.py:1717)
DEBUG:C8 (C_Polarized_Small_US): 1 {'Reference': 'C8', 'Value': 'C_Polarized_Small_US', 'Footprint': '', 'Datasheet': '~', 'Description': 'Polarized capacitor, small US symbol', 'part': 'C_Polarized_Small_US'} (kibot - v5_sch.py:1720)
DEBUG:R21 (R_US 2k2): 1 {'Reference': 'R21', 'Value': '2k2', 'Footprint': '', 'Datasheet': '~', 'Description': 'Resistor, US symbol', 'part': 'R_US'} (kibot - v5_sch.py:1720)
DEBUG:R23 (R_US 2k2): 1 {'Reference': 'R23', 'Value': '2k2', 'Footprint': '', 'Datasheet': '~', 'Description': 'Resistor, US symbol', 'part': 'R_US'} (kibot - v5_sch.py:1720)
DEBUG:A1 (Arduino_UNO_R3): 1 {'Reference': 'A1', 'Value': 'Arduino_UNO_R3', 'Footprint': 'Module:Arduino_UNO_R3', 'Datasheet': 'https://www.arduino.cc/en/Main/arduinoBoardUno', 'Description': 'Arduino UNO Microcontroller Module, release 3', 'part': 'Arduino_UNO_R3'} (kibot - v5_sch.py:1720)
DEBUG:R8 (R_US 2k2): 1 {'Reference': 'R8', 'Value': '2k2', 'Footprint': '', 'Datasheet': '~', 'Description': 'Resistor, US symbol', 'part': 'R_US'} (kibot - v5_sch.py:1720)
DEBUG:R13 (R_US 2k2): 1 {'Reference': 'R13', 'Value': '2k2', 'Footprint': '', 'Datasheet': '~', 'Description': 'Resistor, US symbol', 'part': 'R_US'} (kibot - v5_sch.py:1720)
DEBUG:R1 (R_US 4k7): 1 {'Reference': 'R1', 'Value': '4k7', 'Footprint': 'Resistor_THT:R_Axial_Power_L25.0mm_W6.4mm_P27.94mm', 'Datasheet': '~', 'Description': 'Resistor, US symbol', 'part': 'R_US'} (kibot - v5_sch.py:1720)
DEBUG:J5 (Conn_01x02): 1 {'Reference': 'J5', 'Value': 'Conn_01x02', 'Footprint': 'Connector_Phoenix_SPT:PhoenixContact_SPT_2.5_2-H-5.0_1x02_P5.0mm_Horizontal', 'Datasheet': '~', 'Description': 'Generic connector, single row, 01x02, script generated (kicad-library-utils/schlib/autogen/connector/)', 'part': 'Conn_01x02'} (kibot - v5_sch.py:1720)
DEBUG:R17 (R_US 2k2): 1 {'Reference': 'R17', 'Value': '2k2', 'Footprint': '', 'Datasheet': '~', 'Description': 'Resistor, US symbol', 'part': 'R_US'} (kibot - v5_sch.py:1720)
DEBUG:C7 (C_Small): 1 {'Reference': 'C7', 'Value': 'C_Small', 'Footprint': '', 'Datasheet': '~', 'Description': 'Unpolarized capacitor, small symbol', 'part': 'C_Small'} (kibot - v5_sch.py:1720)
DEBUG:R4 (R_US 8k2): 1 {'Reference': 'R4', 'Value': '8k2', 'Footprint': 'Resistor_THT:R_Axial_Power_L25.0mm_W6.4mm_P27.94mm', 'Datasheet': '~', 'Description': 'Resistor, US symbol', 'part': 'R_US'} (kibot - v5_sch.py:1720)
DEBUG:U1 (OPAMP ${SIM.PARAMS}): 1 {'Reference': 'U1', 'Value': '${SIM.PARAMS}', 'Footprint': '', 'Datasheet': 'https://ngspice.sourceforge.io/docs/ngspice-html-manual/manual.xhtml#sec__SUBCKT_Subcircuits', 'Description': 'Operational amplifier, single', 'Sim.Pins': '1=in+ 2=in- 3=vcc 4=vee 5=out', 'Sim.Device': 'SUBCKT', 'Sim.Library': '${KICAD9_SYMBOL_DIR}/Simulation_SPICE.sp', 'Sim.Name': 'kicad_builtin_opamp', 'part': 'OPAMP'} (kibot - v5_sch.py:1720)
DEBUG:C5 (C_Polarized_Small_US 10u): 1 {'Reference': 'C5', 'Value': '10u', 'Footprint': '', 'Datasheet': '~', 'Description': 'Polarized capacitor, small US symbol', 'part': 'C_Polarized_Small_US'} (kibot - v5_sch.py:1720)
DEBUG:R15 (R_US 2k2): 1 {'Reference': 'R15', 'Value': '2k2', 'Footprint': '', 'Datasheet': '~', 'Description': 'Resistor, US symbol', 'part': 'R_US'} (kibot - v5_sch.py:1720)
DEBUG:C2 (C 10n): 1 {'Reference': 'C2', 'Value': '10n', 'Footprint': 'Capacitor_THT:C_Disc_D7.0mm_W2.5mm_P5.00mm', 'Datasheet': '~', 'Description': 'Unpolarized capacitor', 'part': 'C'} (kibot - v5_sch.py:1720)
DEBUG:J3 (Conn_01x01): 1 {'Reference': 'J3', 'Value': 'Conn_01x01', 'Footprint': 'Connector_PinSocket_1.27mm:PinSocket_1x01_P1.27mm_Vertical', 'Datasheet': '~', 'Description': 'Generic connector, single row, 01x01, script generated (kicad-library-utils/schlib/autogen/connector/)', 'part': 'Conn_01x01'} (kibot - v5_sch.py:1720)
DEBUG:LS1 (Speaker): 1 {'Reference': 'LS1', 'Value': 'Speaker', 'Footprint': '', 'Datasheet': '~', 'Description': 'Speaker', 'part': 'Speaker'} (kibot - v5_sch.py:1720)
DEBUG:J6 (Conn_01x02): 1 {'Reference': 'J6', 'Value': 'Conn_01x02', 'Footprint': '', 'Datasheet': '~', 'Description': 'Generic connector, single row, 01x02, script generated (kicad-library-utils/schlib/autogen/connector/)', 'part': 'Conn_01x02'} (kibot - v5_sch.py:1720)
DEBUG:R7 (R_US 2k2): 1 {'Reference': 'R7', 'Value': '2k2', 'Footprint': '', 'Datasheet': '~', 'Description': 'Resistor, US symbol', 'part': 'R_US'} (kibot - v5_sch.py:1720)
DEBUG:J4 (Conn_01x01): 1 {'Reference': 'J4', 'Value': 'Conn_01x01', 'Footprint': 'Connector_PinSocket_1.27mm:PinSocket_1x01_P1.27mm_Vertical', 'Datasheet': '~', 'Description': 'Generic connector, single row, 01x01, script generated (kicad-library-utils/schlib/autogen/connector/)', 'part': 'Conn_01x01'} (kibot - v5_sch.py:1720)
DEBUG:R24 (R_US 2k2): 1 {'Reference': 'R24', 'Value': '2k2', 'Footprint': '', 'Datasheet': '~', 'Description': 'Resistor, US symbol', 'part': 'R_US'} (kibot - v5_sch.py:1720)
DEBUG:J7 (Conn_01x03): 1 {'Reference': 'J7', 'Value': 'Conn_01x03', 'Footprint': '', 'Datasheet': '~', 'Description': 'Generic connector, single row, 01x03, script generated (kicad-library-utils/schlib/autogen/connector/)', 'part': 'Conn_01x03'} (kibot - v5_sch.py:1720)
DEBUG:R6 (R_US 2k2): 1 {'Reference': 'R6', 'Value': '2k2', 'Footprint': '', 'Datasheet': '~', 'Description': 'Resistor, US symbol', 'part': 'R_US'} (kibot - v5_sch.py:1720)
DEBUG:R16 (R_US 2k2): 1 {'Reference': 'R16', 'Value': '2k2', 'Footprint': '', 'Datasheet': '~', 'Description': 'Resistor, US symbol', 'part': 'R_US'} (kibot - v5_sch.py:1720)
DEBUG:R26 (R_US 2k2): 1 {'Reference': 'R26', 'Value': '2k2', 'Footprint': '', 'Datasheet': '~', 'Description': 'Resistor, US symbol', 'part': 'R_US'} (kibot - v5_sch.py:1720)
DEBUG:R18 (R_US 2k2): 1 {'Reference': 'R18', 'Value': '2k2', 'Footprint': '', 'Datasheet': '~', 'Description': 'Resistor, US symbol', 'part': 'R_US'} (kibot - v5_sch.py:1720)
DEBUG:R22 (R_US 2k2): 1 {'Reference': 'R22', 'Value': '2k2', 'Footprint': '', 'Datasheet': '~', 'Description': 'Resistor, US symbol', 'part': 'R_US'} (kibot - v5_sch.py:1720)
DEBUG:J1 (Conn_01x03): 1 {'Reference': 'J1', 'Value': 'Conn_01x03', 'Footprint': 'Connector_PinHeader_1.00mm:PinHeader_1x03_P1.00mm_Vertical', 'Datasheet': '~', 'Description': 'Generic connector, single row, 01x03, script generated (kicad-library-utils/schlib/autogen/connector/)', 'part': 'Conn_01x03'} (kibot - v5_sch.py:1720)
DEBUG:C4 (C_Polarized_Small_US 47n): 1 {'Reference': 'C4', 'Value': '47n', 'Footprint': '', 'Datasheet': '~', 'Description': 'Polarized capacitor, small US symbol', 'part': 'C_Polarized_Small_US'} (kibot - v5_sch.py:1720)
DEBUG:R9 (R_US 2k2): 1 {'Reference': 'R9', 'Value': '2k2', 'Footprint': '', 'Datasheet': '~', 'Description': 'Resistor, US symbol', 'part': 'R_US'} (kibot - v5_sch.py:1720)
DEBUG:R3 (R_Potentiometer_US 100k): 1 {'Reference': 'R3', 'Value': '100k', 'Footprint': 'Potentiometer_THT:Potentiometer_Bourns_3296W_Vertical', 'Datasheet': '~', 'Description': 'Potentiometer, US symbol', 'part': 'R_Potentiometer_US'} (kibot - v5_sch.py:1720)
DEBUG:R5 (R_US 2k2): 1 {'Reference': 'R5', 'Value': '2k2', 'Footprint': 'Resistor_THT:R_Axial_Power_L25.0mm_W6.4mm_P27.94mm', 'Datasheet': '~', 'Description': 'Resistor, US symbol', 'part': 'R_US'} (kibot - v5_sch.py:1720)
DEBUG:C6 (C_Small): 1 {'Reference': 'C6', 'Value': 'C_Small', 'Footprint': '', 'Datasheet': '~', 'Description': 'Unpolarized capacitor, small symbol', 'part': 'C_Small'} (kibot - v5_sch.py:1720)
DEBUG:R10 (R_US 2k2): 1 {'Reference': 'R10', 'Value': '2k2', 'Footprint': '', 'Datasheet': '~', 'Description': 'Resistor, US symbol', 'part': 'R_US'} (kibot - v5_sch.py:1720)
DEBUG:R2 (R_Potentiometer_US 100k): 1 {'Reference': 'R2', 'Value': '100k', 'Footprint': 'Potentiometer_THT:Potentiometer_Bourns_3296W_Vertical', 'Datasheet': '~', 'Description': 'Potentiometer, US symbol', 'part': 'R_Potentiometer_US'} (kibot - v5_sch.py:1720)
DEBUG:R12 (R_US 2k2): 1 {'Reference': 'R12', 'Value': '2k2', 'Footprint': '', 'Datasheet': '~', 'Description': 'Resistor, US symbol', 'part': 'R_US'} (kibot - v5_sch.py:1720)
DEBUG:R20 (R_US 2k2): 1 {'Reference': 'R20', 'Value': '2k2', 'Footprint': '', 'Datasheet': '~', 'Description': 'Resistor, US symbol', 'part': 'R_US'} (kibot - v5_sch.py:1720)
DEBUG:J8 (AudioJack2_Ground): 1 {'Reference': 'J8', 'Value': 'AudioJack2_Ground', 'Footprint': '', 'Datasheet': '~', 'Description': 'Audio Jack, 2 Poles (Mono / TS), Grounded Sleeve', 'part': 'AudioJack2_Ground'} (kibot - v5_sch.py:1720)
DEBUG:U2 (LM386): 1 {'Reference': 'U2', 'Value': 'LM386', 'Footprint': '', 'Datasheet': 'http://www.ti.com/lit/ds/symlink/lm386.pdf', 'Description': 'Low Voltage Audio Power Amplifier, DIP-8/SOIC-8/SSOP-8', 'part': 'LM386'} (kibot - v5_sch.py:1720)
DEBUG:R14 (R_US 2k2): 1 {'Reference': 'R14', 'Value': '2k2', 'Footprint': '', 'Datasheet': '~', 'Description': 'Resistor, US symbol', 'part': 'R_US'} (kibot - v5_sch.py:1720)
DEBUG:J2 (Conn_01x02): 1 {'Reference': 'J2', 'Value': 'Conn_01x02', 'Footprint': 'Connector_Phoenix_SPT:PhoenixContact_SPT_2.5_2-H-5.0_1x02_P5.0mm_Horizontal', 'Datasheet': '~', 'Description': 'Generic connector, single row, 01x02, script generated (kicad-library-utils/schlib/autogen/connector/)', 'part': 'Conn_01x02'} (kibot - v5_sch.py:1720)
DEBUG:R11 (R_US 2k2): 1 {'Reference': 'R11', 'Value': '2k2', 'Footprint': '', 'Datasheet': '~', 'Description': 'Resistor, US symbol', 'part': 'R_US'} (kibot - v5_sch.py:1720)
DEBUG:C1 (C_Polarized_Small_US 10u): 1 {'Reference': 'C1', 'Value': '10u', 'Footprint': 'Capacitor_THT:CP_Radial_D10.0mm_P5.00mm_P7.50mm', 'Datasheet': '~', 'Description': 'Polarized capacitor, small US symbol', 'part': 'C_Polarized_Small_US'} (kibot - v5_sch.py:1720)
DEBUG:R25 (R_Potentiometer_US 100k): 1 {'Reference': 'R25', 'Value': '100k', 'Footprint': 'Potentiometer_THT:Potentiometer_Bourns_3296W_Vertical', 'Datasheet': '~', 'Description': 'Potentiometer, US symbol', 'part': 'R_Potentiometer_US'} (kibot - v5_sch.py:1720)
DEBUG:C3 (C_Polarized_Small_US 10u): 1 {'Reference': 'C3', 'Value': '10u', 'Footprint': 'Capacitor_THT:CP_Radial_D10.0mm_P5.00mm_P7.50mm', 'Datasheet': '~', 'Description': 'Polarized capacitor, small US symbol', 'part': 'C_Polarized_Small_US'} (kibot - v5_sch.py:1720)
DEBUG:R19 (R_US 2k2): 1 {'Reference': 'R19', 'Value': '2k2', 'Footprint': '', 'Datasheet': '~', 'Description': 'Resistor, US symbol', 'part': 'R_US'} (kibot - v5_sch.py:1720)
DEBUG:MK1 (Microphone Mic): 1 {'Reference': 'MK1', 'Value': 'Mic', 'Footprint': 'Sensor_Audio:POM-2244P-C3310-2-R', 'Datasheet': '~', 'Description': 'Microphone', 'part': 'Microphone'} (kibot - v5_sch.py:1720)
DEBUG:After collapse: (kibot - v5_sch.py:1759)
DEBUG:C8 (C_Polarized_Small_US): 1 {'Reference': 'C8', 'Value': 'C_Polarized_Small_US', 'Footprint': '', 'Datasheet': '~', 'Description': 'Polarized capacitor, small US symbol', 'part': 'C_Polarized_Small_US'} (kibot - v5_sch.py:1762)
DEBUG:R21 (R_US 2k2): 1 {'Reference': 'R21', 'Value': '2k2', 'Footprint': '', 'Datasheet': '~', 'Description': 'Resistor, US symbol', 'part': 'R_US'} (kibot - v5_sch.py:1762)
DEBUG:R23 (R_US 2k2): 1 {'Reference': 'R23', 'Value': '2k2', 'Footprint': '', 'Datasheet': '~', 'Description': 'Resistor, US symbol', 'part': 'R_US'} (kibot - v5_sch.py:1762)
DEBUG:A1 (Arduino_UNO_R3): 1 {'Reference': 'A1', 'Value': 'Arduino_UNO_R3', 'Footprint': 'Module:Arduino_UNO_R3', 'Datasheet': 'https://www.arduino.cc/en/Main/arduinoBoardUno', 'Description': 'Arduino UNO Microcontroller Module, release 3', 'part': 'Arduino_UNO_R3'} (kibot - v5_sch.py:1762)
DEBUG:R8 (R_US 2k2): 1 {'Reference': 'R8', 'Value': '2k2', 'Footprint': '', 'Datasheet': '~', 'Description': 'Resistor, US symbol', 'part': 'R_US'} (kibot - v5_sch.py:1762)
DEBUG:R13 (R_US 2k2): 1 {'Reference': 'R13', 'Value': '2k2', 'Footprint': '', 'Datasheet': '~', 'Description': 'Resistor, US symbol', 'part': 'R_US'} (kibot - v5_sch.py:1762)
DEBUG:R1 (R_US 4k7): 1 {'Reference': 'R1', 'Value': '4k7', 'Footprint': 'Resistor_THT:R_Axial_Power_L25.0mm_W6.4mm_P27.94mm', 'Datasheet': '~', 'Description': 'Resistor, US symbol', 'part': 'R_US'} (kibot - v5_sch.py:1762)
DEBUG:J5 (Conn_01x02): 1 {'Reference': 'J5', 'Value': 'Conn_01x02', 'Footprint': 'Connector_Phoenix_SPT:PhoenixContact_SPT_2.5_2-H-5.0_1x02_P5.0mm_Horizontal', 'Datasheet': '~', 'Description': 'Generic connector, single row, 01x02, script generated (kicad-library-utils/schlib/autogen/connector/)', 'part': 'Conn_01x02'} (kibot - v5_sch.py:1762)
DEBUG:R17 (R_US 2k2): 1 {'Reference': 'R17', 'Value': '2k2', 'Footprint': '', 'Datasheet': '~', 'Description': 'Resistor, US symbol', 'part': 'R_US'} (kibot - v5_sch.py:1762)
DEBUG:C7 (C_Small): 1 {'Reference': 'C7', 'Value': 'C_Small', 'Footprint': '', 'Datasheet': '~', 'Description': 'Unpolarized capacitor, small symbol', 'part': 'C_Small'} (kibot - v5_sch.py:1762)
DEBUG:R4 (R_US 8k2): 1 {'Reference': 'R4', 'Value': '8k2', 'Footprint': 'Resistor_THT:R_Axial_Power_L25.0mm_W6.4mm_P27.94mm', 'Datasheet': '~', 'Description': 'Resistor, US symbol', 'part': 'R_US'} (kibot - v5_sch.py:1762)
DEBUG:U1 (OPAMP ${SIM.PARAMS}): 1 {'Reference': 'U1', 'Value': '${SIM.PARAMS}', 'Footprint': '', 'Datasheet': 'https://ngspice.sourceforge.io/docs/ngspice-html-manual/manual.xhtml#sec__SUBCKT_Subcircuits', 'Description': 'Operational amplifier, single', 'Sim.Pins': '1=in+ 2=in- 3=vcc 4=vee 5=out', 'Sim.Device': 'SUBCKT', 'Sim.Library': '${KICAD9_SYMBOL_DIR}/Simulation_SPICE.sp', 'Sim.Name': 'kicad_builtin_opamp', 'part': 'OPAMP'} (kibot - v5_sch.py:1762)
DEBUG:C5 (C_Polarized_Small_US 10u): 1 {'Reference': 'C5', 'Value': '10u', 'Footprint': '', 'Datasheet': '~', 'Description': 'Polarized capacitor, small US symbol', 'part': 'C_Polarized_Small_US'} (kibot - v5_sch.py:1762)
DEBUG:R15 (R_US 2k2): 1 {'Reference': 'R15', 'Value': '2k2', 'Footprint': '', 'Datasheet': '~', 'Description': 'Resistor, US symbol', 'part': 'R_US'} (kibot - v5_sch.py:1762)
DEBUG:C2 (C 10n): 1 {'Reference': 'C2', 'Value': '10n', 'Footprint': 'Capacitor_THT:C_Disc_D7.0mm_W2.5mm_P5.00mm', 'Datasheet': '~', 'Description': 'Unpolarized capacitor', 'part': 'C'} (kibot - v5_sch.py:1762)
DEBUG:J3 (Conn_01x01): 1 {'Reference': 'J3', 'Value': 'Conn_01x01', 'Footprint': 'Connector_PinSocket_1.27mm:PinSocket_1x01_P1.27mm_Vertical', 'Datasheet': '~', 'Description': 'Generic connector, single row, 01x01, script generated (kicad-library-utils/schlib/autogen/connector/)', 'part': 'Conn_01x01'} (kibot - v5_sch.py:1762)
DEBUG:LS1 (Speaker): 1 {'Reference': 'LS1', 'Value': 'Speaker', 'Footprint': '', 'Datasheet': '~', 'Description': 'Speaker', 'part': 'Speaker'} (kibot - v5_sch.py:1762)
DEBUG:J6 (Conn_01x02): 1 {'Reference': 'J6', 'Value': 'Conn_01x02', 'Footprint': '', 'Datasheet': '~', 'Description': 'Generic connector, single row, 01x02, script generated (kicad-library-utils/schlib/autogen/connector/)', 'part': 'Conn_01x02'} (kibot - v5_sch.py:1762)
DEBUG:R7 (R_US 2k2): 1 {'Reference': 'R7', 'Value': '2k2', 'Footprint': '', 'Datasheet': '~', 'Description': 'Resistor, US symbol', 'part': 'R_US'} (kibot - v5_sch.py:1762)
DEBUG:J4 (Conn_01x01): 1 {'Reference': 'J4', 'Value': 'Conn_01x01', 'Footprint': 'Connector_PinSocket_1.27mm:PinSocket_1x01_P1.27mm_Vertical', 'Datasheet': '~', 'Description': 'Generic connector, single row, 01x01, script generated (kicad-library-utils/schlib/autogen/connector/)', 'part': 'Conn_01x01'} (kibot - v5_sch.py:1762)
DEBUG:R24 (R_US 2k2): 1 {'Reference': 'R24', 'Value': '2k2', 'Footprint': '', 'Datasheet': '~', 'Description': 'Resistor, US symbol', 'part': 'R_US'} (kibot - v5_sch.py:1762)
DEBUG:J7 (Conn_01x03): 1 {'Reference': 'J7', 'Value': 'Conn_01x03', 'Footprint': '', 'Datasheet': '~', 'Description': 'Generic connector, single row, 01x03, script generated (kicad-library-utils/schlib/autogen/connector/)', 'part': 'Conn_01x03'} (kibot - v5_sch.py:1762)
DEBUG:R6 (R_US 2k2): 1 {'Reference': 'R6', 'Value': '2k2', 'Footprint': '', 'Datasheet': '~', 'Description': 'Resistor, US symbol', 'part': 'R_US'} (kibot - v5_sch.py:1762)
DEBUG:R16 (R_US 2k2): 1 {'Reference': 'R16', 'Value': '2k2', 'Footprint': '', 'Datasheet': '~', 'Description': 'Resistor, US symbol', 'part': 'R_US'} (kibot - v5_sch.py:1762)
DEBUG:R26 (R_US 2k2): 1 {'Reference': 'R26', 'Value': '2k2', 'Footprint': '', 'Datasheet': '~', 'Description': 'Resistor, US symbol', 'part': 'R_US'} (kibot - v5_sch.py:1762)
DEBUG:R18 (R_US 2k2): 1 {'Reference': 'R18', 'Value': '2k2', 'Footprint': '', 'Datasheet': '~', 'Description': 'Resistor, US symbol', 'part': 'R_US'} (kibot - v5_sch.py:1762)
DEBUG:R22 (R_US 2k2): 1 {'Reference': 'R22', 'Value': '2k2', 'Footprint': '', 'Datasheet': '~', 'Description': 'Resistor, US symbol', 'part': 'R_US'} (kibot - v5_sch.py:1762)
DEBUG:J1 (Conn_01x03): 1 {'Reference': 'J1', 'Value': 'Conn_01x03', 'Footprint': 'Connector_PinHeader_1.00mm:PinHeader_1x03_P1.00mm_Vertical', 'Datasheet': '~', 'Description': 'Generic connector, single row, 01x03, script generated (kicad-library-utils/schlib/autogen/connector/)', 'part': 'Conn_01x03'} (kibot - v5_sch.py:1762)
DEBUG:C4 (C_Polarized_Small_US 47n): 1 {'Reference': 'C4', 'Value': '47n', 'Footprint': '', 'Datasheet': '~', 'Description': 'Polarized capacitor, small US symbol', 'part': 'C_Polarized_Small_US'} (kibot - v5_sch.py:1762)
DEBUG:R9 (R_US 2k2): 1 {'Reference': 'R9', 'Value': '2k2', 'Footprint': '', 'Datasheet': '~', 'Description': 'Resistor, US symbol', 'part': 'R_US'} (kibot - v5_sch.py:1762)
DEBUG:R3 (R_Potentiometer_US 100k): 1 {'Reference': 'R3', 'Value': '100k', 'Footprint': 'Potentiometer_THT:Potentiometer_Bourns_3296W_Vertical', 'Datasheet': '~', 'Description': 'Potentiometer, US symbol', 'part': 'R_Potentiometer_US'} (kibot - v5_sch.py:1762)
DEBUG:R5 (R_US 2k2): 1 {'Reference': 'R5', 'Value': '2k2', 'Footprint': 'Resistor_THT:R_Axial_Power_L25.0mm_W6.4mm_P27.94mm', 'Datasheet': '~', 'Description': 'Resistor, US symbol', 'part': 'R_US'} (kibot - v5_sch.py:1762)
DEBUG:C6 (C_Small): 1 {'Reference': 'C6', 'Value': 'C_Small', 'Footprint': '', 'Datasheet': '~', 'Description': 'Unpolarized capacitor, small symbol', 'part': 'C_Small'} (kibot - v5_sch.py:1762)
DEBUG:R10 (R_US 2k2): 1 {'Reference': 'R10', 'Value': '2k2', 'Footprint': '', 'Datasheet': '~', 'Description': 'Resistor, US symbol', 'part': 'R_US'} (kibot - v5_sch.py:1762)
DEBUG:R2 (R_Potentiometer_US 100k): 1 {'Reference': 'R2', 'Value': '100k', 'Footprint': 'Potentiometer_THT:Potentiometer_Bourns_3296W_Vertical', 'Datasheet': '~', 'Description': 'Potentiometer, US symbol', 'part': 'R_Potentiometer_US'} (kibot - v5_sch.py:1762)
DEBUG:R12 (R_US 2k2): 1 {'Reference': 'R12', 'Value': '2k2', 'Footprint': '', 'Datasheet': '~', 'Description': 'Resistor, US symbol', 'part': 'R_US'} (kibot - v5_sch.py:1762)
DEBUG:R20 (R_US 2k2): 1 {'Reference': 'R20', 'Value': '2k2', 'Footprint': '', 'Datasheet': '~', 'Description': 'Resistor, US symbol', 'part': 'R_US'} (kibot - v5_sch.py:1762)
DEBUG:J8 (AudioJack2_Ground): 1 {'Reference': 'J8', 'Value': 'AudioJack2_Ground', 'Footprint': '', 'Datasheet': '~', 'Description': 'Audio Jack, 2 Poles (Mono / TS), Grounded Sleeve', 'part': 'AudioJack2_Ground'} (kibot - v5_sch.py:1762)
DEBUG:U2 (LM386): 1 {'Reference': 'U2', 'Value': 'LM386', 'Footprint': '', 'Datasheet': 'http://www.ti.com/lit/ds/symlink/lm386.pdf', 'Description': 'Low Voltage Audio Power Amplifier, DIP-8/SOIC-8/SSOP-8', 'part': 'LM386'} (kibot - v5_sch.py:1762)
DEBUG:R14 (R_US 2k2): 1 {'Reference': 'R14', 'Value': '2k2', 'Footprint': '', 'Datasheet': '~', 'Description': 'Resistor, US symbol', 'part': 'R_US'} (kibot - v5_sch.py:1762)
DEBUG:J2 (Conn_01x02): 1 {'Reference': 'J2', 'Value': 'Conn_01x02', 'Footprint': 'Connector_Phoenix_SPT:PhoenixContact_SPT_2.5_2-H-5.0_1x02_P5.0mm_Horizontal', 'Datasheet': '~', 'Description': 'Generic connector, single row, 01x02, script generated (kicad-library-utils/schlib/autogen/connector/)', 'part': 'Conn_01x02'} (kibot - v5_sch.py:1762)
DEBUG:R11 (R_US 2k2): 1 {'Reference': 'R11', 'Value': '2k2', 'Footprint': '', 'Datasheet': '~', 'Description': 'Resistor, US symbol', 'part': 'R_US'} (kibot - v5_sch.py:1762)
DEBUG:C1 (C_Polarized_Small_US 10u): 1 {'Reference': 'C1', 'Value': '10u', 'Footprint': 'Capacitor_THT:CP_Radial_D10.0mm_P5.00mm_P7.50mm', 'Datasheet': '~', 'Description': 'Polarized capacitor, small US symbol', 'part': 'C_Polarized_Small_US'} (kibot - v5_sch.py:1762)
DEBUG:R25 (R_Potentiometer_US 100k): 1 {'Reference': 'R25', 'Value': '100k', 'Footprint': 'Potentiometer_THT:Potentiometer_Bourns_3296W_Vertical', 'Datasheet': '~', 'Description': 'Potentiometer, US symbol', 'part': 'R_Potentiometer_US'} (kibot - v5_sch.py:1762)
DEBUG:C3 (C_Polarized_Small_US 10u): 1 {'Reference': 'C3', 'Value': '10u', 'Footprint': 'Capacitor_THT:CP_Radial_D10.0mm_P5.00mm_P7.50mm', 'Datasheet': '~', 'Description': 'Polarized capacitor, small US symbol', 'part': 'C_Polarized_Small_US'} (kibot - v5_sch.py:1762)
DEBUG:R19 (R_US 2k2): 1 {'Reference': 'R19', 'Value': '2k2', 'Footprint': '', 'Datasheet': '~', 'Description': 'Resistor, US symbol', 'part': 'R_US'} (kibot - v5_sch.py:1762)
DEBUG:MK1 (Microphone Mic): 1 {'Reference': 'MK1', 'Value': 'Mic', 'Footprint': 'Sensor_Audio:POM-2244P-C3310-2-R', 'Datasheet': '~', 'Description': 'Microphone', 'part': 'Microphone'} (kibot - v5_sch.py:1762)
ERROR:Unable to expand `SIM.PARAMS` in `${SIM.PARAMS}` (kibot - config.py:130)
DEBUG:Filters reset (kibot - fil_base.py:196)
DEBUG:Transfer "Exclude from bill of materials" from schematic (kibot - out_bom.py:1016)
DEBUG:Applying transform filter `_kicost_rename,_rot_footprint` (kibot - fil_base.py:173)
DEBUG:ref: A1 field: description -> desc (kibot - fil_field_rename.py:40)
DEBUG:- rotating A1 from 0.0 to 0.0 (kibot - fil_rot_footprint.py:229)
DEBUG:ref: C1 field: description -> desc (kibot - fil_field_rename.py:40)
DEBUG:- rotating C1 from 0.0 to 0.0 (kibot - fil_rot_footprint.py:229)
DEBUG:ref: C2 field: description -> desc (kibot - fil_field_rename.py:40)
DEBUG:- rotating C2 from 0.0 to 0.0 (kibot - fil_rot_footprint.py:229)
DEBUG:ref: C3 field: description -> desc (kibot - fil_field_rename.py:40)
DEBUG:- rotating C3 from 0.0 to 0.0 (kibot - fil_rot_footprint.py:229)
DEBUG:ref: C4 field: description -> desc (kibot - fil_field_rename.py:40)
DEBUG:- rotating C4 from 0.0 to 0.0 (kibot - fil_rot_footprint.py:229)
DEBUG:ref: C5 field: description -> desc (kibot - fil_field_rename.py:40)
DEBUG:- rotating C5 from 0.0 to 0.0 (kibot - fil_rot_footprint.py:229)
DEBUG:ref: C6 field: description -> desc (kibot - fil_field_rename.py:40)
DEBUG:- rotating C6 from 0.0 to 0.0 (kibot - fil_rot_footprint.py:229)
DEBUG:ref: C7 field: description -> desc (kibot - fil_field_rename.py:40)
DEBUG:- rotating C7 from 0.0 to 0.0 (kibot - fil_rot_footprint.py:229)
DEBUG:ref: C8 field: description -> desc (kibot - fil_field_rename.py:40)
DEBUG:- rotating C8 from 0.0 to 0.0 (kibot - fil_rot_footprint.py:229)
DEBUG:ref: J1 field: description -> desc (kibot - fil_field_rename.py:40)
DEBUG:- rotating J1 from 0.0 to 0.0 (kibot - fil_rot_footprint.py:229)
DEBUG:ref: J2 field: description -> desc (kibot - fil_field_rename.py:40)
DEBUG:- rotating J2 from 0.0 to 0.0 (kibot - fil_rot_footprint.py:229)
DEBUG:ref: J3 field: description -> desc (kibot - fil_field_rename.py:40)
DEBUG:- rotating J3 from 0.0 to 0.0 (kibot - fil_rot_footprint.py:229)
DEBUG:ref: J4 field: description -> desc (kibot - fil_field_rename.py:40)
DEBUG:- rotating J4 from 0.0 to 0.0 (kibot - fil_rot_footprint.py:229)
DEBUG:ref: J5 field: description -> desc (kibot - fil_field_rename.py:40)
DEBUG:- rotating J5 from 0.0 to 0.0 (kibot - fil_rot_footprint.py:229)
DEBUG:ref: J6 field: description -> desc (kibot - fil_field_rename.py:40)
DEBUG:- rotating J6 from 0.0 to 0.0 (kibot - fil_rot_footprint.py:229)
DEBUG:ref: J7 field: description -> desc (kibot - fil_field_rename.py:40)
DEBUG:- rotating J7 from 0.0 to 0.0 (kibot - fil_rot_footprint.py:229)
DEBUG:ref: J8 field: description -> desc (kibot - fil_field_rename.py:40)
DEBUG:- rotating J8 from 0.0 to 0.0 (kibot - fil_rot_footprint.py:229)
DEBUG:ref: LS1 field: description -> desc (kibot - fil_field_rename.py:40)
DEBUG:- rotating LS1 from 0.0 to 0.0 (kibot - fil_rot_footprint.py:229)
DEBUG:ref: MK1 field: description -> desc (kibot - fil_field_rename.py:40)
DEBUG:- rotating MK1 from 0.0 to 0.0 (kibot - fil_rot_footprint.py:229)
DEBUG:ref: R1 field: description -> desc (kibot - fil_field_rename.py:40)
DEBUG:- rotating R1 from 0.0 to 0.0 (kibot - fil_rot_footprint.py:229)
DEBUG:ref: R10 field: description -> desc (kibot - fil_field_rename.py:40)
DEBUG:- rotating R10 from 0.0 to 0.0 (kibot - fil_rot_footprint.py:229)
DEBUG:ref: R11 field: description -> desc (kibot - fil_field_rename.py:40)
DEBUG:- rotating R11 from 0.0 to 0.0 (kibot - fil_rot_footprint.py:229)
DEBUG:ref: R12 field: description -> desc (kibot - fil_field_rename.py:40)
DEBUG:- rotating R12 from 0.0 to 0.0 (kibot - fil_rot_footprint.py:229)
DEBUG:ref: R13 field: description -> desc (kibot - fil_field_rename.py:40)
DEBUG:- rotating R13 from 0.0 to 0.0 (kibot - fil_rot_footprint.py:229)
DEBUG:ref: R14 field: description -> desc (kibot - fil_field_rename.py:40)
DEBUG:- rotating R14 from 0.0 to 0.0 (kibot - fil_rot_footprint.py:229)
DEBUG:ref: R15 field: description -> desc (kibot - fil_field_rename.py:40)
DEBUG:- rotating R15 from 0.0 to 0.0 (kibot - fil_rot_footprint.py:229)
DEBUG:ref: R16 field: description -> desc (kibot - fil_field_rename.py:40)
DEBUG:- rotating R16 from 0.0 to 0.0 (kibot - fil_rot_footprint.py:229)
DEBUG:ref: R17 field: description -> desc (kibot - fil_field_rename.py:40)
DEBUG:- rotating R17 from 0.0 to 0.0 (kibot - fil_rot_footprint.py:229)
DEBUG:ref: R18 field: description -> desc (kibot - fil_field_rename.py:40)
DEBUG:- rotating R18 from 0.0 to 0.0 (kibot - fil_rot_footprint.py:229)
DEBUG:ref: R19 field: description -> desc (kibot - fil_field_rename.py:40)
DEBUG:- rotating R19 from 0.0 to 0.0 (kibot - fil_rot_footprint.py:229)
DEBUG:ref: R2 field: description -> desc (kibot - fil_field_rename.py:40)
DEBUG:- rotating R2 from 0.0 to 0.0 (kibot - fil_rot_footprint.py:229)
DEBUG:ref: R20 field: description -> desc (kibot - fil_field_rename.py:40)
DEBUG:- rotating R20 from 0.0 to 0.0 (kibot - fil_rot_footprint.py:229)
DEBUG:ref: R21 field: description -> desc (kibot - fil_field_rename.py:40)
DEBUG:- rotating R21 from 0.0 to 0.0 (kibot - fil_rot_footprint.py:229)
DEBUG:ref: R22 field: description -> desc (kibot - fil_field_rename.py:40)
DEBUG:- rotating R22 from 0.0 to 0.0 (kibot - fil_rot_footprint.py:229)
DEBUG:ref: R23 field: description -> desc (kibot - fil_field_rename.py:40)
DEBUG:- rotating R23 from 0.0 to 0.0 (kibot - fil_rot_footprint.py:229)
DEBUG:ref: R24 field: description -> desc (kibot - fil_field_rename.py:40)
DEBUG:- rotating R24 from 0.0 to 0.0 (kibot - fil_rot_footprint.py:229)
DEBUG:ref: R25 field: description -> desc (kibot - fil_field_rename.py:40)
DEBUG:- rotating R25 from 0.0 to 0.0 (kibot - fil_rot_footprint.py:229)
DEBUG:ref: R26 field: description -> desc (kibot - fil_field_rename.py:40)
DEBUG:- rotating R26 from 0.0 to 0.0 (kibot - fil_rot_footprint.py:229)
DEBUG:ref: R3 field: description -> desc (kibot - fil_field_rename.py:40)
DEBUG:- rotating R3 from 0.0 to 0.0 (kibot - fil_rot_footprint.py:229)
DEBUG:ref: R4 field: description -> desc (kibot - fil_field_rename.py:40)
DEBUG:- rotating R4 from 0.0 to 0.0 (kibot - fil_rot_footprint.py:229)
DEBUG:ref: R5 field: description -> desc (kibot - fil_field_rename.py:40)
DEBUG:- rotating R5 from 0.0 to 0.0 (kibot - fil_rot_footprint.py:229)
DEBUG:ref: R6 field: description -> desc (kibot - fil_field_rename.py:40)
DEBUG:- rotating R6 from 0.0 to 0.0 (kibot - fil_rot_footprint.py:229)
DEBUG:ref: R7 field: description -> desc (kibot - fil_field_rename.py:40)
DEBUG:- rotating R7 from 0.0 to 0.0 (kibot - fil_rot_footprint.py:229)
DEBUG:ref: R8 field: description -> desc (kibot - fil_field_rename.py:40)
DEBUG:- rotating R8 from 0.0 to 0.0 (kibot - fil_rot_footprint.py:229)
DEBUG:ref: R9 field: description -> desc (kibot - fil_field_rename.py:40)
DEBUG:- rotating R9 from 0.0 to 0.0 (kibot - fil_rot_footprint.py:229)
DEBUG:ref: U1 field: description -> desc (kibot - fil_field_rename.py:40)
DEBUG:- rotating U1 from 0.0 to 0.0 (kibot - fil_rot_footprint.py:229)
DEBUG:ref: U2 field: description -> desc (kibot - fil_field_rename.py:40)
DEBUG:- rotating U2 from 0.0 to 0.0 (kibot - fil_rot_footprint.py:229)
DEBUG:Applying filter `_mechanical` to exclude (kibot - fil_base.py:187)
DEBUG:Applying filter `_only_smd` to fitted (kibot - fil_base.py:214)
DEBUG:Applying filter `_kibom_dnc_config` to fixed (kibot - fil_base.py:224)
DEBUG:Applying KiBoM style variants `default` (kibot - var_kibom.py:91)
DEBUG:Creating internal filter: {'type': 'expand_text_vars', 'comment': 'Internal default text variables expander', 'name': '_expand_text_vars'} (kibot - fil_base.py:333)
DEBUG:Applying transform filter `_expand_text_vars` (kibot - fil_base.py:173)
DEBUG:Decimal point `.` (kibot - units.py:198)
WARNING:(W020) Malformed value: `C_Small` (no match in C6) (kibot - units.py:245)
WARNING:(W020) Malformed value: `C_Small` (no match in C7) (kibot - units.py:245)
WARNING:(W020) Malformed value: `C_Polarized_Small_US` (no match in C8) (kibot - units.py:245)
DEBUG:Using auxiliary origin: x=0 y=0 (kibot - bom.py:498)
WARNING:(W102) Missing footprint information for A1 (kibot - bom.py:336)
WARNING:(W102) Please provide a PCB file (kibot - bom.py:338)
WARNING:(W102) Missing footprint information for C1 (kibot - bom.py:336)
WARNING:(W102) Missing footprint information for C2 (kibot - bom.py:336)
WARNING:(W102) Missing footprint information for C3 (kibot - bom.py:336)
WARNING:(W102) Missing footprint information for C4 (kibot - bom.py:336)
WARNING:(W102) Missing footprint information for C5 (kibot - bom.py:336)
WARNING:(W102) Missing footprint information for C6 (kibot - bom.py:336)
WARNING:(W102) Missing footprint information for C7 (kibot - bom.py:336)
WARNING:(W102) Missing footprint information for C8 (kibot - bom.py:336)
WARNING:(W102) Missing footprint information for J1 (kibot - bom.py:336)
WARNING:(W102) Missing footprint information for J2 (kibot - bom.py:336)
WARNING:(W102) Missing footprint information for J3 (kibot - bom.py:336)
WARNING:(W102) Missing footprint information for J4 (kibot - bom.py:336)
WARNING:(W102) Missing footprint information for J5 (kibot - bom.py:336)
WARNING:(W102) Missing footprint information for J6 (kibot - bom.py:336)
WARNING:(W102) Missing footprint information for J7 (kibot - bom.py:336)
WARNING:(W102) Missing footprint information for J8 (kibot - bom.py:336)
WARNING:(W102) Missing footprint information for LS1 (kibot - bom.py:336)
WARNING:(W102) Missing footprint information for MK1 (kibot - bom.py:336)
WARNING:(W102) Missing footprint information for R1 (kibot - bom.py:336)
WARNING:(W102) Missing footprint information for R10 (kibot - bom.py:336)
WARNING:(W102) Missing footprint information for R11 (kibot - bom.py:336)
WARNING:(W102) Missing footprint information for R12 (kibot - bom.py:336)
WARNING:(W102) Missing footprint information for R13 (kibot - bom.py:336)
WARNING:(W102) Missing footprint information for R14 (kibot - bom.py:336)
WARNING:(W102) Missing footprint information for R15 (kibot - bom.py:336)
WARNING:(W102) Missing footprint information for R16 (kibot - bom.py:336)
WARNING:(W102) Missing footprint information for R17 (kibot - bom.py:336)
WARNING:(W102) Missing footprint information for R18 (kibot - bom.py:336)
WARNING:(W102) Missing footprint information for R19 (kibot - bom.py:336)
WARNING:(W102) Missing footprint information for R2 (kibot - bom.py:336)
WARNING:(W102) Missing footprint information for R20 (kibot - bom.py:336)
WARNING:(W102) Missing footprint information for R21 (kibot - bom.py:336)
WARNING:(W102) Missing footprint information for R22 (kibot - bom.py:336)
WARNING:(W102) Missing footprint information for R23 (kibot - bom.py:336)
WARNING:(W102) Missing footprint information for R24 (kibot - bom.py:336)
WARNING:(W102) Missing footprint information for R25 (kibot - bom.py:336)
WARNING:(W102) Missing footprint information for R26 (kibot - bom.py:336)
WARNING:(W102) Missing footprint information for R3 (kibot - bom.py:336)
WARNING:(W102) Missing footprint information for R4 (kibot - bom.py:336)
WARNING:(W102) Missing footprint information for R5 (kibot - bom.py:336)
WARNING:(W102) Missing footprint information for R6 (kibot - bom.py:336)
WARNING:(W102) Missing footprint information for R7 (kibot - bom.py:336)
WARNING:(W102) Missing footprint information for R8 (kibot - bom.py:336)
WARNING:(W102) Missing footprint information for R9 (kibot - bom.py:336)
WARNING:(W102) Missing footprint information for U1 (kibot - bom.py:336)
WARNING:(W102) Missing footprint information for U2 (kibot - bom.py:336)
DEBUG:Global stats: total 47 fitted 47 build 47 (kibot - bom.py:571)
DEBUG:Saving BOM File: /__w/iie_tp/iie_tp/Generated/iie_tp-bom_MacroFab.XYRS (kibot - bom.py:588)
DEBUG:CSV Output -> /__w/iie_tp/iie_tp/Generated/iie_tp-bom_MacroFab.XYRS (kibot - bom_writer.py:52)
DEBUG:Using global `output`=`%f-%i%I%v.%x` (kibot - optionable.py:58)
DEBUG:Expanding `KiBot Bill of Materials` in SCH context for <kibot.out_bom.BoMOptions object at 0x7fa316e61810> parent: 'Generic Bill of Materials in HTML format' (generic_bom_html) [bom] (kibot - optionable.py:493)
DEBUG:Expanded `KiBot Bill of Materials` (kibot - optionable.py:539)
DEBUG:Valid columns: ['Row', 'Description', 'Part', 'Part Lib', 'References', 'Value', 'Footprint', 'Footprint Lib', 'Quantity Per PCB', 'Build Quantity', 'Status', 'Datasheet', 'Sheetpath', 'Source BoM', 'Reference', 'Sim.Pins', 'Sim.Device', 'Sim.Library', 'Sim.Name'] (19) (kibot - out_bom.py:697)
DEBUG:Valid columns: ['Row', 'Description', 'Part', 'Part Lib', 'References', 'Value', 'Footprint', 'Footprint Lib', 'Quantity Per PCB', 'Build Quantity', 'Status', 'Datasheet', 'Sheetpath', 'Source BoM', 'Reference', 'Sim.Pins', 'Sim.Device', 'Sim.Library', 'Sim.Name'] (19) (kibot - out_bom.py:697)
- 'Generic Bill of Materials in HTML format' (generic_bom_html) [bom]
DEBUG:Expanding `Generated/BoM/Generic` in SCH context for <kibot.out_bom.BoMOptions object at 0x7fa316e61810> parent: 'Generic Bill of Materials in HTML format' (generic_bom_html) [bom] (kibot - optionable.py:493)
DEBUG:Expanded `Generated/BoM/Generic` (kibot - optionable.py:539)
DEBUG:Output destination: /__w/iie_tp/iie_tp/Generated/BoM/Generic (kibot - kiplot.py:565)
DEBUG:Expanding `%f-%i%I%v.%x` in SCH context for <kibot.out_bom.BoMOptions object at 0x7fa316e61810> parent: 'Generic Bill of Materials in HTML format' (generic_bom_html) [bom] (kibot - optionable.py:493)
DEBUG:Expanded `iie_tp-bom.html` (kibot - optionable.py:539)
DEBUG:Before collapse: (kibot - v5_sch.py:1717)
DEBUG:C8 (C_Polarized_Small_US): 1 {'Reference': 'C8', 'Value': 'C_Polarized_Small_US', 'Footprint': '', 'Datasheet': '~', 'desc': 'Polarized capacitor, small US symbol', 'part': 'C_Polarized_Small_US'} (kibot - v5_sch.py:1720)
DEBUG:R21 (R_US 2k2): 1 {'Reference': 'R21', 'Value': '2k2', 'Footprint': '', 'Datasheet': '~', 'desc': 'Resistor, US symbol', 'part': 'R_US'} (kibot - v5_sch.py:1720)
DEBUG:R23 (R_US 2k2): 1 {'Reference': 'R23', 'Value': '2k2', 'Footprint': '', 'Datasheet': '~', 'desc': 'Resistor, US symbol', 'part': 'R_US'} (kibot - v5_sch.py:1720)
DEBUG:A1 (Arduino_UNO_R3): 1 {'Reference': 'A1', 'Value': 'Arduino_UNO_R3', 'Footprint': 'Module:Arduino_UNO_R3', 'Datasheet': 'https://www.arduino.cc/en/Main/arduinoBoardUno', 'desc': 'Arduino UNO Microcontroller Module, release 3', 'part': 'Arduino_UNO_R3'} (kibot - v5_sch.py:1720)
DEBUG:R8 (R_US 2k2): 1 {'Reference': 'R8', 'Value': '2k2', 'Footprint': '', 'Datasheet': '~', 'desc': 'Resistor, US symbol', 'part': 'R_US'} (kibot - v5_sch.py:1720)
DEBUG:R13 (R_US 2k2): 1 {'Reference': 'R13', 'Value': '2k2', 'Footprint': '', 'Datasheet': '~', 'desc': 'Resistor, US symbol', 'part': 'R_US'} (kibot - v5_sch.py:1720)
DEBUG:R1 (R_US 4k7): 1 {'Reference': 'R1', 'Value': '4k7', 'Footprint': 'Resistor_THT:R_Axial_Power_L25.0mm_W6.4mm_P27.94mm', 'Datasheet': '~', 'desc': 'Resistor, US symbol', 'part': 'R_US'} (kibot - v5_sch.py:1720)
DEBUG:J5 (Conn_01x02): 1 {'Reference': 'J5', 'Value': 'Conn_01x02', 'Footprint': 'Connector_Phoenix_SPT:PhoenixContact_SPT_2.5_2-H-5.0_1x02_P5.0mm_Horizontal', 'Datasheet': '~', 'desc': 'Generic connector, single row, 01x02, script generated (kicad-library-utils/schlib/autogen/connector/)', 'part': 'Conn_01x02'} (kibot - v5_sch.py:1720)
DEBUG:R17 (R_US 2k2): 1 {'Reference': 'R17', 'Value': '2k2', 'Footprint': '', 'Datasheet': '~', 'desc': 'Resistor, US symbol', 'part': 'R_US'} (kibot - v5_sch.py:1720)
DEBUG:C7 (C_Small): 1 {'Reference': 'C7', 'Value': 'C_Small', 'Footprint': '', 'Datasheet': '~', 'desc': 'Unpolarized capacitor, small symbol', 'part': 'C_Small'} (kibot - v5_sch.py:1720)
DEBUG:R4 (R_US 8k2): 1 {'Reference': 'R4', 'Value': '8k2', 'Footprint': 'Resistor_THT:R_Axial_Power_L25.0mm_W6.4mm_P27.94mm', 'Datasheet': '~', 'desc': 'Resistor, US symbol', 'part': 'R_US'} (kibot - v5_sch.py:1720)
DEBUG:U1 (OPAMP ${SIM.PARAMS}): 1 {'Reference': 'U1', 'Value': '${SIM.PARAMS}', 'Footprint': '', 'Datasheet': 'https://ngspice.sourceforge.io/docs/ngspice-html-manual/manual.xhtml#sec__SUBCKT_Subcircuits', 'desc': 'Operational amplifier, single', 'Sim.Pins': '1=in+ 2=in- 3=vcc 4=vee 5=out', 'Sim.Device': 'SUBCKT', 'Sim.Library': '/usr/share/kicad/symbols/Simulation_SPICE.sp', 'Sim.Name': 'kicad_builtin_opamp', 'part': 'OPAMP'} (kibot - v5_sch.py:1720)
DEBUG:C5 (C_Polarized_Small_US 10u): 1 {'Reference': 'C5', 'Value': '10u', 'Footprint': '', 'Datasheet': '~', 'desc': 'Polarized capacitor, small US symbol', 'part': 'C_Polarized_Small_US'} (kibot - v5_sch.py:1720)
DEBUG:R15 (R_US 2k2): 1 {'Reference': 'R15', 'Value': '2k2', 'Footprint': '', 'Datasheet': '~', 'desc': 'Resistor, US symbol', 'part': 'R_US'} (kibot - v5_sch.py:1720)
DEBUG:C2 (C 10n): 1 {'Reference': 'C2', 'Value': '10n', 'Footprint': 'Capacitor_THT:C_Disc_D7.0mm_W2.5mm_P5.00mm', 'Datasheet': '~', 'desc': 'Unpolarized capacitor', 'part': 'C'} (kibot - v5_sch.py:1720)
DEBUG:J3 (Conn_01x01): 1 {'Reference': 'J3', 'Value': 'Conn_01x01', 'Footprint': 'Connector_PinSocket_1.27mm:PinSocket_1x01_P1.27mm_Vertical', 'Datasheet': '~', 'desc': 'Generic connector, single row, 01x01, script generated (kicad-library-utils/schlib/autogen/connector/)', 'part': 'Conn_01x01'} (kibot - v5_sch.py:1720)
DEBUG:LS1 (Speaker): 1 {'Reference': 'LS1', 'Value': 'Speaker', 'Footprint': '', 'Datasheet': '~', 'desc': 'Speaker', 'part': 'Speaker'} (kibot - v5_sch.py:1720)
DEBUG:J6 (Conn_01x02): 1 {'Reference': 'J6', 'Value': 'Conn_01x02', 'Footprint': '', 'Datasheet': '~', 'desc': 'Generic connector, single row, 01x02, script generated (kicad-library-utils/schlib/autogen/connector/)', 'part': 'Conn_01x02'} (kibot - v5_sch.py:1720)
DEBUG:R7 (R_US 2k2): 1 {'Reference': 'R7', 'Value': '2k2', 'Footprint': '', 'Datasheet': '~', 'desc': 'Resistor, US symbol', 'part': 'R_US'} (kibot - v5_sch.py:1720)
DEBUG:J4 (Conn_01x01): 1 {'Reference': 'J4', 'Value': 'Conn_01x01', 'Footprint': 'Connector_PinSocket_1.27mm:PinSocket_1x01_P1.27mm_Vertical', 'Datasheet': '~', 'desc': 'Generic connector, single row, 01x01, script generated (kicad-library-utils/schlib/autogen/connector/)', 'part': 'Conn_01x01'} (kibot - v5_sch.py:1720)
DEBUG:R24 (R_US 2k2): 1 {'Reference': 'R24', 'Value': '2k2', 'Footprint': '', 'Datasheet': '~', 'desc': 'Resistor, US symbol', 'part': 'R_US'} (kibot - v5_sch.py:1720)
DEBUG:J7 (Conn_01x03): 1 {'Reference': 'J7', 'Value': 'Conn_01x03', 'Footprint': '', 'Datasheet': '~', 'desc': 'Generic connector, single row, 01x03, script generated (kicad-library-utils/schlib/autogen/connector/)', 'part': 'Conn_01x03'} (kibot - v5_sch.py:1720)
DEBUG:R6 (R_US 2k2): 1 {'Reference': 'R6', 'Value': '2k2', 'Footprint': '', 'Datasheet': '~', 'desc': 'Resistor, US symbol', 'part': 'R_US'} (kibot - v5_sch.py:1720)
DEBUG:R16 (R_US 2k2): 1 {'Reference': 'R16', 'Value': '2k2', 'Footprint': '', 'Datasheet': '~', 'desc': 'Resistor, US symbol', 'part': 'R_US'} (kibot - v5_sch.py:1720)
DEBUG:R26 (R_US 2k2): 1 {'Reference': 'R26', 'Value': '2k2', 'Footprint': '', 'Datasheet': '~', 'desc': 'Resistor, US symbol', 'part': 'R_US'} (kibot - v5_sch.py:1720)
DEBUG:R18 (R_US 2k2): 1 {'Reference': 'R18', 'Value': '2k2', 'Footprint': '', 'Datasheet': '~', 'desc': 'Resistor, US symbol', 'part': 'R_US'} (kibot - v5_sch.py:1720)
DEBUG:R22 (R_US 2k2): 1 {'Reference': 'R22', 'Value': '2k2', 'Footprint': '', 'Datasheet': '~', 'desc': 'Resistor, US symbol', 'part': 'R_US'} (kibot - v5_sch.py:1720)
DEBUG:J1 (Conn_01x03): 1 {'Reference': 'J1', 'Value': 'Conn_01x03', 'Footprint': 'Connector_PinHeader_1.00mm:PinHeader_1x03_P1.00mm_Vertical', 'Datasheet': '~', 'desc': 'Generic connector, single row, 01x03, script generated (kicad-library-utils/schlib/autogen/connector/)', 'part': 'Conn_01x03'} (kibot - v5_sch.py:1720)
DEBUG:C4 (C_Polarized_Small_US 47n): 1 {'Reference': 'C4', 'Value': '47n', 'Footprint': '', 'Datasheet': '~', 'desc': 'Polarized capacitor, small US symbol', 'part': 'C_Polarized_Small_US'} (kibot - v5_sch.py:1720)
DEBUG:R9 (R_US 2k2): 1 {'Reference': 'R9', 'Value': '2k2', 'Footprint': '', 'Datasheet': '~', 'desc': 'Resistor, US symbol', 'part': 'R_US'} (kibot - v5_sch.py:1720)
DEBUG:R3 (R_Potentiometer_US 100k): 1 {'Reference': 'R3', 'Value': '100k', 'Footprint': 'Potentiometer_THT:Potentiometer_Bourns_3296W_Vertical', 'Datasheet': '~', 'desc': 'Potentiometer, US symbol', 'part': 'R_Potentiometer_US'} (kibot - v5_sch.py:1720)
DEBUG:R5 (R_US 2k2): 1 {'Reference': 'R5', 'Value': '2k2', 'Footprint': 'Resistor_THT:R_Axial_Power_L25.0mm_W6.4mm_P27.94mm', 'Datasheet': '~', 'desc': 'Resistor, US symbol', 'part': 'R_US'} (kibot - v5_sch.py:1720)
DEBUG:C6 (C_Small): 1 {'Reference': 'C6', 'Value': 'C_Small', 'Footprint': '', 'Datasheet': '~', 'desc': 'Unpolarized capacitor, small symbol', 'part': 'C_Small'} (kibot - v5_sch.py:1720)
DEBUG:R10 (R_US 2k2): 1 {'Reference': 'R10', 'Value': '2k2', 'Footprint': '', 'Datasheet': '~', 'desc': 'Resistor, US symbol', 'part': 'R_US'} (kibot - v5_sch.py:1720)
DEBUG:R2 (R_Potentiometer_US 100k): 1 {'Reference': 'R2', 'Value': '100k', 'Footprint': 'Potentiometer_THT:Potentiometer_Bourns_3296W_Vertical', 'Datasheet': '~', 'desc': 'Potentiometer, US symbol', 'part': 'R_Potentiometer_US'} (kibot - v5_sch.py:1720)
DEBUG:R12 (R_US 2k2): 1 {'Reference': 'R12', 'Value': '2k2', 'Footprint': '', 'Datasheet': '~', 'desc': 'Resistor, US symbol', 'part': 'R_US'} (kibot - v5_sch.py:1720)
DEBUG:R20 (R_US 2k2): 1 {'Reference': 'R20', 'Value': '2k2', 'Footprint': '', 'Datasheet': '~', 'desc': 'Resistor, US symbol', 'part': 'R_US'} (kibot - v5_sch.py:1720)
DEBUG:J8 (AudioJack2_Ground): 1 {'Reference': 'J8', 'Value': 'AudioJack2_Ground', 'Footprint': '', 'Datasheet': '~', 'desc': 'Audio Jack, 2 Poles (Mono / TS), Grounded Sleeve', 'part': 'AudioJack2_Ground'} (kibot - v5_sch.py:1720)
DEBUG:U2 (LM386): 1 {'Reference': 'U2', 'Value': 'LM386', 'Footprint': '', 'Datasheet': 'http://www.ti.com/lit/ds/symlink/lm386.pdf', 'desc': 'Low Voltage Audio Power Amplifier, DIP-8/SOIC-8/SSOP-8', 'part': 'LM386'} (kibot - v5_sch.py:1720)
DEBUG:R14 (R_US 2k2): 1 {'Reference': 'R14', 'Value': '2k2', 'Footprint': '', 'Datasheet': '~', 'desc': 'Resistor, US symbol', 'part': 'R_US'} (kibot - v5_sch.py:1720)
DEBUG:J2 (Conn_01x02): 1 {'Reference': 'J2', 'Value': 'Conn_01x02', 'Footprint': 'Connector_Phoenix_SPT:PhoenixContact_SPT_2.5_2-H-5.0_1x02_P5.0mm_Horizontal', 'Datasheet': '~', 'desc': 'Generic connector, single row, 01x02, script generated (kicad-library-utils/schlib/autogen/connector/)', 'part': 'Conn_01x02'} (kibot - v5_sch.py:1720)
DEBUG:R11 (R_US 2k2): 1 {'Reference': 'R11', 'Value': '2k2', 'Footprint': '', 'Datasheet': '~', 'desc': 'Resistor, US symbol', 'part': 'R_US'} (kibot - v5_sch.py:1720)
DEBUG:C1 (C_Polarized_Small_US 10u): 1 {'Reference': 'C1', 'Value': '10u', 'Footprint': 'Capacitor_THT:CP_Radial_D10.0mm_P5.00mm_P7.50mm', 'Datasheet': '~', 'desc': 'Polarized capacitor, small US symbol', 'part': 'C_Polarized_Small_US'} (kibot - v5_sch.py:1720)
DEBUG:R25 (R_Potentiometer_US 100k): 1 {'Reference': 'R25', 'Value': '100k', 'Footprint': 'Potentiometer_THT:Potentiometer_Bourns_3296W_Vertical', 'Datasheet': '~', 'desc': 'Potentiometer, US symbol', 'part': 'R_Potentiometer_US'} (kibot - v5_sch.py:1720)
DEBUG:C3 (C_Polarized_Small_US 10u): 1 {'Reference': 'C3', 'Value': '10u', 'Footprint': 'Capacitor_THT:CP_Radial_D10.0mm_P5.00mm_P7.50mm', 'Datasheet': '~', 'desc': 'Polarized capacitor, small US symbol', 'part': 'C_Polarized_Small_US'} (kibot - v5_sch.py:1720)
DEBUG:R19 (R_US 2k2): 1 {'Reference': 'R19', 'Value': '2k2', 'Footprint': '', 'Datasheet': '~', 'desc': 'Resistor, US symbol', 'part': 'R_US'} (kibot - v5_sch.py:1720)
DEBUG:MK1 (Microphone Mic): 1 {'Reference': 'MK1', 'Value': 'Mic', 'Footprint': 'Sensor_Audio:POM-2244P-C3310-2-R', 'Datasheet': '~', 'desc': 'Microphone', 'part': 'Microphone'} (kibot - v5_sch.py:1720)
DEBUG:After collapse: (kibot - v5_sch.py:1759)
DEBUG:C8 (C_Polarized_Small_US): 1 {'Reference': 'C8', 'Value': 'C_Polarized_Small_US', 'Footprint': '', 'Datasheet': '~', 'desc': 'Polarized capacitor, small US symbol', 'part': 'C_Polarized_Small_US'} (kibot - v5_sch.py:1762)
DEBUG:R21 (R_US 2k2): 1 {'Reference': 'R21', 'Value': '2k2', 'Footprint': '', 'Datasheet': '~', 'desc': 'Resistor, US symbol', 'part': 'R_US'} (kibot - v5_sch.py:1762)
DEBUG:R23 (R_US 2k2): 1 {'Reference': 'R23', 'Value': '2k2', 'Footprint': '', 'Datasheet': '~', 'desc': 'Resistor, US symbol', 'part': 'R_US'} (kibot - v5_sch.py:1762)
DEBUG:A1 (Arduino_UNO_R3): 1 {'Reference': 'A1', 'Value': 'Arduino_UNO_R3', 'Footprint': 'Module:Arduino_UNO_R3', 'Datasheet': 'https://www.arduino.cc/en/Main/arduinoBoardUno', 'desc': 'Arduino UNO Microcontroller Module, release 3', 'part': 'Arduino_UNO_R3'} (kibot - v5_sch.py:1762)
DEBUG:R8 (R_US 2k2): 1 {'Reference': 'R8', 'Value': '2k2', 'Footprint': '', 'Datasheet': '~', 'desc': 'Resistor, US symbol', 'part': 'R_US'} (kibot - v5_sch.py:1762)
DEBUG:R13 (R_US 2k2): 1 {'Reference': 'R13', 'Value': '2k2', 'Footprint': '', 'Datasheet': '~', 'desc': 'Resistor, US symbol', 'part': 'R_US'} (kibot - v5_sch.py:1762)
DEBUG:R1 (R_US 4k7): 1 {'Reference': 'R1', 'Value': '4k7', 'Footprint': 'Resistor_THT:R_Axial_Power_L25.0mm_W6.4mm_P27.94mm', 'Datasheet': '~', 'desc': 'Resistor, US symbol', 'part': 'R_US'} (kibot - v5_sch.py:1762)
DEBUG:J5 (Conn_01x02): 1 {'Reference': 'J5', 'Value': 'Conn_01x02', 'Footprint': 'Connector_Phoenix_SPT:PhoenixContact_SPT_2.5_2-H-5.0_1x02_P5.0mm_Horizontal', 'Datasheet': '~', 'desc': 'Generic connector, single row, 01x02, script generated (kicad-library-utils/schlib/autogen/connector/)', 'part': 'Conn_01x02'} (kibot - v5_sch.py:1762)
DEBUG:R17 (R_US 2k2): 1 {'Reference': 'R17', 'Value': '2k2', 'Footprint': '', 'Datasheet': '~', 'desc': 'Resistor, US symbol', 'part': 'R_US'} (kibot - v5_sch.py:1762)
DEBUG:C7 (C_Small): 1 {'Reference': 'C7', 'Value': 'C_Small', 'Footprint': '', 'Datasheet': '~', 'desc': 'Unpolarized capacitor, small symbol', 'part': 'C_Small'} (kibot - v5_sch.py:1762)
DEBUG:R4 (R_US 8k2): 1 {'Reference': 'R4', 'Value': '8k2', 'Footprint': 'Resistor_THT:R_Axial_Power_L25.0mm_W6.4mm_P27.94mm', 'Datasheet': '~', 'desc': 'Resistor, US symbol', 'part': 'R_US'} (kibot - v5_sch.py:1762)
DEBUG:U1 (OPAMP ${SIM.PARAMS}): 1 {'Reference': 'U1', 'Value': '${SIM.PARAMS}', 'Footprint': '', 'Datasheet': 'https://ngspice.sourceforge.io/docs/ngspice-html-manual/manual.xhtml#sec__SUBCKT_Subcircuits', 'desc': 'Operational amplifier, single', 'Sim.Pins': '1=in+ 2=in- 3=vcc 4=vee 5=out', 'Sim.Device': 'SUBCKT', 'Sim.Library': '/usr/share/kicad/symbols/Simulation_SPICE.sp', 'Sim.Name': 'kicad_builtin_opamp', 'part': 'OPAMP'} (kibot - v5_sch.py:1762)
DEBUG:C5 (C_Polarized_Small_US 10u): 1 {'Reference': 'C5', 'Value': '10u', 'Footprint': '', 'Datasheet': '~', 'desc': 'Polarized capacitor, small US symbol', 'part': 'C_Polarized_Small_US'} (kibot - v5_sch.py:1762)
DEBUG:R15 (R_US 2k2): 1 {'Reference': 'R15', 'Value': '2k2', 'Footprint': '', 'Datasheet': '~', 'desc': 'Resistor, US symbol', 'part': 'R_US'} (kibot - v5_sch.py:1762)
DEBUG:C2 (C 10n): 1 {'Reference': 'C2', 'Value': '10n', 'Footprint': 'Capacitor_THT:C_Disc_D7.0mm_W2.5mm_P5.00mm', 'Datasheet': '~', 'desc': 'Unpolarized capacitor', 'part': 'C'} (kibot - v5_sch.py:1762)
DEBUG:J3 (Conn_01x01): 1 {'Reference': 'J3', 'Value': 'Conn_01x01', 'Footprint': 'Connector_PinSocket_1.27mm:PinSocket_1x01_P1.27mm_Vertical', 'Datasheet': '~', 'desc': 'Generic connector, single row, 01x01, script generated (kicad-library-utils/schlib/autogen/connector/)', 'part': 'Conn_01x01'} (kibot - v5_sch.py:1762)
DEBUG:LS1 (Speaker): 1 {'Reference': 'LS1', 'Value': 'Speaker', 'Footprint': '', 'Datasheet': '~', 'desc': 'Speaker', 'part': 'Speaker'} (kibot - v5_sch.py:1762)
DEBUG:J6 (Conn_01x02): 1 {'Reference': 'J6', 'Value': 'Conn_01x02', 'Footprint': '', 'Datasheet': '~', 'desc': 'Generic connector, single row, 01x02, script generated (kicad-library-utils/schlib/autogen/connector/)', 'part': 'Conn_01x02'} (kibot - v5_sch.py:1762)
DEBUG:R7 (R_US 2k2): 1 {'Reference': 'R7', 'Value': '2k2', 'Footprint': '', 'Datasheet': '~', 'desc': 'Resistor, US symbol', 'part': 'R_US'} (kibot - v5_sch.py:1762)
DEBUG:J4 (Conn_01x01): 1 {'Reference': 'J4', 'Value': 'Conn_01x01', 'Footprint': 'Connector_PinSocket_1.27mm:PinSocket_1x01_P1.27mm_Vertical', 'Datasheet': '~', 'desc': 'Generic connector, single row, 01x01, script generated (kicad-library-utils/schlib/autogen/connector/)', 'part': 'Conn_01x01'} (kibot - v5_sch.py:1762)
DEBUG:R24 (R_US 2k2): 1 {'Reference': 'R24', 'Value': '2k2', 'Footprint': '', 'Datasheet': '~', 'desc': 'Resistor, US symbol', 'part': 'R_US'} (kibot - v5_sch.py:1762)
DEBUG:J7 (Conn_01x03): 1 {'Reference': 'J7', 'Value': 'Conn_01x03', 'Footprint': '', 'Datasheet': '~', 'desc': 'Generic connector, single row, 01x03, script generated (kicad-library-utils/schlib/autogen/connector/)', 'part': 'Conn_01x03'} (kibot - v5_sch.py:1762)
DEBUG:R6 (R_US 2k2): 1 {'Reference': 'R6', 'Value': '2k2', 'Footprint': '', 'Datasheet': '~', 'desc': 'Resistor, US symbol', 'part': 'R_US'} (kibot - v5_sch.py:1762)
DEBUG:R16 (R_US 2k2): 1 {'Reference': 'R16', 'Value': '2k2', 'Footprint': '', 'Datasheet': '~', 'desc': 'Resistor, US symbol', 'part': 'R_US'} (kibot - v5_sch.py:1762)
DEBUG:R26 (R_US 2k2): 1 {'Reference': 'R26', 'Value': '2k2', 'Footprint': '', 'Datasheet': '~', 'desc': 'Resistor, US symbol', 'part': 'R_US'} (kibot - v5_sch.py:1762)
DEBUG:R18 (R_US 2k2): 1 {'Reference': 'R18', 'Value': '2k2', 'Footprint': '', 'Datasheet': '~', 'desc': 'Resistor, US symbol', 'part': 'R_US'} (kibot - v5_sch.py:1762)
DEBUG:R22 (R_US 2k2): 1 {'Reference': 'R22', 'Value': '2k2', 'Footprint': '', 'Datasheet': '~', 'desc': 'Resistor, US symbol', 'part': 'R_US'} (kibot - v5_sch.py:1762)
DEBUG:J1 (Conn_01x03): 1 {'Reference': 'J1', 'Value': 'Conn_01x03', 'Footprint': 'Connector_PinHeader_1.00mm:PinHeader_1x03_P1.00mm_Vertical', 'Datasheet': '~', 'desc': 'Generic connector, single row, 01x03, script generated (kicad-library-utils/schlib/autogen/connector/)', 'part': 'Conn_01x03'} (kibot - v5_sch.py:1762)
DEBUG:C4 (C_Polarized_Small_US 47n): 1 {'Reference': 'C4', 'Value': '47n', 'Footprint': '', 'Datasheet': '~', 'desc': 'Polarized capacitor, small US symbol', 'part': 'C_Polarized_Small_US'} (kibot - v5_sch.py:1762)
DEBUG:R9 (R_US 2k2): 1 {'Reference': 'R9', 'Value': '2k2', 'Footprint': '', 'Datasheet': '~', 'desc': 'Resistor, US symbol', 'part': 'R_US'} (kibot - v5_sch.py:1762)
DEBUG:R3 (R_Potentiometer_US 100k): 1 {'Reference': 'R3', 'Value': '100k', 'Footprint': 'Potentiometer_THT:Potentiometer_Bourns_3296W_Vertical', 'Datasheet': '~', 'desc': 'Potentiometer, US symbol', 'part': 'R_Potentiometer_US'} (kibot - v5_sch.py:1762)
DEBUG:R5 (R_US 2k2): 1 {'Reference': 'R5', 'Value': '2k2', 'Footprint': 'Resistor_THT:R_Axial_Power_L25.0mm_W6.4mm_P27.94mm', 'Datasheet': '~', 'desc': 'Resistor, US symbol', 'part': 'R_US'} (kibot - v5_sch.py:1762)
DEBUG:C6 (C_Small): 1 {'Reference': 'C6', 'Value': 'C_Small', 'Footprint': '', 'Datasheet': '~', 'desc': 'Unpolarized capacitor, small symbol', 'part': 'C_Small'} (kibot - v5_sch.py:1762)
DEBUG:R10 (R_US 2k2): 1 {'Reference': 'R10', 'Value': '2k2', 'Footprint': '', 'Datasheet': '~', 'desc': 'Resistor, US symbol', 'part': 'R_US'} (kibot - v5_sch.py:1762)
DEBUG:R2 (R_Potentiometer_US 100k): 1 {'Reference': 'R2', 'Value': '100k', 'Footprint': 'Potentiometer_THT:Potentiometer_Bourns_3296W_Vertical', 'Datasheet': '~', 'desc': 'Potentiometer, US symbol', 'part': 'R_Potentiometer_US'} (kibot - v5_sch.py:1762)
DEBUG:R12 (R_US 2k2): 1 {'Reference': 'R12', 'Value': '2k2', 'Footprint': '', 'Datasheet': '~', 'desc': 'Resistor, US symbol', 'part': 'R_US'} (kibot - v5_sch.py:1762)
DEBUG:R20 (R_US 2k2): 1 {'Reference': 'R20', 'Value': '2k2', 'Footprint': '', 'Datasheet': '~', 'desc': 'Resistor, US symbol', 'part': 'R_US'} (kibot - v5_sch.py:1762)
DEBUG:J8 (AudioJack2_Ground): 1 {'Reference': 'J8', 'Value': 'AudioJack2_Ground', 'Footprint': '', 'Datasheet': '~', 'desc': 'Audio Jack, 2 Poles (Mono / TS), Grounded Sleeve', 'part': 'AudioJack2_Ground'} (kibot - v5_sch.py:1762)
DEBUG:U2 (LM386): 1 {'Reference': 'U2', 'Value': 'LM386', 'Footprint': '', 'Datasheet': 'http://www.ti.com/lit/ds/symlink/lm386.pdf', 'desc': 'Low Voltage Audio Power Amplifier, DIP-8/SOIC-8/SSOP-8', 'part': 'LM386'} (kibot - v5_sch.py:1762)
DEBUG:R14 (R_US 2k2): 1 {'Reference': 'R14', 'Value': '2k2', 'Footprint': '', 'Datasheet': '~', 'desc': 'Resistor, US symbol', 'part': 'R_US'} (kibot - v5_sch.py:1762)
DEBUG:J2 (Conn_01x02): 1 {'Reference': 'J2', 'Value': 'Conn_01x02', 'Footprint': 'Connector_Phoenix_SPT:PhoenixContact_SPT_2.5_2-H-5.0_1x02_P5.0mm_Horizontal', 'Datasheet': '~', 'desc': 'Generic connector, single row, 01x02, script generated (kicad-library-utils/schlib/autogen/connector/)', 'part': 'Conn_01x02'} (kibot - v5_sch.py:1762)
DEBUG:R11 (R_US 2k2): 1 {'Reference': 'R11', 'Value': '2k2', 'Footprint': '', 'Datasheet': '~', 'desc': 'Resistor, US symbol', 'part': 'R_US'} (kibot - v5_sch.py:1762)
DEBUG:C1 (C_Polarized_Small_US 10u): 1 {'Reference': 'C1', 'Value': '10u', 'Footprint': 'Capacitor_THT:CP_Radial_D10.0mm_P5.00mm_P7.50mm', 'Datasheet': '~', 'desc': 'Polarized capacitor, small US symbol', 'part': 'C_Polarized_Small_US'} (kibot - v5_sch.py:1762)
DEBUG:R25 (R_Potentiometer_US 100k): 1 {'Reference': 'R25', 'Value': '100k', 'Footprint': 'Potentiometer_THT:Potentiometer_Bourns_3296W_Vertical', 'Datasheet': '~', 'desc': 'Potentiometer, US symbol', 'part': 'R_Potentiometer_US'} (kibot - v5_sch.py:1762)
DEBUG:C3 (C_Polarized_Small_US 10u): 1 {'Reference': 'C3', 'Value': '10u', 'Footprint': 'Capacitor_THT:CP_Radial_D10.0mm_P5.00mm_P7.50mm', 'Datasheet': '~', 'desc': 'Polarized capacitor, small US symbol', 'part': 'C_Polarized_Small_US'} (kibot - v5_sch.py:1762)
DEBUG:R19 (R_US 2k2): 1 {'Reference': 'R19', 'Value': '2k2', 'Footprint': '', 'Datasheet': '~', 'desc': 'Resistor, US symbol', 'part': 'R_US'} (kibot - v5_sch.py:1762)
DEBUG:MK1 (Microphone Mic): 1 {'Reference': 'MK1', 'Value': 'Mic', 'Footprint': 'Sensor_Audio:POM-2244P-C3310-2-R', 'Datasheet': '~', 'desc': 'Microphone', 'part': 'Microphone'} (kibot - v5_sch.py:1762)
DEBUG:Filters reset (kibot - fil_base.py:196)
DEBUG:Transfer "Exclude from bill of materials" from schematic (kibot - out_bom.py:1016)
DEBUG:Applying filter `_mechanical` to exclude (kibot - fil_base.py:187)
DEBUG:Applying filter `_kibom_dnf_config` to fitted (kibot - fil_base.py:214)
DEBUG:Applying filter `_kibom_dnc_config` to fixed (kibot - fil_base.py:224)
DEBUG:Applying KiBoM style variants `default` (kibot - var_kibom.py:91)
DEBUG:Applying transform filter `_expand_text_vars` (kibot - fil_base.py:173)
DEBUG:Using auxiliary origin: x=0 y=0 (kibot - bom.py:498)
DEBUG:Global stats: total 47 fitted 47 build 47 (kibot - bom.py:571)
DEBUG:Saving BOM File: /__w/iie_tp/iie_tp/Generated/BoM/Generic/iie_tp-bom.html (kibot - bom.py:588)
DEBUG:HTML Output -> /__w/iie_tp/iie_tp/Generated/BoM/Generic/iie_tp-bom.html (kibot - bom_writer.py:52)
DEBUG:Using global `output`=`%f-%i%I%v.%x` (kibot - optionable.py:58)
DEBUG:Valid columns: ['Row', 'Description', 'Part', 'Part Lib', 'References', 'Value', 'Footprint', 'Footprint Lib', 'Quantity Per PCB', 'Build Quantity', 'Status', 'Datasheet', 'Sheetpath', 'Source BoM', 'Reference', 'Sim.Pins', 'Sim.Device', 'Sim.Library', 'Sim.Name'] (19) (kibot - out_bom.py:697)
DEBUG:Valid columns: ['Row', 'Description', 'Part', 'Part Lib', 'References', 'Value', 'Footprint', 'Footprint Lib', 'Quantity Per PCB', 'Build Quantity', 'Status', 'Datasheet', 'Sheetpath', 'Source BoM', 'Reference', 'Sim.Pins', 'Sim.Device', 'Sim.Library', 'Sim.Name'] (19) (kibot - out_bom.py:697)
- 'Generic Bill of Materials in CSV format' (generic_bom_csv) [bom]
DEBUG:Expanding `Generated/BoM/Generic` in SCH context for <kibot.out_bom.BoMOptions object at 0x7fa316cc0b90> parent: 'Generic Bill of Materials in CSV format' (generic_bom_csv) [bom] (kibot - optionable.py:493)
DEBUG:Expanded `Generated/BoM/Generic` (kibot - optionable.py:539)
DEBUG:Output destination: /__w/iie_tp/iie_tp/Generated/BoM/Generic (kibot - kiplot.py:565)
DEBUG:Expanding `%f-%i%I%v.%x` in SCH context for <kibot.out_bom.BoMOptions object at 0x7fa316cc0b90> parent: 'Generic Bill of Materials in CSV format' (generic_bom_csv) [bom] (kibot - optionable.py:493)
DEBUG:Expanded `iie_tp-bom.csv` (kibot - optionable.py:539)
DEBUG:Before collapse: (kibot - v5_sch.py:1717)
DEBUG:C8 (C_Polarized_Small_US): 1 {'Reference': 'C8', 'Value': 'C_Polarized_Small_US', 'Footprint': '', 'Datasheet': '~', 'Description': 'Polarized capacitor, small US symbol', 'part': 'C_Polarized_Small_US'} (kibot - v5_sch.py:1720)
DEBUG:R21 (R_US 2k2): 1 {'Reference': 'R21', 'Value': '2k2', 'Footprint': '', 'Datasheet': '~', 'Description': 'Resistor, US symbol', 'part': 'R_US'} (kibot - v5_sch.py:1720)
DEBUG:R23 (R_US 2k2): 1 {'Reference': 'R23', 'Value': '2k2', 'Footprint': '', 'Datasheet': '~', 'Description': 'Resistor, US symbol', 'part': 'R_US'} (kibot - v5_sch.py:1720)
DEBUG:A1 (Arduino_UNO_R3): 1 {'Reference': 'A1', 'Value': 'Arduino_UNO_R3', 'Footprint': 'Module:Arduino_UNO_R3', 'Datasheet': 'https://www.arduino.cc/en/Main/arduinoBoardUno', 'Description': 'Arduino UNO Microcontroller Module, release 3', 'part': 'Arduino_UNO_R3'} (kibot - v5_sch.py:1720)
DEBUG:R8 (R_US 2k2): 1 {'Reference': 'R8', 'Value': '2k2', 'Footprint': '', 'Datasheet': '~', 'Description': 'Resistor, US symbol', 'part': 'R_US'} (kibot - v5_sch.py:1720)
DEBUG:R13 (R_US 2k2): 1 {'Reference': 'R13', 'Value': '2k2', 'Footprint': '', 'Datasheet': '~', 'Description': 'Resistor, US symbol', 'part': 'R_US'} (kibot - v5_sch.py:1720)
DEBUG:R1 (R_US 4k7): 1 {'Reference': 'R1', 'Value': '4k7', 'Footprint': 'Resistor_THT:R_Axial_Power_L25.0mm_W6.4mm_P27.94mm', 'Datasheet': '~', 'Description': 'Resistor, US symbol', 'part': 'R_US'} (kibot - v5_sch.py:1720)
DEBUG:J5 (Conn_01x02): 1 {'Reference': 'J5', 'Value': 'Conn_01x02', 'Footprint': 'Connector_Phoenix_SPT:PhoenixContact_SPT_2.5_2-H-5.0_1x02_P5.0mm_Horizontal', 'Datasheet': '~', 'Description': 'Generic connector, single row, 01x02, script generated (kicad-library-utils/schlib/autogen/connector/)', 'part': 'Conn_01x02'} (kibot - v5_sch.py:1720)
DEBUG:R17 (R_US 2k2): 1 {'Reference': 'R17', 'Value': '2k2', 'Footprint': '', 'Datasheet': '~', 'Description': 'Resistor, US symbol', 'part': 'R_US'} (kibot - v5_sch.py:1720)
DEBUG:C7 (C_Small): 1 {'Reference': 'C7', 'Value': 'C_Small', 'Footprint': '', 'Datasheet': '~', 'Description': 'Unpolarized capacitor, small symbol', 'part': 'C_Small'} (kibot - v5_sch.py:1720)
DEBUG:R4 (R_US 8k2): 1 {'Reference': 'R4', 'Value': '8k2', 'Footprint': 'Resistor_THT:R_Axial_Power_L25.0mm_W6.4mm_P27.94mm', 'Datasheet': '~', 'Description': 'Resistor, US symbol', 'part': 'R_US'} (kibot - v5_sch.py:1720)
DEBUG:U1 (OPAMP ${SIM.PARAMS}): 1 {'Reference': 'U1', 'Value': '${SIM.PARAMS}', 'Footprint': '', 'Datasheet': 'https://ngspice.sourceforge.io/docs/ngspice-html-manual/manual.xhtml#sec__SUBCKT_Subcircuits', 'Description': 'Operational amplifier, single', 'Sim.Pins': '1=in+ 2=in- 3=vcc 4=vee 5=out', 'Sim.Device': 'SUBCKT', 'Sim.Library': '/usr/share/kicad/symbols/Simulation_SPICE.sp', 'Sim.Name': 'kicad_builtin_opamp', 'part': 'OPAMP'} (kibot - v5_sch.py:1720)
DEBUG:C5 (C_Polarized_Small_US 10u): 1 {'Reference': 'C5', 'Value': '10u', 'Footprint': '', 'Datasheet': '~', 'Description': 'Polarized capacitor, small US symbol', 'part': 'C_Polarized_Small_US'} (kibot - v5_sch.py:1720)
DEBUG:R15 (R_US 2k2): 1 {'Reference': 'R15', 'Value': '2k2', 'Footprint': '', 'Datasheet': '~', 'Description': 'Resistor, US symbol', 'part': 'R_US'} (kibot - v5_sch.py:1720)
DEBUG:C2 (C 10n): 1 {'Reference': 'C2', 'Value': '10n', 'Footprint': 'Capacitor_THT:C_Disc_D7.0mm_W2.5mm_P5.00mm', 'Datasheet': '~', 'Description': 'Unpolarized capacitor', 'part': 'C'} (kibot - v5_sch.py:1720)
DEBUG:J3 (Conn_01x01): 1 {'Reference': 'J3', 'Value': 'Conn_01x01', 'Footprint': 'Connector_PinSocket_1.27mm:PinSocket_1x01_P1.27mm_Vertical', 'Datasheet': '~', 'Description': 'Generic connector, single row, 01x01, script generated (kicad-library-utils/schlib/autogen/connector/)', 'part': 'Conn_01x01'} (kibot - v5_sch.py:1720)
DEBUG:LS1 (Speaker): 1 {'Reference': 'LS1', 'Value': 'Speaker', 'Footprint': '', 'Datasheet': '~', 'Description': 'Speaker', 'part': 'Speaker'} (kibot - v5_sch.py:1720)
DEBUG:J6 (Conn_01x02): 1 {'Reference': 'J6', 'Value': 'Conn_01x02', 'Footprint': '', 'Datasheet': '~', 'Description': 'Generic connector, single row, 01x02, script generated (kicad-library-utils/schlib/autogen/connector/)', 'part': 'Conn_01x02'} (kibot - v5_sch.py:1720)
DEBUG:R7 (R_US 2k2): 1 {'Reference': 'R7', 'Value': '2k2', 'Footprint': '', 'Datasheet': '~', 'Description': 'Resistor, US symbol', 'part': 'R_US'} (kibot - v5_sch.py:1720)
DEBUG:J4 (Conn_01x01): 1 {'Reference': 'J4', 'Value': 'Conn_01x01', 'Footprint': 'Connector_PinSocket_1.27mm:PinSocket_1x01_P1.27mm_Vertical', 'Datasheet': '~', 'Description': 'Generic connector, single row, 01x01, script generated (kicad-library-utils/schlib/autogen/connector/)', 'part': 'Conn_01x01'} (kibot - v5_sch.py:1720)
DEBUG:R24 (R_US 2k2): 1 {'Reference': 'R24', 'Value': '2k2', 'Footprint': '', 'Datasheet': '~', 'Description': 'Resistor, US symbol', 'part': 'R_US'} (kibot - v5_sch.py:1720)
DEBUG:J7 (Conn_01x03): 1 {'Reference': 'J7', 'Value': 'Conn_01x03', 'Footprint': '', 'Datasheet': '~', 'Description': 'Generic connector, single row, 01x03, script generated (kicad-library-utils/schlib/autogen/connector/)', 'part': 'Conn_01x03'} (kibot - v5_sch.py:1720)
DEBUG:R6 (R_US 2k2): 1 {'Reference': 'R6', 'Value': '2k2', 'Footprint': '', 'Datasheet': '~', 'Description': 'Resistor, US symbol', 'part': 'R_US'} (kibot - v5_sch.py:1720)
DEBUG:R16 (R_US 2k2): 1 {'Reference': 'R16', 'Value': '2k2', 'Footprint': '', 'Datasheet': '~', 'Description': 'Resistor, US symbol', 'part': 'R_US'} (kibot - v5_sch.py:1720)
DEBUG:R26 (R_US 2k2): 1 {'Reference': 'R26', 'Value': '2k2', 'Footprint': '', 'Datasheet': '~', 'Description': 'Resistor, US symbol', 'part': 'R_US'} (kibot - v5_sch.py:1720)
DEBUG:R18 (R_US 2k2): 1 {'Reference': 'R18', 'Value': '2k2', 'Footprint': '', 'Datasheet': '~', 'Description': 'Resistor, US symbol', 'part': 'R_US'} (kibot - v5_sch.py:1720)
DEBUG:R22 (R_US 2k2): 1 {'Reference': 'R22', 'Value': '2k2', 'Footprint': '', 'Datasheet': '~', 'Description': 'Resistor, US symbol', 'part': 'R_US'} (kibot - v5_sch.py:1720)
DEBUG:J1 (Conn_01x03): 1 {'Reference': 'J1', 'Value': 'Conn_01x03', 'Footprint': 'Connector_PinHeader_1.00mm:PinHeader_1x03_P1.00mm_Vertical', 'Datasheet': '~', 'Description': 'Generic connector, single row, 01x03, script generated (kicad-library-utils/schlib/autogen/connector/)', 'part': 'Conn_01x03'} (kibot - v5_sch.py:1720)
DEBUG:C4 (C_Polarized_Small_US 47n): 1 {'Reference': 'C4', 'Value': '47n', 'Footprint': '', 'Datasheet': '~', 'Description': 'Polarized capacitor, small US symbol', 'part': 'C_Polarized_Small_US'} (kibot - v5_sch.py:1720)
DEBUG:R9 (R_US 2k2): 1 {'Reference': 'R9', 'Value': '2k2', 'Footprint': '', 'Datasheet': '~', 'Description': 'Resistor, US symbol', 'part': 'R_US'} (kibot - v5_sch.py:1720)
DEBUG:R3 (R_Potentiometer_US 100k): 1 {'Reference': 'R3', 'Value': '100k', 'Footprint': 'Potentiometer_THT:Potentiometer_Bourns_3296W_Vertical', 'Datasheet': '~', 'Description': 'Potentiometer, US symbol', 'part': 'R_Potentiometer_US'} (kibot - v5_sch.py:1720)
DEBUG:R5 (R_US 2k2): 1 {'Reference': 'R5', 'Value': '2k2', 'Footprint': 'Resistor_THT:R_Axial_Power_L25.0mm_W6.4mm_P27.94mm', 'Datasheet': '~', 'Description': 'Resistor, US symbol', 'part': 'R_US'} (kibot - v5_sch.py:1720)
DEBUG:C6 (C_Small): 1 {'Reference': 'C6', 'Value': 'C_Small', 'Footprint': '', 'Datasheet': '~', 'Description': 'Unpolarized capacitor, small symbol', 'part': 'C_Small'} (kibot - v5_sch.py:1720)
DEBUG:R10 (R_US 2k2): 1 {'Reference': 'R10', 'Value': '2k2', 'Footprint': '', 'Datasheet': '~', 'Description': 'Resistor, US symbol', 'part': 'R_US'} (kibot - v5_sch.py:1720)
DEBUG:R2 (R_Potentiometer_US 100k): 1 {'Reference': 'R2', 'Value': '100k', 'Footprint': 'Potentiometer_THT:Potentiometer_Bourns_3296W_Vertical', 'Datasheet': '~', 'Description': 'Potentiometer, US symbol', 'part': 'R_Potentiometer_US'} (kibot - v5_sch.py:1720)
DEBUG:R12 (R_US 2k2): 1 {'Reference': 'R12', 'Value': '2k2', 'Footprint': '', 'Datasheet': '~', 'Description': 'Resistor, US symbol', 'part': 'R_US'} (kibot - v5_sch.py:1720)
DEBUG:R20 (R_US 2k2): 1 {'Reference': 'R20', 'Value': '2k2', 'Footprint': '', 'Datasheet': '~', 'Description': 'Resistor, US symbol', 'part': 'R_US'} (kibot - v5_sch.py:1720)
DEBUG:J8 (AudioJack2_Ground): 1 {'Reference': 'J8', 'Value': 'AudioJack2_Ground', 'Footprint': '', 'Datasheet': '~', 'Description': 'Audio Jack, 2 Poles (Mono / TS), Grounded Sleeve', 'part': 'AudioJack2_Ground'} (kibot - v5_sch.py:1720)
DEBUG:U2 (LM386): 1 {'Reference': 'U2', 'Value': 'LM386', 'Footprint': '', 'Datasheet': 'http://www.ti.com/lit/ds/symlink/lm386.pdf', 'Description': 'Low Voltage Audio Power Amplifier, DIP-8/SOIC-8/SSOP-8', 'part': 'LM386'} (kibot - v5_sch.py:1720)
DEBUG:R14 (R_US 2k2): 1 {'Reference': 'R14', 'Value': '2k2', 'Footprint': '', 'Datasheet': '~', 'Description': 'Resistor, US symbol', 'part': 'R_US'} (kibot - v5_sch.py:1720)
DEBUG:J2 (Conn_01x02): 1 {'Reference': 'J2', 'Value': 'Conn_01x02', 'Footprint': 'Connector_Phoenix_SPT:PhoenixContact_SPT_2.5_2-H-5.0_1x02_P5.0mm_Horizontal', 'Datasheet': '~', 'Description': 'Generic connector, single row, 01x02, script generated (kicad-library-utils/schlib/autogen/connector/)', 'part': 'Conn_01x02'} (kibot - v5_sch.py:1720)
DEBUG:R11 (R_US 2k2): 1 {'Reference': 'R11', 'Value': '2k2', 'Footprint': '', 'Datasheet': '~', 'Description': 'Resistor, US symbol', 'part': 'R_US'} (kibot - v5_sch.py:1720)
DEBUG:C1 (C_Polarized_Small_US 10u): 1 {'Reference': 'C1', 'Value': '10u', 'Footprint': 'Capacitor_THT:CP_Radial_D10.0mm_P5.00mm_P7.50mm', 'Datasheet': '~', 'Description': 'Polarized capacitor, small US symbol', 'part': 'C_Polarized_Small_US'} (kibot - v5_sch.py:1720)
DEBUG:R25 (R_Potentiometer_US 100k): 1 {'Reference': 'R25', 'Value': '100k', 'Footprint': 'Potentiometer_THT:Potentiometer_Bourns_3296W_Vertical', 'Datasheet': '~', 'Description': 'Potentiometer, US symbol', 'part': 'R_Potentiometer_US'} (kibot - v5_sch.py:1720)
DEBUG:C3 (C_Polarized_Small_US 10u): 1 {'Reference': 'C3', 'Value': '10u', 'Footprint': 'Capacitor_THT:CP_Radial_D10.0mm_P5.00mm_P7.50mm', 'Datasheet': '~', 'Description': 'Polarized capacitor, small US symbol', 'part': 'C_Polarized_Small_US'} (kibot - v5_sch.py:1720)
DEBUG:R19 (R_US 2k2): 1 {'Reference': 'R19', 'Value': '2k2', 'Footprint': '', 'Datasheet': '~', 'Description': 'Resistor, US symbol', 'part': 'R_US'} (kibot - v5_sch.py:1720)
DEBUG:MK1 (Microphone Mic): 1 {'Reference': 'MK1', 'Value': 'Mic', 'Footprint': 'Sensor_Audio:POM-2244P-C3310-2-R', 'Datasheet': '~', 'Description': 'Microphone', 'part': 'Microphone'} (kibot - v5_sch.py:1720)
DEBUG:After collapse: (kibot - v5_sch.py:1759)
DEBUG:C8 (C_Polarized_Small_US): 1 {'Reference': 'C8', 'Value': 'C_Polarized_Small_US', 'Footprint': '', 'Datasheet': '~', 'Description': 'Polarized capacitor, small US symbol', 'part': 'C_Polarized_Small_US'} (kibot - v5_sch.py:1762)
DEBUG:R21 (R_US 2k2): 1 {'Reference': 'R21', 'Value': '2k2', 'Footprint': '', 'Datasheet': '~', 'Description': 'Resistor, US symbol', 'part': 'R_US'} (kibot - v5_sch.py:1762)
DEBUG:R23 (R_US 2k2): 1 {'Reference': 'R23', 'Value': '2k2', 'Footprint': '', 'Datasheet': '~', 'Description': 'Resistor, US symbol', 'part': 'R_US'} (kibot - v5_sch.py:1762)
DEBUG:A1 (Arduino_UNO_R3): 1 {'Reference': 'A1', 'Value': 'Arduino_UNO_R3', 'Footprint': 'Module:Arduino_UNO_R3', 'Datasheet': 'https://www.arduino.cc/en/Main/arduinoBoardUno', 'Description': 'Arduino UNO Microcontroller Module, release 3', 'part': 'Arduino_UNO_R3'} (kibot - v5_sch.py:1762)
DEBUG:R8 (R_US 2k2): 1 {'Reference': 'R8', 'Value': '2k2', 'Footprint': '', 'Datasheet': '~', 'Description': 'Resistor, US symbol', 'part': 'R_US'} (kibot - v5_sch.py:1762)
DEBUG:R13 (R_US 2k2): 1 {'Reference': 'R13', 'Value': '2k2', 'Footprint': '', 'Datasheet': '~', 'Description': 'Resistor, US symbol', 'part': 'R_US'} (kibot - v5_sch.py:1762)
DEBUG:R1 (R_US 4k7): 1 {'Reference': 'R1', 'Value': '4k7', 'Footprint': 'Resistor_THT:R_Axial_Power_L25.0mm_W6.4mm_P27.94mm', 'Datasheet': '~', 'Description': 'Resistor, US symbol', 'part': 'R_US'} (kibot - v5_sch.py:1762)
DEBUG:J5 (Conn_01x02): 1 {'Reference': 'J5', 'Value': 'Conn_01x02', 'Footprint': 'Connector_Phoenix_SPT:PhoenixContact_SPT_2.5_2-H-5.0_1x02_P5.0mm_Horizontal', 'Datasheet': '~', 'Description': 'Generic connector, single row, 01x02, script generated (kicad-library-utils/schlib/autogen/connector/)', 'part': 'Conn_01x02'} (kibot - v5_sch.py:1762)
DEBUG:R17 (R_US 2k2): 1 {'Reference': 'R17', 'Value': '2k2', 'Footprint': '', 'Datasheet': '~', 'Description': 'Resistor, US symbol', 'part': 'R_US'} (kibot - v5_sch.py:1762)
DEBUG:C7 (C_Small): 1 {'Reference': 'C7', 'Value': 'C_Small', 'Footprint': '', 'Datasheet': '~', 'Description': 'Unpolarized capacitor, small symbol', 'part': 'C_Small'} (kibot - v5_sch.py:1762)
DEBUG:R4 (R_US 8k2): 1 {'Reference': 'R4', 'Value': '8k2', 'Footprint': 'Resistor_THT:R_Axial_Power_L25.0mm_W6.4mm_P27.94mm', 'Datasheet': '~', 'Description': 'Resistor, US symbol', 'part': 'R_US'} (kibot - v5_sch.py:1762)
DEBUG:U1 (OPAMP ${SIM.PARAMS}): 1 {'Reference': 'U1', 'Value': '${SIM.PARAMS}', 'Footprint': '', 'Datasheet': 'https://ngspice.sourceforge.io/docs/ngspice-html-manual/manual.xhtml#sec__SUBCKT_Subcircuits', 'Description': 'Operational amplifier, single', 'Sim.Pins': '1=in+ 2=in- 3=vcc 4=vee 5=out', 'Sim.Device': 'SUBCKT', 'Sim.Library': '/usr/share/kicad/symbols/Simulation_SPICE.sp', 'Sim.Name': 'kicad_builtin_opamp', 'part': 'OPAMP'} (kibot - v5_sch.py:1762)
DEBUG:C5 (C_Polarized_Small_US 10u): 1 {'Reference': 'C5', 'Value': '10u', 'Footprint': '', 'Datasheet': '~', 'Description': 'Polarized capacitor, small US symbol', 'part': 'C_Polarized_Small_US'} (kibot - v5_sch.py:1762)
DEBUG:R15 (R_US 2k2): 1 {'Reference': 'R15', 'Value': '2k2', 'Footprint': '', 'Datasheet': '~', 'Description': 'Resistor, US symbol', 'part': 'R_US'} (kibot - v5_sch.py:1762)
DEBUG:C2 (C 10n): 1 {'Reference': 'C2', 'Value': '10n', 'Footprint': 'Capacitor_THT:C_Disc_D7.0mm_W2.5mm_P5.00mm', 'Datasheet': '~', 'Description': 'Unpolarized capacitor', 'part': 'C'} (kibot - v5_sch.py:1762)
DEBUG:J3 (Conn_01x01): 1 {'Reference': 'J3', 'Value': 'Conn_01x01', 'Footprint': 'Connector_PinSocket_1.27mm:PinSocket_1x01_P1.27mm_Vertical', 'Datasheet': '~', 'Description': 'Generic connector, single row, 01x01, script generated (kicad-library-utils/schlib/autogen/connector/)', 'part': 'Conn_01x01'} (kibot - v5_sch.py:1762)
DEBUG:LS1 (Speaker): 1 {'Reference': 'LS1', 'Value': 'Speaker', 'Footprint': '', 'Datasheet': '~', 'Description': 'Speaker', 'part': 'Speaker'} (kibot - v5_sch.py:1762)
DEBUG:J6 (Conn_01x02): 1 {'Reference': 'J6', 'Value': 'Conn_01x02', 'Footprint': '', 'Datasheet': '~', 'Description': 'Generic connector, single row, 01x02, script generated (kicad-library-utils/schlib/autogen/connector/)', 'part': 'Conn_01x02'} (kibot - v5_sch.py:1762)
DEBUG:R7 (R_US 2k2): 1 {'Reference': 'R7', 'Value': '2k2', 'Footprint': '', 'Datasheet': '~', 'Description': 'Resistor, US symbol', 'part': 'R_US'} (kibot - v5_sch.py:1762)
DEBUG:J4 (Conn_01x01): 1 {'Reference': 'J4', 'Value': 'Conn_01x01', 'Footprint': 'Connector_PinSocket_1.27mm:PinSocket_1x01_P1.27mm_Vertical', 'Datasheet': '~', 'Description': 'Generic connector, single row, 01x01, script generated (kicad-library-utils/schlib/autogen/connector/)', 'part': 'Conn_01x01'} (kibot - v5_sch.py:1762)
DEBUG:R24 (R_US 2k2): 1 {'Reference': 'R24', 'Value': '2k2', 'Footprint': '', 'Datasheet': '~', 'Description': 'Resistor, US symbol', 'part': 'R_US'} (kibot - v5_sch.py:1762)
DEBUG:J7 (Conn_01x03): 1 {'Reference': 'J7', 'Value': 'Conn_01x03', 'Footprint': '', 'Datasheet': '~', 'Description': 'Generic connector, single row, 01x03, script generated (kicad-library-utils/schlib/autogen/connector/)', 'part': 'Conn_01x03'} (kibot - v5_sch.py:1762)
DEBUG:R6 (R_US 2k2): 1 {'Reference': 'R6', 'Value': '2k2', 'Footprint': '', 'Datasheet': '~', 'Description': 'Resistor, US symbol', 'part': 'R_US'} (kibot - v5_sch.py:1762)
DEBUG:R16 (R_US 2k2): 1 {'Reference': 'R16', 'Value': '2k2', 'Footprint': '', 'Datasheet': '~', 'Description': 'Resistor, US symbol', 'part': 'R_US'} (kibot - v5_sch.py:1762)
DEBUG:R26 (R_US 2k2): 1 {'Reference': 'R26', 'Value': '2k2', 'Footprint': '', 'Datasheet': '~', 'Description': 'Resistor, US symbol', 'part': 'R_US'} (kibot - v5_sch.py:1762)
DEBUG:R18 (R_US 2k2): 1 {'Reference': 'R18', 'Value': '2k2', 'Footprint': '', 'Datasheet': '~', 'Description': 'Resistor, US symbol', 'part': 'R_US'} (kibot - v5_sch.py:1762)
DEBUG:R22 (R_US 2k2): 1 {'Reference': 'R22', 'Value': '2k2', 'Footprint': '', 'Datasheet': '~', 'Description': 'Resistor, US symbol', 'part': 'R_US'} (kibot - v5_sch.py:1762)
DEBUG:J1 (Conn_01x03): 1 {'Reference': 'J1', 'Value': 'Conn_01x03', 'Footprint': 'Connector_PinHeader_1.00mm:PinHeader_1x03_P1.00mm_Vertical', 'Datasheet': '~', 'Description': 'Generic connector, single row, 01x03, script generated (kicad-library-utils/schlib/autogen/connector/)', 'part': 'Conn_01x03'} (kibot - v5_sch.py:1762)
DEBUG:C4 (C_Polarized_Small_US 47n): 1 {'Reference': 'C4', 'Value': '47n', 'Footprint': '', 'Datasheet': '~', 'Description': 'Polarized capacitor, small US symbol', 'part': 'C_Polarized_Small_US'} (kibot - v5_sch.py:1762)
DEBUG:R9 (R_US 2k2): 1 {'Reference': 'R9', 'Value': '2k2', 'Footprint': '', 'Datasheet': '~', 'Description': 'Resistor, US symbol', 'part': 'R_US'} (kibot - v5_sch.py:1762)
DEBUG:R3 (R_Potentiometer_US 100k): 1 {'Reference': 'R3', 'Value': '100k', 'Footprint': 'Potentiometer_THT:Potentiometer_Bourns_3296W_Vertical', 'Datasheet': '~', 'Description': 'Potentiometer, US symbol', 'part': 'R_Potentiometer_US'} (kibot - v5_sch.py:1762)
DEBUG:R5 (R_US 2k2): 1 {'Reference': 'R5', 'Value': '2k2', 'Footprint': 'Resistor_THT:R_Axial_Power_L25.0mm_W6.4mm_P27.94mm', 'Datasheet': '~', 'Description': 'Resistor, US symbol', 'part': 'R_US'} (kibot - v5_sch.py:1762)
DEBUG:C6 (C_Small): 1 {'Reference': 'C6', 'Value': 'C_Small', 'Footprint': '', 'Datasheet': '~', 'Description': 'Unpolarized capacitor, small symbol', 'part': 'C_Small'} (kibot - v5_sch.py:1762)
DEBUG:R10 (R_US 2k2): 1 {'Reference': 'R10', 'Value': '2k2', 'Footprint': '', 'Datasheet': '~', 'Description': 'Resistor, US symbol', 'part': 'R_US'} (kibot - v5_sch.py:1762)
DEBUG:R2 (R_Potentiometer_US 100k): 1 {'Reference': 'R2', 'Value': '100k', 'Footprint': 'Potentiometer_THT:Potentiometer_Bourns_3296W_Vertical', 'Datasheet': '~', 'Description': 'Potentiometer, US symbol', 'part': 'R_Potentiometer_US'} (kibot - v5_sch.py:1762)
DEBUG:R12 (R_US 2k2): 1 {'Reference': 'R12', 'Value': '2k2', 'Footprint': '', 'Datasheet': '~', 'Description': 'Resistor, US symbol', 'part': 'R_US'} (kibot - v5_sch.py:1762)
DEBUG:R20 (R_US 2k2): 1 {'Reference': 'R20', 'Value': '2k2', 'Footprint': '', 'Datasheet': '~', 'Description': 'Resistor, US symbol', 'part': 'R_US'} (kibot - v5_sch.py:1762)
DEBUG:J8 (AudioJack2_Ground): 1 {'Reference': 'J8', 'Value': 'AudioJack2_Ground', 'Footprint': '', 'Datasheet': '~', 'Description': 'Audio Jack, 2 Poles (Mono / TS), Grounded Sleeve', 'part': 'AudioJack2_Ground'} (kibot - v5_sch.py:1762)
DEBUG:U2 (LM386): 1 {'Reference': 'U2', 'Value': 'LM386', 'Footprint': '', 'Datasheet': 'http://www.ti.com/lit/ds/symlink/lm386.pdf', 'Description': 'Low Voltage Audio Power Amplifier, DIP-8/SOIC-8/SSOP-8', 'part': 'LM386'} (kibot - v5_sch.py:1762)
DEBUG:R14 (R_US 2k2): 1 {'Reference': 'R14', 'Value': '2k2', 'Footprint': '', 'Datasheet': '~', 'Description': 'Resistor, US symbol', 'part': 'R_US'} (kibot - v5_sch.py:1762)
DEBUG:J2 (Conn_01x02): 1 {'Reference': 'J2', 'Value': 'Conn_01x02', 'Footprint': 'Connector_Phoenix_SPT:PhoenixContact_SPT_2.5_2-H-5.0_1x02_P5.0mm_Horizontal', 'Datasheet': '~', 'Description': 'Generic connector, single row, 01x02, script generated (kicad-library-utils/schlib/autogen/connector/)', 'part': 'Conn_01x02'} (kibot - v5_sch.py:1762)
DEBUG:R11 (R_US 2k2): 1 {'Reference': 'R11', 'Value': '2k2', 'Footprint': '', 'Datasheet': '~', 'Description': 'Resistor, US symbol', 'part': 'R_US'} (kibot - v5_sch.py:1762)
DEBUG:C1 (C_Polarized_Small_US 10u): 1 {'Reference': 'C1', 'Value': '10u', 'Footprint': 'Capacitor_THT:CP_Radial_D10.0mm_P5.00mm_P7.50mm', 'Datasheet': '~', 'Description': 'Polarized capacitor, small US symbol', 'part': 'C_Polarized_Small_US'} (kibot - v5_sch.py:1762)
DEBUG:R25 (R_Potentiometer_US 100k): 1 {'Reference': 'R25', 'Value': '100k', 'Footprint': 'Potentiometer_THT:Potentiometer_Bourns_3296W_Vertical', 'Datasheet': '~', 'Description': 'Potentiometer, US symbol', 'part': 'R_Potentiometer_US'} (kibot - v5_sch.py:1762)
DEBUG:C3 (C_Polarized_Small_US 10u): 1 {'Reference': 'C3', 'Value': '10u', 'Footprint': 'Capacitor_THT:CP_Radial_D10.0mm_P5.00mm_P7.50mm', 'Datasheet': '~', 'Description': 'Polarized capacitor, small US symbol', 'part': 'C_Polarized_Small_US'} (kibot - v5_sch.py:1762)
DEBUG:R19 (R_US 2k2): 1 {'Reference': 'R19', 'Value': '2k2', 'Footprint': '', 'Datasheet': '~', 'Description': 'Resistor, US symbol', 'part': 'R_US'} (kibot - v5_sch.py:1762)
DEBUG:MK1 (Microphone Mic): 1 {'Reference': 'MK1', 'Value': 'Mic', 'Footprint': 'Sensor_Audio:POM-2244P-C3310-2-R', 'Datasheet': '~', 'Description': 'Microphone', 'part': 'Microphone'} (kibot - v5_sch.py:1762)
DEBUG:Filters reset (kibot - fil_base.py:196)
DEBUG:Transfer "Exclude from bill of materials" from schematic (kibot - out_bom.py:1016)
DEBUG:Applying filter `_mechanical` to exclude (kibot - fil_base.py:187)
DEBUG:Applying filter `_kibom_dnf_config` to fitted (kibot - fil_base.py:214)
DEBUG:Applying filter `_kibom_dnc_config` to fixed (kibot - fil_base.py:224)
DEBUG:Applying KiBoM style variants `default` (kibot - var_kibom.py:91)
DEBUG:Applying transform filter `_expand_text_vars` (kibot - fil_base.py:173)
DEBUG:Using auxiliary origin: x=0 y=0 (kibot - bom.py:498)
DEBUG:Global stats: total 47 fitted 47 build 47 (kibot - bom.py:571)
DEBUG:Saving BOM File: /__w/iie_tp/iie_tp/Generated/BoM/Generic/iie_tp-bom.csv (kibot - bom.py:588)
DEBUG:CSV Output -> /__w/iie_tp/iie_tp/Generated/BoM/Generic/iie_tp-bom.csv (kibot - bom_writer.py:52)
DEBUG:Using global `output`=`%f-%i%I%v.%x` (kibot - optionable.py:58)
DEBUG:Valid columns: ['Row', 'Description', 'Part', 'Part Lib', 'References', 'Value', 'Footprint', 'Footprint Lib', 'Quantity Per PCB', 'Build Quantity', 'Status', 'Datasheet', 'Sheetpath', 'Source BoM', 'Reference', 'Sim.Pins', 'Sim.Device', 'Sim.Library', 'Sim.Name'] (19) (kibot - out_bom.py:697)
DEBUG:Valid columns: ['Row', 'Description', 'Part', 'Part Lib', 'References', 'Value', 'Footprint', 'Footprint Lib', 'Quantity Per PCB', 'Build Quantity', 'Status', 'Datasheet', 'Sheetpath', 'Source BoM', 'Reference', 'Sim.Pins', 'Sim.Device', 'Sim.Library', 'Sim.Name'] (19) (kibot - out_bom.py:697)
- 'Generic Bill of Materials in HRTXT format' (generic_bom_hrtxt) [bom]
DEBUG:Expanding `Generated/BoM/Generic` in SCH context for <kibot.out_bom.BoMOptions object at 0x7fa316c61310> parent: 'Generic Bill of Materials in HRTXT format' (generic_bom_hrtxt) [bom] (kibot - optionable.py:493)
DEBUG:Expanded `Generated/BoM/Generic` (kibot - optionable.py:539)
DEBUG:Output destination: /__w/iie_tp/iie_tp/Generated/BoM/Generic (kibot - kiplot.py:565)
DEBUG:Expanding `%f-%i%I%v.%x` in SCH context for <kibot.out_bom.BoMOptions object at 0x7fa316c61310> parent: 'Generic Bill of Materials in HRTXT format' (generic_bom_hrtxt) [bom] (kibot - optionable.py:493)
DEBUG:Expanded `iie_tp-bom.txt` (kibot - optionable.py:539)
DEBUG:Before collapse: (kibot - v5_sch.py:1717)
DEBUG:C8 (C_Polarized_Small_US): 1 {'Reference': 'C8', 'Value': 'C_Polarized_Small_US', 'Footprint': '', 'Datasheet': '~', 'Description': 'Polarized capacitor, small US symbol', 'part': 'C_Polarized_Small_US'} (kibot - v5_sch.py:1720)
DEBUG:R21 (R_US 2k2): 1 {'Reference': 'R21', 'Value': '2k2', 'Footprint': '', 'Datasheet': '~', 'Description': 'Resistor, US symbol', 'part': 'R_US'} (kibot - v5_sch.py:1720)
DEBUG:R23 (R_US 2k2): 1 {'Reference': 'R23', 'Value': '2k2', 'Footprint': '', 'Datasheet': '~', 'Description': 'Resistor, US symbol', 'part': 'R_US'} (kibot - v5_sch.py:1720)
DEBUG:A1 (Arduino_UNO_R3): 1 {'Reference': 'A1', 'Value': 'Arduino_UNO_R3', 'Footprint': 'Module:Arduino_UNO_R3', 'Datasheet': 'https://www.arduino.cc/en/Main/arduinoBoardUno', 'Description': 'Arduino UNO Microcontroller Module, release 3', 'part': 'Arduino_UNO_R3'} (kibot - v5_sch.py:1720)
DEBUG:R8 (R_US 2k2): 1 {'Reference': 'R8', 'Value': '2k2', 'Footprint': '', 'Datasheet': '~', 'Description': 'Resistor, US symbol', 'part': 'R_US'} (kibot - v5_sch.py:1720)
DEBUG:R13 (R_US 2k2): 1 {'Reference': 'R13', 'Value': '2k2', 'Footprint': '', 'Datasheet': '~', 'Description': 'Resistor, US symbol', 'part': 'R_US'} (kibot - v5_sch.py:1720)
DEBUG:R1 (R_US 4k7): 1 {'Reference': 'R1', 'Value': '4k7', 'Footprint': 'Resistor_THT:R_Axial_Power_L25.0mm_W6.4mm_P27.94mm', 'Datasheet': '~', 'Description': 'Resistor, US symbol', 'part': 'R_US'} (kibot - v5_sch.py:1720)
DEBUG:J5 (Conn_01x02): 1 {'Reference': 'J5', 'Value': 'Conn_01x02', 'Footprint': 'Connector_Phoenix_SPT:PhoenixContact_SPT_2.5_2-H-5.0_1x02_P5.0mm_Horizontal', 'Datasheet': '~', 'Description': 'Generic connector, single row, 01x02, script generated (kicad-library-utils/schlib/autogen/connector/)', 'part': 'Conn_01x02'} (kibot - v5_sch.py:1720)
DEBUG:R17 (R_US 2k2): 1 {'Reference': 'R17', 'Value': '2k2', 'Footprint': '', 'Datasheet': '~', 'Description': 'Resistor, US symbol', 'part': 'R_US'} (kibot - v5_sch.py:1720)
DEBUG:C7 (C_Small): 1 {'Reference': 'C7', 'Value': 'C_Small', 'Footprint': '', 'Datasheet': '~', 'Description': 'Unpolarized capacitor, small symbol', 'part': 'C_Small'} (kibot - v5_sch.py:1720)
DEBUG:R4 (R_US 8k2): 1 {'Reference': 'R4', 'Value': '8k2', 'Footprint': 'Resistor_THT:R_Axial_Power_L25.0mm_W6.4mm_P27.94mm', 'Datasheet': '~', 'Description': 'Resistor, US symbol', 'part': 'R_US'} (kibot - v5_sch.py:1720)
DEBUG:U1 (OPAMP ${SIM.PARAMS}): 1 {'Reference': 'U1', 'Value': '${SIM.PARAMS}', 'Footprint': '', 'Datasheet': 'https://ngspice.sourceforge.io/docs/ngspice-html-manual/manual.xhtml#sec__SUBCKT_Subcircuits', 'Description': 'Operational amplifier, single', 'Sim.Pins': '1=in+ 2=in- 3=vcc 4=vee 5=out', 'Sim.Device': 'SUBCKT', 'Sim.Library': '/usr/share/kicad/symbols/Simulation_SPICE.sp', 'Sim.Name': 'kicad_builtin_opamp', 'part': 'OPAMP'} (kibot - v5_sch.py:1720)
DEBUG:C5 (C_Polarized_Small_US 10u): 1 {'Reference': 'C5', 'Value': '10u', 'Footprint': '', 'Datasheet': '~', 'Description': 'Polarized capacitor, small US symbol', 'part': 'C_Polarized_Small_US'} (kibot - v5_sch.py:1720)
DEBUG:R15 (R_US 2k2): 1 {'Reference': 'R15', 'Value': '2k2', 'Footprint': '', 'Datasheet': '~', 'Description': 'Resistor, US symbol', 'part': 'R_US'} (kibot - v5_sch.py:1720)
DEBUG:C2 (C 10n): 1 {'Reference': 'C2', 'Value': '10n', 'Footprint': 'Capacitor_THT:C_Disc_D7.0mm_W2.5mm_P5.00mm', 'Datasheet': '~', 'Description': 'Unpolarized capacitor', 'part': 'C'} (kibot - v5_sch.py:1720)
DEBUG:J3 (Conn_01x01): 1 {'Reference': 'J3', 'Value': 'Conn_01x01', 'Footprint': 'Connector_PinSocket_1.27mm:PinSocket_1x01_P1.27mm_Vertical', 'Datasheet': '~', 'Description': 'Generic connector, single row, 01x01, script generated (kicad-library-utils/schlib/autogen/connector/)', 'part': 'Conn_01x01'} (kibot - v5_sch.py:1720)
DEBUG:LS1 (Speaker): 1 {'Reference': 'LS1', 'Value': 'Speaker', 'Footprint': '', 'Datasheet': '~', 'Description': 'Speaker', 'part': 'Speaker'} (kibot - v5_sch.py:1720)
DEBUG:J6 (Conn_01x02): 1 {'Reference': 'J6', 'Value': 'Conn_01x02', 'Footprint': '', 'Datasheet': '~', 'Description': 'Generic connector, single row, 01x02, script generated (kicad-library-utils/schlib/autogen/connector/)', 'part': 'Conn_01x02'} (kibot - v5_sch.py:1720)
DEBUG:R7 (R_US 2k2): 1 {'Reference': 'R7', 'Value': '2k2', 'Footprint': '', 'Datasheet': '~', 'Description': 'Resistor, US symbol', 'part': 'R_US'} (kibot - v5_sch.py:1720)
DEBUG:J4 (Conn_01x01): 1 {'Reference': 'J4', 'Value': 'Conn_01x01', 'Footprint': 'Connector_PinSocket_1.27mm:PinSocket_1x01_P1.27mm_Vertical', 'Datasheet': '~', 'Description': 'Generic connector, single row, 01x01, script generated (kicad-library-utils/schlib/autogen/connector/)', 'part': 'Conn_01x01'} (kibot - v5_sch.py:1720)
DEBUG:R24 (R_US 2k2): 1 {'Reference': 'R24', 'Value': '2k2', 'Footprint': '', 'Datasheet': '~', 'Description': 'Resistor, US symbol', 'part': 'R_US'} (kibot - v5_sch.py:1720)
DEBUG:J7 (Conn_01x03): 1 {'Reference': 'J7', 'Value': 'Conn_01x03', 'Footprint': '', 'Datasheet': '~', 'Description': 'Generic connector, single row, 01x03, script generated (kicad-library-utils/schlib/autogen/connector/)', 'part': 'Conn_01x03'} (kibot - v5_sch.py:1720)
DEBUG:R6 (R_US 2k2): 1 {'Reference': 'R6', 'Value': '2k2', 'Footprint': '', 'Datasheet': '~', 'Description': 'Resistor, US symbol', 'part': 'R_US'} (kibot - v5_sch.py:1720)
DEBUG:R16 (R_US 2k2): 1 {'Reference': 'R16', 'Value': '2k2', 'Footprint': '', 'Datasheet': '~', 'Description': 'Resistor, US symbol', 'part': 'R_US'} (kibot - v5_sch.py:1720)
DEBUG:R26 (R_US 2k2): 1 {'Reference': 'R26', 'Value': '2k2', 'Footprint': '', 'Datasheet': '~', 'Description': 'Resistor, US symbol', 'part': 'R_US'} (kibot - v5_sch.py:1720)
DEBUG:R18 (R_US 2k2): 1 {'Reference': 'R18', 'Value': '2k2', 'Footprint': '', 'Datasheet': '~', 'Description': 'Resistor, US symbol', 'part': 'R_US'} (kibot - v5_sch.py:1720)
DEBUG:R22 (R_US 2k2): 1 {'Reference': 'R22', 'Value': '2k2', 'Footprint': '', 'Datasheet': '~', 'Description': 'Resistor, US symbol', 'part': 'R_US'} (kibot - v5_sch.py:1720)
DEBUG:J1 (Conn_01x03): 1 {'Reference': 'J1', 'Value': 'Conn_01x03', 'Footprint': 'Connector_PinHeader_1.00mm:PinHeader_1x03_P1.00mm_Vertical', 'Datasheet': '~', 'Description': 'Generic connector, single row, 01x03, script generated (kicad-library-utils/schlib/autogen/connector/)', 'part': 'Conn_01x03'} (kibot - v5_sch.py:1720)
DEBUG:C4 (C_Polarized_Small_US 47n): 1 {'Reference': 'C4', 'Value': '47n', 'Footprint': '', 'Datasheet': '~', 'Description': 'Polarized capacitor, small US symbol', 'part': 'C_Polarized_Small_US'} (kibot - v5_sch.py:1720)
DEBUG:R9 (R_US 2k2): 1 {'Reference': 'R9', 'Value': '2k2', 'Footprint': '', 'Datasheet': '~', 'Description': 'Resistor, US symbol', 'part': 'R_US'} (kibot - v5_sch.py:1720)
DEBUG:R3 (R_Potentiometer_US 100k): 1 {'Reference': 'R3', 'Value': '100k', 'Footprint': 'Potentiometer_THT:Potentiometer_Bourns_3296W_Vertical', 'Datasheet': '~', 'Description': 'Potentiometer, US symbol', 'part': 'R_Potentiometer_US'} (kibot - v5_sch.py:1720)
DEBUG:R5 (R_US 2k2): 1 {'Reference': 'R5', 'Value': '2k2', 'Footprint': 'Resistor_THT:R_Axial_Power_L25.0mm_W6.4mm_P27.94mm', 'Datasheet': '~', 'Description': 'Resistor, US symbol', 'part': 'R_US'} (kibot - v5_sch.py:1720)
DEBUG:C6 (C_Small): 1 {'Reference': 'C6', 'Value': 'C_Small', 'Footprint': '', 'Datasheet': '~', 'Description': 'Unpolarized capacitor, small symbol', 'part': 'C_Small'} (kibot - v5_sch.py:1720)
DEBUG:R10 (R_US 2k2): 1 {'Reference': 'R10', 'Value': '2k2', 'Footprint': '', 'Datasheet': '~', 'Description': 'Resistor, US symbol', 'part': 'R_US'} (kibot - v5_sch.py:1720)
DEBUG:R2 (R_Potentiometer_US 100k): 1 {'Reference': 'R2', 'Value': '100k', 'Footprint': 'Potentiometer_THT:Potentiometer_Bourns_3296W_Vertical', 'Datasheet': '~', 'Description': 'Potentiometer, US symbol', 'part': 'R_Potentiometer_US'} (kibot - v5_sch.py:1720)
DEBUG:R12 (R_US 2k2): 1 {'Reference': 'R12', 'Value': '2k2', 'Footprint': '', 'Datasheet': '~', 'Description': 'Resistor, US symbol', 'part': 'R_US'} (kibot - v5_sch.py:1720)
DEBUG:R20 (R_US 2k2): 1 {'Reference': 'R20', 'Value': '2k2', 'Footprint': '', 'Datasheet': '~', 'Description': 'Resistor, US symbol', 'part': 'R_US'} (kibot - v5_sch.py:1720)
DEBUG:J8 (AudioJack2_Ground): 1 {'Reference': 'J8', 'Value': 'AudioJack2_Ground', 'Footprint': '', 'Datasheet': '~', 'Description': 'Audio Jack, 2 Poles (Mono / TS), Grounded Sleeve', 'part': 'AudioJack2_Ground'} (kibot - v5_sch.py:1720)
DEBUG:U2 (LM386): 1 {'Reference': 'U2', 'Value': 'LM386', 'Footprint': '', 'Datasheet': 'http://www.ti.com/lit/ds/symlink/lm386.pdf', 'Description': 'Low Voltage Audio Power Amplifier, DIP-8/SOIC-8/SSOP-8', 'part': 'LM386'} (kibot - v5_sch.py:1720)
DEBUG:R14 (R_US 2k2): 1 {'Reference': 'R14', 'Value': '2k2', 'Footprint': '', 'Datasheet': '~', 'Description': 'Resistor, US symbol', 'part': 'R_US'} (kibot - v5_sch.py:1720)
DEBUG:J2 (Conn_01x02): 1 {'Reference': 'J2', 'Value': 'Conn_01x02', 'Footprint': 'Connector_Phoenix_SPT:PhoenixContact_SPT_2.5_2-H-5.0_1x02_P5.0mm_Horizontal', 'Datasheet': '~', 'Description': 'Generic connector, single row, 01x02, script generated (kicad-library-utils/schlib/autogen/connector/)', 'part': 'Conn_01x02'} (kibot - v5_sch.py:1720)
DEBUG:R11 (R_US 2k2): 1 {'Reference': 'R11', 'Value': '2k2', 'Footprint': '', 'Datasheet': '~', 'Description': 'Resistor, US symbol', 'part': 'R_US'} (kibot - v5_sch.py:1720)
DEBUG:C1 (C_Polarized_Small_US 10u): 1 {'Reference': 'C1', 'Value': '10u', 'Footprint': 'Capacitor_THT:CP_Radial_D10.0mm_P5.00mm_P7.50mm', 'Datasheet': '~', 'Description': 'Polarized capacitor, small US symbol', 'part': 'C_Polarized_Small_US'} (kibot - v5_sch.py:1720)
DEBUG:R25 (R_Potentiometer_US 100k): 1 {'Reference': 'R25', 'Value': '100k', 'Footprint': 'Potentiometer_THT:Potentiometer_Bourns_3296W_Vertical', 'Datasheet': '~', 'Description': 'Potentiometer, US symbol', 'part': 'R_Potentiometer_US'} (kibot - v5_sch.py:1720)
DEBUG:C3 (C_Polarized_Small_US 10u): 1 {'Reference': 'C3', 'Value': '10u', 'Footprint': 'Capacitor_THT:CP_Radial_D10.0mm_P5.00mm_P7.50mm', 'Datasheet': '~', 'Description': 'Polarized capacitor, small US symbol', 'part': 'C_Polarized_Small_US'} (kibot - v5_sch.py:1720)
DEBUG:R19 (R_US 2k2): 1 {'Reference': 'R19', 'Value': '2k2', 'Footprint': '', 'Datasheet': '~', 'Description': 'Resistor, US symbol', 'part': 'R_US'} (kibot - v5_sch.py:1720)
DEBUG:MK1 (Microphone Mic): 1 {'Reference': 'MK1', 'Value': 'Mic', 'Footprint': 'Sensor_Audio:POM-2244P-C3310-2-R', 'Datasheet': '~', 'Description': 'Microphone', 'part': 'Microphone'} (kibot - v5_sch.py:1720)
DEBUG:After collapse: (kibot - v5_sch.py:1759)
DEBUG:C8 (C_Polarized_Small_US): 1 {'Reference': 'C8', 'Value': 'C_Polarized_Small_US', 'Footprint': '', 'Datasheet': '~', 'Description': 'Polarized capacitor, small US symbol', 'part': 'C_Polarized_Small_US'} (kibot - v5_sch.py:1762)
DEBUG:R21 (R_US 2k2): 1 {'Reference': 'R21', 'Value': '2k2', 'Footprint': '', 'Datasheet': '~', 'Description': 'Resistor, US symbol', 'part': 'R_US'} (kibot - v5_sch.py:1762)
DEBUG:R23 (R_US 2k2): 1 {'Reference': 'R23', 'Value': '2k2', 'Footprint': '', 'Datasheet': '~', 'Description': 'Resistor, US symbol', 'part': 'R_US'} (kibot - v5_sch.py:1762)
DEBUG:A1 (Arduino_UNO_R3): 1 {'Reference': 'A1', 'Value': 'Arduino_UNO_R3', 'Footprint': 'Module:Arduino_UNO_R3', 'Datasheet': 'https://www.arduino.cc/en/Main/arduinoBoardUno', 'Description': 'Arduino UNO Microcontroller Module, release 3', 'part': 'Arduino_UNO_R3'} (kibot - v5_sch.py:1762)
DEBUG:R8 (R_US 2k2): 1 {'Reference': 'R8', 'Value': '2k2', 'Footprint': '', 'Datasheet': '~', 'Description': 'Resistor, US symbol', 'part': 'R_US'} (kibot - v5_sch.py:1762)
DEBUG:R13 (R_US 2k2): 1 {'Reference': 'R13', 'Value': '2k2', 'Footprint': '', 'Datasheet': '~', 'Description': 'Resistor, US symbol', 'part': 'R_US'} (kibot - v5_sch.py:1762)
DEBUG:R1 (R_US 4k7): 1 {'Reference': 'R1', 'Value': '4k7', 'Footprint': 'Resistor_THT:R_Axial_Power_L25.0mm_W6.4mm_P27.94mm', 'Datasheet': '~', 'Description': 'Resistor, US symbol', 'part': 'R_US'} (kibot - v5_sch.py:1762)
DEBUG:J5 (Conn_01x02): 1 {'Reference': 'J5', 'Value': 'Conn_01x02', 'Footprint': 'Connector_Phoenix_SPT:PhoenixContact_SPT_2.5_2-H-5.0_1x02_P5.0mm_Horizontal', 'Datasheet': '~', 'Description': 'Generic connector, single row, 01x02, script generated (kicad-library-utils/schlib/autogen/connector/)', 'part': 'Conn_01x02'} (kibot - v5_sch.py:1762)
DEBUG:R17 (R_US 2k2): 1 {'Reference': 'R17', 'Value': '2k2', 'Footprint': '', 'Datasheet': '~', 'Description': 'Resistor, US symbol', 'part': 'R_US'} (kibot - v5_sch.py:1762)
DEBUG:C7 (C_Small): 1 {'Reference': 'C7', 'Value': 'C_Small', 'Footprint': '', 'Datasheet': '~', 'Description': 'Unpolarized capacitor, small symbol', 'part': 'C_Small'} (kibot - v5_sch.py:1762)
DEBUG:R4 (R_US 8k2): 1 {'Reference': 'R4', 'Value': '8k2', 'Footprint': 'Resistor_THT:R_Axial_Power_L25.0mm_W6.4mm_P27.94mm', 'Datasheet': '~', 'Description': 'Resistor, US symbol', 'part': 'R_US'} (kibot - v5_sch.py:1762)
DEBUG:U1 (OPAMP ${SIM.PARAMS}): 1 {'Reference': 'U1', 'Value': '${SIM.PARAMS}', 'Footprint': '', 'Datasheet': 'https://ngspice.sourceforge.io/docs/ngspice-html-manual/manual.xhtml#sec__SUBCKT_Subcircuits', 'Description': 'Operational amplifier, single', 'Sim.Pins': '1=in+ 2=in- 3=vcc 4=vee 5=out', 'Sim.Device': 'SUBCKT', 'Sim.Library': '/usr/share/kicad/symbols/Simulation_SPICE.sp', 'Sim.Name': 'kicad_builtin_opamp', 'part': 'OPAMP'} (kibot - v5_sch.py:1762)
DEBUG:C5 (C_Polarized_Small_US 10u): 1 {'Reference': 'C5', 'Value': '10u', 'Footprint': '', 'Datasheet': '~', 'Description': 'Polarized capacitor, small US symbol', 'part': 'C_Polarized_Small_US'} (kibot - v5_sch.py:1762)
DEBUG:R15 (R_US 2k2): 1 {'Reference': 'R15', 'Value': '2k2', 'Footprint': '', 'Datasheet': '~', 'Description': 'Resistor, US symbol', 'part': 'R_US'} (kibot - v5_sch.py:1762)
DEBUG:C2 (C 10n): 1 {'Reference': 'C2', 'Value': '10n', 'Footprint': 'Capacitor_THT:C_Disc_D7.0mm_W2.5mm_P5.00mm', 'Datasheet': '~', 'Description': 'Unpolarized capacitor', 'part': 'C'} (kibot - v5_sch.py:1762)
DEBUG:J3 (Conn_01x01): 1 {'Reference': 'J3', 'Value': 'Conn_01x01', 'Footprint': 'Connector_PinSocket_1.27mm:PinSocket_1x01_P1.27mm_Vertical', 'Datasheet': '~', 'Description': 'Generic connector, single row, 01x01, script generated (kicad-library-utils/schlib/autogen/connector/)', 'part': 'Conn_01x01'} (kibot - v5_sch.py:1762)
DEBUG:LS1 (Speaker): 1 {'Reference': 'LS1', 'Value': 'Speaker', 'Footprint': '', 'Datasheet': '~', 'Description': 'Speaker', 'part': 'Speaker'} (kibot - v5_sch.py:1762)
DEBUG:J6 (Conn_01x02): 1 {'Reference': 'J6', 'Value': 'Conn_01x02', 'Footprint': '', 'Datasheet': '~', 'Description': 'Generic connector, single row, 01x02, script generated (kicad-library-utils/schlib/autogen/connector/)', 'part': 'Conn_01x02'} (kibot - v5_sch.py:1762)
DEBUG:R7 (R_US 2k2): 1 {'Reference': 'R7', 'Value': '2k2', 'Footprint': '', 'Datasheet': '~', 'Description': 'Resistor, US symbol', 'part': 'R_US'} (kibot - v5_sch.py:1762)
DEBUG:J4 (Conn_01x01): 1 {'Reference': 'J4', 'Value': 'Conn_01x01', 'Footprint': 'Connector_PinSocket_1.27mm:PinSocket_1x01_P1.27mm_Vertical', 'Datasheet': '~', 'Description': 'Generic connector, single row, 01x01, script generated (kicad-library-utils/schlib/autogen/connector/)', 'part': 'Conn_01x01'} (kibot - v5_sch.py:1762)
DEBUG:R24 (R_US 2k2): 1 {'Reference': 'R24', 'Value': '2k2', 'Footprint': '', 'Datasheet': '~', 'Description': 'Resistor, US symbol', 'part': 'R_US'} (kibot - v5_sch.py:1762)
DEBUG:J7 (Conn_01x03): 1 {'Reference': 'J7', 'Value': 'Conn_01x03', 'Footprint': '', 'Datasheet': '~', 'Description': 'Generic connector, single row, 01x03, script generated (kicad-library-utils/schlib/autogen/connector/)', 'part': 'Conn_01x03'} (kibot - v5_sch.py:1762)
DEBUG:R6 (R_US 2k2): 1 {'Reference': 'R6', 'Value': '2k2', 'Footprint': '', 'Datasheet': '~', 'Description': 'Resistor, US symbol', 'part': 'R_US'} (kibot - v5_sch.py:1762)
DEBUG:R16 (R_US 2k2): 1 {'Reference': 'R16', 'Value': '2k2', 'Footprint': '', 'Datasheet': '~', 'Description': 'Resistor, US symbol', 'part': 'R_US'} (kibot - v5_sch.py:1762)
DEBUG:R26 (R_US 2k2): 1 {'Reference': 'R26', 'Value': '2k2', 'Footprint': '', 'Datasheet': '~', 'Description': 'Resistor, US symbol', 'part': 'R_US'} (kibot - v5_sch.py:1762)
DEBUG:R18 (R_US 2k2): 1 {'Reference': 'R18', 'Value': '2k2', 'Footprint': '', 'Datasheet': '~', 'Description': 'Resistor, US symbol', 'part': 'R_US'} (kibot - v5_sch.py:1762)
DEBUG:R22 (R_US 2k2): 1 {'Reference': 'R22', 'Value': '2k2', 'Footprint': '', 'Datasheet': '~', 'Description': 'Resistor, US symbol', 'part': 'R_US'} (kibot - v5_sch.py:1762)
DEBUG:J1 (Conn_01x03): 1 {'Reference': 'J1', 'Value': 'Conn_01x03', 'Footprint': 'Connector_PinHeader_1.00mm:PinHeader_1x03_P1.00mm_Vertical', 'Datasheet': '~', 'Description': 'Generic connector, single row, 01x03, script generated (kicad-library-utils/schlib/autogen/connector/)', 'part': 'Conn_01x03'} (kibot - v5_sch.py:1762)
DEBUG:C4 (C_Polarized_Small_US 47n): 1 {'Reference': 'C4', 'Value': '47n', 'Footprint': '', 'Datasheet': '~', 'Description': 'Polarized capacitor, small US symbol', 'part': 'C_Polarized_Small_US'} (kibot - v5_sch.py:1762)
DEBUG:R9 (R_US 2k2): 1 {'Reference': 'R9', 'Value': '2k2', 'Footprint': '', 'Datasheet': '~', 'Description': 'Resistor, US symbol', 'part': 'R_US'} (kibot - v5_sch.py:1762)
DEBUG:R3 (R_Potentiometer_US 100k): 1 {'Reference': 'R3', 'Value': '100k', 'Footprint': 'Potentiometer_THT:Potentiometer_Bourns_3296W_Vertical', 'Datasheet': '~', 'Description': 'Potentiometer, US symbol', 'part': 'R_Potentiometer_US'} (kibot - v5_sch.py:1762)
DEBUG:R5 (R_US 2k2): 1 {'Reference': 'R5', 'Value': '2k2', 'Footprint': 'Resistor_THT:R_Axial_Power_L25.0mm_W6.4mm_P27.94mm', 'Datasheet': '~', 'Description': 'Resistor, US symbol', 'part': 'R_US'} (kibot - v5_sch.py:1762)
DEBUG:C6 (C_Small): 1 {'Reference': 'C6', 'Value': 'C_Small', 'Footprint': '', 'Datasheet': '~', 'Description': 'Unpolarized capacitor, small symbol', 'part': 'C_Small'} (kibot - v5_sch.py:1762)
DEBUG:R10 (R_US 2k2): 1 {'Reference': 'R10', 'Value': '2k2', 'Footprint': '', 'Datasheet': '~', 'Description': 'Resistor, US symbol', 'part': 'R_US'} (kibot - v5_sch.py:1762)
DEBUG:R2 (R_Potentiometer_US 100k): 1 {'Reference': 'R2', 'Value': '100k', 'Footprint': 'Potentiometer_THT:Potentiometer_Bourns_3296W_Vertical', 'Datasheet': '~', 'Description': 'Potentiometer, US symbol', 'part': 'R_Potentiometer_US'} (kibot - v5_sch.py:1762)
DEBUG:R12 (R_US 2k2): 1 {'Reference': 'R12', 'Value': '2k2', 'Footprint': '', 'Datasheet': '~', 'Description': 'Resistor, US symbol', 'part': 'R_US'} (kibot - v5_sch.py:1762)
DEBUG:R20 (R_US 2k2): 1 {'Reference': 'R20', 'Value': '2k2', 'Footprint': '', 'Datasheet': '~', 'Description': 'Resistor, US symbol', 'part': 'R_US'} (kibot - v5_sch.py:1762)
DEBUG:J8 (AudioJack2_Ground): 1 {'Reference': 'J8', 'Value': 'AudioJack2_Ground', 'Footprint': '', 'Datasheet': '~', 'Description': 'Audio Jack, 2 Poles (Mono / TS), Grounded Sleeve', 'part': 'AudioJack2_Ground'} (kibot - v5_sch.py:1762)
DEBUG:U2 (LM386): 1 {'Reference': 'U2', 'Value': 'LM386', 'Footprint': '', 'Datasheet': 'http://www.ti.com/lit/ds/symlink/lm386.pdf', 'Description': 'Low Voltage Audio Power Amplifier, DIP-8/SOIC-8/SSOP-8', 'part': 'LM386'} (kibot - v5_sch.py:1762)
DEBUG:R14 (R_US 2k2): 1 {'Reference': 'R14', 'Value': '2k2', 'Footprint': '', 'Datasheet': '~', 'Description': 'Resistor, US symbol', 'part': 'R_US'} (kibot - v5_sch.py:1762)
DEBUG:J2 (Conn_01x02): 1 {'Reference': 'J2', 'Value': 'Conn_01x02', 'Footprint': 'Connector_Phoenix_SPT:PhoenixContact_SPT_2.5_2-H-5.0_1x02_P5.0mm_Horizontal', 'Datasheet': '~', 'Description': 'Generic connector, single row, 01x02, script generated (kicad-library-utils/schlib/autogen/connector/)', 'part': 'Conn_01x02'} (kibot - v5_sch.py:1762)
DEBUG:R11 (R_US 2k2): 1 {'Reference': 'R11', 'Value': '2k2', 'Footprint': '', 'Datasheet': '~', 'Description': 'Resistor, US symbol', 'part': 'R_US'} (kibot - v5_sch.py:1762)
DEBUG:C1 (C_Polarized_Small_US 10u): 1 {'Reference': 'C1', 'Value': '10u', 'Footprint': 'Capacitor_THT:CP_Radial_D10.0mm_P5.00mm_P7.50mm', 'Datasheet': '~', 'Description': 'Polarized capacitor, small US symbol', 'part': 'C_Polarized_Small_US'} (kibot - v5_sch.py:1762)
DEBUG:R25 (R_Potentiometer_US 100k): 1 {'Reference': 'R25', 'Value': '100k', 'Footprint': 'Potentiometer_THT:Potentiometer_Bourns_3296W_Vertical', 'Datasheet': '~', 'Description': 'Potentiometer, US symbol', 'part': 'R_Potentiometer_US'} (kibot - v5_sch.py:1762)
DEBUG:C3 (C_Polarized_Small_US 10u): 1 {'Reference': 'C3', 'Value': '10u', 'Footprint': 'Capacitor_THT:CP_Radial_D10.0mm_P5.00mm_P7.50mm', 'Datasheet': '~', 'Description': 'Polarized capacitor, small US symbol', 'part': 'C_Polarized_Small_US'} (kibot - v5_sch.py:1762)
DEBUG:R19 (R_US 2k2): 1 {'Reference': 'R19', 'Value': '2k2', 'Footprint': '', 'Datasheet': '~', 'Description': 'Resistor, US symbol', 'part': 'R_US'} (kibot - v5_sch.py:1762)
DEBUG:MK1 (Microphone Mic): 1 {'Reference': 'MK1', 'Value': 'Mic', 'Footprint': 'Sensor_Audio:POM-2244P-C3310-2-R', 'Datasheet': '~', 'Description': 'Microphone', 'part': 'Microphone'} (kibot - v5_sch.py:1762)
DEBUG:Filters reset (kibot - fil_base.py:196)
DEBUG:Transfer "Exclude from bill of materials" from schematic (kibot - out_bom.py:1016)
DEBUG:Applying filter `_mechanical` to exclude (kibot - fil_base.py:187)
DEBUG:Applying filter `_kibom_dnf_config` to fitted (kibot - fil_base.py:214)
DEBUG:Applying filter `_kibom_dnc_config` to fixed (kibot - fil_base.py:224)
DEBUG:Applying KiBoM style variants `default` (kibot - var_kibom.py:91)
DEBUG:Applying transform filter `_expand_text_vars` (kibot - fil_base.py:173)
DEBUG:Using auxiliary origin: x=0 y=0 (kibot - bom.py:498)
DEBUG:Global stats: total 47 fitted 47 build 47 (kibot - bom.py:571)
DEBUG:Saving BOM File: /__w/iie_tp/iie_tp/Generated/BoM/Generic/iie_tp-bom.txt (kibot - bom.py:588)
DEBUG:HRTXT Output -> /__w/iie_tp/iie_tp/Generated/BoM/Generic/iie_tp-bom.txt (kibot - bom_writer.py:52)
DEBUG:Using global `output`=`%f-%i%I%v.%x` (kibot - optionable.py:58)
DEBUG:Valid columns: ['Row', 'Description', 'Part', 'Part Lib', 'References', 'Value', 'Footprint', 'Footprint Lib', 'Quantity Per PCB', 'Build Quantity', 'Status', 'Datasheet', 'Sheetpath', 'Source BoM', 'Reference', 'Sim.Pins', 'Sim.Device', 'Sim.Library', 'Sim.Name'] (19) (kibot - out_bom.py:697)
DEBUG:Valid columns: ['Row', 'Description', 'Part', 'Part Lib', 'References', 'Value', 'Footprint', 'Footprint Lib', 'Quantity Per PCB', 'Build Quantity', 'Status', 'Datasheet', 'Sheetpath', 'Source BoM', 'Reference', 'Sim.Pins', 'Sim.Device', 'Sim.Library', 'Sim.Name'] (19) (kibot - out_bom.py:697)
- 'Generic Bill of Materials in TSV format' (generic_bom_tsv) [bom]
DEBUG:Expanding `Generated/BoM/Generic` in SCH context for <kibot.out_bom.BoMOptions object at 0x7fa316b62d50> parent: 'Generic Bill of Materials in TSV format' (generic_bom_tsv) [bom] (kibot - optionable.py:493)
DEBUG:Expanded `Generated/BoM/Generic` (kibot - optionable.py:539)
DEBUG:Output destination: /__w/iie_tp/iie_tp/Generated/BoM/Generic (kibot - kiplot.py:565)
DEBUG:Expanding `%f-%i%I%v.%x` in SCH context for <kibot.out_bom.BoMOptions object at 0x7fa316b62d50> parent: 'Generic Bill of Materials in TSV format' (generic_bom_tsv) [bom] (kibot - optionable.py:493)
DEBUG:Expanded `iie_tp-bom.tsv` (kibot - optionable.py:539)
DEBUG:Before collapse: (kibot - v5_sch.py:1717)
DEBUG:C8 (C_Polarized_Small_US): 1 {'Reference': 'C8', 'Value': 'C_Polarized_Small_US', 'Footprint': '', 'Datasheet': '~', 'Description': 'Polarized capacitor, small US symbol', 'part': 'C_Polarized_Small_US'} (kibot - v5_sch.py:1720)
DEBUG:R21 (R_US 2k2): 1 {'Reference': 'R21', 'Value': '2k2', 'Footprint': '', 'Datasheet': '~', 'Description': 'Resistor, US symbol', 'part': 'R_US'} (kibot - v5_sch.py:1720)
DEBUG:R23 (R_US 2k2): 1 {'Reference': 'R23', 'Value': '2k2', 'Footprint': '', 'Datasheet': '~', 'Description': 'Resistor, US symbol', 'part': 'R_US'} (kibot - v5_sch.py:1720)
DEBUG:A1 (Arduino_UNO_R3): 1 {'Reference': 'A1', 'Value': 'Arduino_UNO_R3', 'Footprint': 'Module:Arduino_UNO_R3', 'Datasheet': 'https://www.arduino.cc/en/Main/arduinoBoardUno', 'Description': 'Arduino UNO Microcontroller Module, release 3', 'part': 'Arduino_UNO_R3'} (kibot - v5_sch.py:1720)
DEBUG:R8 (R_US 2k2): 1 {'Reference': 'R8', 'Value': '2k2', 'Footprint': '', 'Datasheet': '~', 'Description': 'Resistor, US symbol', 'part': 'R_US'} (kibot - v5_sch.py:1720)
DEBUG:R13 (R_US 2k2): 1 {'Reference': 'R13', 'Value': '2k2', 'Footprint': '', 'Datasheet': '~', 'Description': 'Resistor, US symbol', 'part': 'R_US'} (kibot - v5_sch.py:1720)
DEBUG:R1 (R_US 4k7): 1 {'Reference': 'R1', 'Value': '4k7', 'Footprint': 'Resistor_THT:R_Axial_Power_L25.0mm_W6.4mm_P27.94mm', 'Datasheet': '~', 'Description': 'Resistor, US symbol', 'part': 'R_US'} (kibot - v5_sch.py:1720)
DEBUG:J5 (Conn_01x02): 1 {'Reference': 'J5', 'Value': 'Conn_01x02', 'Footprint': 'Connector_Phoenix_SPT:PhoenixContact_SPT_2.5_2-H-5.0_1x02_P5.0mm_Horizontal', 'Datasheet': '~', 'Description': 'Generic connector, single row, 01x02, script generated (kicad-library-utils/schlib/autogen/connector/)', 'part': 'Conn_01x02'} (kibot - v5_sch.py:1720)
DEBUG:R17 (R_US 2k2): 1 {'Reference': 'R17', 'Value': '2k2', 'Footprint': '', 'Datasheet': '~', 'Description': 'Resistor, US symbol', 'part': 'R_US'} (kibot - v5_sch.py:1720)
DEBUG:C7 (C_Small): 1 {'Reference': 'C7', 'Value': 'C_Small', 'Footprint': '', 'Datasheet': '~', 'Description': 'Unpolarized capacitor, small symbol', 'part': 'C_Small'} (kibot - v5_sch.py:1720)
DEBUG:R4 (R_US 8k2): 1 {'Reference': 'R4', 'Value': '8k2', 'Footprint': 'Resistor_THT:R_Axial_Power_L25.0mm_W6.4mm_P27.94mm', 'Datasheet': '~', 'Description': 'Resistor, US symbol', 'part': 'R_US'} (kibot - v5_sch.py:1720)
DEBUG:U1 (OPAMP ${SIM.PARAMS}): 1 {'Reference': 'U1', 'Value': '${SIM.PARAMS}', 'Footprint': '', 'Datasheet': 'https://ngspice.sourceforge.io/docs/ngspice-html-manual/manual.xhtml#sec__SUBCKT_Subcircuits', 'Description': 'Operational amplifier, single', 'Sim.Pins': '1=in+ 2=in- 3=vcc 4=vee 5=out', 'Sim.Device': 'SUBCKT', 'Sim.Library': '/usr/share/kicad/symbols/Simulation_SPICE.sp', 'Sim.Name': 'kicad_builtin_opamp', 'part': 'OPAMP'} (kibot - v5_sch.py:1720)
DEBUG:C5 (C_Polarized_Small_US 10u): 1 {'Reference': 'C5', 'Value': '10u', 'Footprint': '', 'Datasheet': '~', 'Description': 'Polarized capacitor, small US symbol', 'part': 'C_Polarized_Small_US'} (kibot - v5_sch.py:1720)
DEBUG:R15 (R_US 2k2): 1 {'Reference': 'R15', 'Value': '2k2', 'Footprint': '', 'Datasheet': '~', 'Description': 'Resistor, US symbol', 'part': 'R_US'} (kibot - v5_sch.py:1720)
DEBUG:C2 (C 10n): 1 {'Reference': 'C2', 'Value': '10n', 'Footprint': 'Capacitor_THT:C_Disc_D7.0mm_W2.5mm_P5.00mm', 'Datasheet': '~', 'Description': 'Unpolarized capacitor', 'part': 'C'} (kibot - v5_sch.py:1720)
DEBUG:J3 (Conn_01x01): 1 {'Reference': 'J3', 'Value': 'Conn_01x01', 'Footprint': 'Connector_PinSocket_1.27mm:PinSocket_1x01_P1.27mm_Vertical', 'Datasheet': '~', 'Description': 'Generic connector, single row, 01x01, script generated (kicad-library-utils/schlib/autogen/connector/)', 'part': 'Conn_01x01'} (kibot - v5_sch.py:1720)
DEBUG:LS1 (Speaker): 1 {'Reference': 'LS1', 'Value': 'Speaker', 'Footprint': '', 'Datasheet': '~', 'Description': 'Speaker', 'part': 'Speaker'} (kibot - v5_sch.py:1720)
DEBUG:J6 (Conn_01x02): 1 {'Reference': 'J6', 'Value': 'Conn_01x02', 'Footprint': '', 'Datasheet': '~', 'Description': 'Generic connector, single row, 01x02, script generated (kicad-library-utils/schlib/autogen/connector/)', 'part': 'Conn_01x02'} (kibot - v5_sch.py:1720)
DEBUG:R7 (R_US 2k2): 1 {'Reference': 'R7', 'Value': '2k2', 'Footprint': '', 'Datasheet': '~', 'Description': 'Resistor, US symbol', 'part': 'R_US'} (kibot - v5_sch.py:1720)
DEBUG:J4 (Conn_01x01): 1 {'Reference': 'J4', 'Value': 'Conn_01x01', 'Footprint': 'Connector_PinSocket_1.27mm:PinSocket_1x01_P1.27mm_Vertical', 'Datasheet': '~', 'Description': 'Generic connector, single row, 01x01, script generated (kicad-library-utils/schlib/autogen/connector/)', 'part': 'Conn_01x01'} (kibot - v5_sch.py:1720)
DEBUG:R24 (R_US 2k2): 1 {'Reference': 'R24', 'Value': '2k2', 'Footprint': '', 'Datasheet': '~', 'Description': 'Resistor, US symbol', 'part': 'R_US'} (kibot - v5_sch.py:1720)
DEBUG:J7 (Conn_01x03): 1 {'Reference': 'J7', 'Value': 'Conn_01x03', 'Footprint': '', 'Datasheet': '~', 'Description': 'Generic connector, single row, 01x03, script generated (kicad-library-utils/schlib/autogen/connector/)', 'part': 'Conn_01x03'} (kibot - v5_sch.py:1720)
DEBUG:R6 (R_US 2k2): 1 {'Reference': 'R6', 'Value': '2k2', 'Footprint': '', 'Datasheet': '~', 'Description': 'Resistor, US symbol', 'part': 'R_US'} (kibot - v5_sch.py:1720)
DEBUG:R16 (R_US 2k2): 1 {'Reference': 'R16', 'Value': '2k2', 'Footprint': '', 'Datasheet': '~', 'Description': 'Resistor, US symbol', 'part': 'R_US'} (kibot - v5_sch.py:1720)
DEBUG:R26 (R_US 2k2): 1 {'Reference': 'R26', 'Value': '2k2', 'Footprint': '', 'Datasheet': '~', 'Description': 'Resistor, US symbol', 'part': 'R_US'} (kibot - v5_sch.py:1720)
DEBUG:R18 (R_US 2k2): 1 {'Reference': 'R18', 'Value': '2k2', 'Footprint': '', 'Datasheet': '~', 'Description': 'Resistor, US symbol', 'part': 'R_US'} (kibot - v5_sch.py:1720)
DEBUG:R22 (R_US 2k2): 1 {'Reference': 'R22', 'Value': '2k2', 'Footprint': '', 'Datasheet': '~', 'Description': 'Resistor, US symbol', 'part': 'R_US'} (kibot - v5_sch.py:1720)
DEBUG:J1 (Conn_01x03): 1 {'Reference': 'J1', 'Value': 'Conn_01x03', 'Footprint': 'Connector_PinHeader_1.00mm:PinHeader_1x03_P1.00mm_Vertical', 'Datasheet': '~', 'Description': 'Generic connector, single row, 01x03, script generated (kicad-library-utils/schlib/autogen/connector/)', 'part': 'Conn_01x03'} (kibot - v5_sch.py:1720)
DEBUG:C4 (C_Polarized_Small_US 47n): 1 {'Reference': 'C4', 'Value': '47n', 'Footprint': '', 'Datasheet': '~', 'Description': 'Polarized capacitor, small US symbol', 'part': 'C_Polarized_Small_US'} (kibot - v5_sch.py:1720)
DEBUG:R9 (R_US 2k2): 1 {'Reference': 'R9', 'Value': '2k2', 'Footprint': '', 'Datasheet': '~', 'Description': 'Resistor, US symbol', 'part': 'R_US'} (kibot - v5_sch.py:1720)
DEBUG:R3 (R_Potentiometer_US 100k): 1 {'Reference': 'R3', 'Value': '100k', 'Footprint': 'Potentiometer_THT:Potentiometer_Bourns_3296W_Vertical', 'Datasheet': '~', 'Description': 'Potentiometer, US symbol', 'part': 'R_Potentiometer_US'} (kibot - v5_sch.py:1720)
DEBUG:R5 (R_US 2k2): 1 {'Reference': 'R5', 'Value': '2k2', 'Footprint': 'Resistor_THT:R_Axial_Power_L25.0mm_W6.4mm_P27.94mm', 'Datasheet': '~', 'Description': 'Resistor, US symbol', 'part': 'R_US'} (kibot - v5_sch.py:1720)
DEBUG:C6 (C_Small): 1 {'Reference': 'C6', 'Value': 'C_Small', 'Footprint': '', 'Datasheet': '~', 'Description': 'Unpolarized capacitor, small symbol', 'part': 'C_Small'} (kibot - v5_sch.py:1720)
DEBUG:R10 (R_US 2k2): 1 {'Reference': 'R10', 'Value': '2k2', 'Footprint': '', 'Datasheet': '~', 'Description': 'Resistor, US symbol', 'part': 'R_US'} (kibot - v5_sch.py:1720)
DEBUG:R2 (R_Potentiometer_US 100k): 1 {'Reference': 'R2', 'Value': '100k', 'Footprint': 'Potentiometer_THT:Potentiometer_Bourns_3296W_Vertical', 'Datasheet': '~', 'Description': 'Potentiometer, US symbol', 'part': 'R_Potentiometer_US'} (kibot - v5_sch.py:1720)
DEBUG:R12 (R_US 2k2): 1 {'Reference': 'R12', 'Value': '2k2', 'Footprint': '', 'Datasheet': '~', 'Description': 'Resistor, US symbol', 'part': 'R_US'} (kibot - v5_sch.py:1720)
DEBUG:R20 (R_US 2k2): 1 {'Reference': 'R20', 'Value': '2k2', 'Footprint': '', 'Datasheet': '~', 'Description': 'Resistor, US symbol', 'part': 'R_US'} (kibot - v5_sch.py:1720)
DEBUG:J8 (AudioJack2_Ground): 1 {'Reference': 'J8', 'Value': 'AudioJack2_Ground', 'Footprint': '', 'Datasheet': '~', 'Description': 'Audio Jack, 2 Poles (Mono / TS), Grounded Sleeve', 'part': 'AudioJack2_Ground'} (kibot - v5_sch.py:1720)
DEBUG:U2 (LM386): 1 {'Reference': 'U2', 'Value': 'LM386', 'Footprint': '', 'Datasheet': 'http://www.ti.com/lit/ds/symlink/lm386.pdf', 'Description': 'Low Voltage Audio Power Amplifier, DIP-8/SOIC-8/SSOP-8', 'part': 'LM386'} (kibot - v5_sch.py:1720)
DEBUG:R14 (R_US 2k2): 1 {'Reference': 'R14', 'Value': '2k2', 'Footprint': '', 'Datasheet': '~', 'Description': 'Resistor, US symbol', 'part': 'R_US'} (kibot - v5_sch.py:1720)
DEBUG:J2 (Conn_01x02): 1 {'Reference': 'J2', 'Value': 'Conn_01x02', 'Footprint': 'Connector_Phoenix_SPT:PhoenixContact_SPT_2.5_2-H-5.0_1x02_P5.0mm_Horizontal', 'Datasheet': '~', 'Description': 'Generic connector, single row, 01x02, script generated (kicad-library-utils/schlib/autogen/connector/)', 'part': 'Conn_01x02'} (kibot - v5_sch.py:1720)
DEBUG:R11 (R_US 2k2): 1 {'Reference': 'R11', 'Value': '2k2', 'Footprint': '', 'Datasheet': '~', 'Description': 'Resistor, US symbol', 'part': 'R_US'} (kibot - v5_sch.py:1720)
DEBUG:C1 (C_Polarized_Small_US 10u): 1 {'Reference': 'C1', 'Value': '10u', 'Footprint': 'Capacitor_THT:CP_Radial_D10.0mm_P5.00mm_P7.50mm', 'Datasheet': '~', 'Description': 'Polarized capacitor, small US symbol', 'part': 'C_Polarized_Small_US'} (kibot - v5_sch.py:1720)
DEBUG:R25 (R_Potentiometer_US 100k): 1 {'Reference': 'R25', 'Value': '100k', 'Footprint': 'Potentiometer_THT:Potentiometer_Bourns_3296W_Vertical', 'Datasheet': '~', 'Description': 'Potentiometer, US symbol', 'part': 'R_Potentiometer_US'} (kibot - v5_sch.py:1720)
DEBUG:C3 (C_Polarized_Small_US 10u): 1 {'Reference': 'C3', 'Value': '10u', 'Footprint': 'Capacitor_THT:CP_Radial_D10.0mm_P5.00mm_P7.50mm', 'Datasheet': '~', 'Description': 'Polarized capacitor, small US symbol', 'part': 'C_Polarized_Small_US'} (kibot - v5_sch.py:1720)
DEBUG:R19 (R_US 2k2): 1 {'Reference': 'R19', 'Value': '2k2', 'Footprint': '', 'Datasheet': '~', 'Description': 'Resistor, US symbol', 'part': 'R_US'} (kibot - v5_sch.py:1720)
DEBUG:MK1 (Microphone Mic): 1 {'Reference': 'MK1', 'Value': 'Mic', 'Footprint': 'Sensor_Audio:POM-2244P-C3310-2-R', 'Datasheet': '~', 'Description': 'Microphone', 'part': 'Microphone'} (kibot - v5_sch.py:1720)
DEBUG:After collapse: (kibot - v5_sch.py:1759)
DEBUG:C8 (C_Polarized_Small_US): 1 {'Reference': 'C8', 'Value': 'C_Polarized_Small_US', 'Footprint': '', 'Datasheet': '~', 'Description': 'Polarized capacitor, small US symbol', 'part': 'C_Polarized_Small_US'} (kibot - v5_sch.py:1762)
DEBUG:R21 (R_US 2k2): 1 {'Reference': 'R21', 'Value': '2k2', 'Footprint': '', 'Datasheet': '~', 'Description': 'Resistor, US symbol', 'part': 'R_US'} (kibot - v5_sch.py:1762)
DEBUG:R23 (R_US 2k2): 1 {'Reference': 'R23', 'Value': '2k2', 'Footprint': '', 'Datasheet': '~', 'Description': 'Resistor, US symbol', 'part': 'R_US'} (kibot - v5_sch.py:1762)
DEBUG:A1 (Arduino_UNO_R3): 1 {'Reference': 'A1', 'Value': 'Arduino_UNO_R3', 'Footprint': 'Module:Arduino_UNO_R3', 'Datasheet': 'https://www.arduino.cc/en/Main/arduinoBoardUno', 'Description': 'Arduino UNO Microcontroller Module, release 3', 'part': 'Arduino_UNO_R3'} (kibot - v5_sch.py:1762)
DEBUG:R8 (R_US 2k2): 1 {'Reference': 'R8', 'Value': '2k2', 'Footprint': '', 'Datasheet': '~', 'Description': 'Resistor, US symbol', 'part': 'R_US'} (kibot - v5_sch.py:1762)
DEBUG:R13 (R_US 2k2): 1 {'Reference': 'R13', 'Value': '2k2', 'Footprint': '', 'Datasheet': '~', 'Description': 'Resistor, US symbol', 'part': 'R_US'} (kibot - v5_sch.py:1762)
DEBUG:R1 (R_US 4k7): 1 {'Reference': 'R1', 'Value': '4k7', 'Footprint': 'Resistor_THT:R_Axial_Power_L25.0mm_W6.4mm_P27.94mm', 'Datasheet': '~', 'Description': 'Resistor, US symbol', 'part': 'R_US'} (kibot - v5_sch.py:1762)
DEBUG:J5 (Conn_01x02): 1 {'Reference': 'J5', 'Value': 'Conn_01x02', 'Footprint': 'Connector_Phoenix_SPT:PhoenixContact_SPT_2.5_2-H-5.0_1x02_P5.0mm_Horizontal', 'Datasheet': '~', 'Description': 'Generic connector, single row, 01x02, script generated (kicad-library-utils/schlib/autogen/connector/)', 'part': 'Conn_01x02'} (kibot - v5_sch.py:1762)
DEBUG:R17 (R_US 2k2): 1 {'Reference': 'R17', 'Value': '2k2', 'Footprint': '', 'Datasheet': '~', 'Description': 'Resistor, US symbol', 'part': 'R_US'} (kibot - v5_sch.py:1762)
DEBUG:C7 (C_Small): 1 {'Reference': 'C7', 'Value': 'C_Small', 'Footprint': '', 'Datasheet': '~', 'Description': 'Unpolarized capacitor, small symbol', 'part': 'C_Small'} (kibot - v5_sch.py:1762)
DEBUG:R4 (R_US 8k2): 1 {'Reference': 'R4', 'Value': '8k2', 'Footprint': 'Resistor_THT:R_Axial_Power_L25.0mm_W6.4mm_P27.94mm', 'Datasheet': '~', 'Description': 'Resistor, US symbol', 'part': 'R_US'} (kibot - v5_sch.py:1762)
DEBUG:U1 (OPAMP ${SIM.PARAMS}): 1 {'Reference': 'U1', 'Value': '${SIM.PARAMS}', 'Footprint': '', 'Datasheet': 'https://ngspice.sourceforge.io/docs/ngspice-html-manual/manual.xhtml#sec__SUBCKT_Subcircuits', 'Description': 'Operational amplifier, single', 'Sim.Pins': '1=in+ 2=in- 3=vcc 4=vee 5=out', 'Sim.Device': 'SUBCKT', 'Sim.Library': '/usr/share/kicad/symbols/Simulation_SPICE.sp', 'Sim.Name': 'kicad_builtin_opamp', 'part': 'OPAMP'} (kibot - v5_sch.py:1762)
DEBUG:C5 (C_Polarized_Small_US 10u): 1 {'Reference': 'C5', 'Value': '10u', 'Footprint': '', 'Datasheet': '~', 'Description': 'Polarized capacitor, small US symbol', 'part': 'C_Polarized_Small_US'} (kibot - v5_sch.py:1762)
DEBUG:R15 (R_US 2k2): 1 {'Reference': 'R15', 'Value': '2k2', 'Footprint': '', 'Datasheet': '~', 'Description': 'Resistor, US symbol', 'part': 'R_US'} (kibot - v5_sch.py:1762)
DEBUG:C2 (C 10n): 1 {'Reference': 'C2', 'Value': '10n', 'Footprint': 'Capacitor_THT:C_Disc_D7.0mm_W2.5mm_P5.00mm', 'Datasheet': '~', 'Description': 'Unpolarized capacitor', 'part': 'C'} (kibot - v5_sch.py:1762)
DEBUG:J3 (Conn_01x01): 1 {'Reference': 'J3', 'Value': 'Conn_01x01', 'Footprint': 'Connector_PinSocket_1.27mm:PinSocket_1x01_P1.27mm_Vertical', 'Datasheet': '~', 'Description': 'Generic connector, single row, 01x01, script generated (kicad-library-utils/schlib/autogen/connector/)', 'part': 'Conn_01x01'} (kibot - v5_sch.py:1762)
DEBUG:LS1 (Speaker): 1 {'Reference': 'LS1', 'Value': 'Speaker', 'Footprint': '', 'Datasheet': '~', 'Description': 'Speaker', 'part': 'Speaker'} (kibot - v5_sch.py:1762)
DEBUG:J6 (Conn_01x02): 1 {'Reference': 'J6', 'Value': 'Conn_01x02', 'Footprint': '', 'Datasheet': '~', 'Description': 'Generic connector, single row, 01x02, script generated (kicad-library-utils/schlib/autogen/connector/)', 'part': 'Conn_01x02'} (kibot - v5_sch.py:1762)
DEBUG:R7 (R_US 2k2): 1 {'Reference': 'R7', 'Value': '2k2', 'Footprint': '', 'Datasheet': '~', 'Description': 'Resistor, US symbol', 'part': 'R_US'} (kibot - v5_sch.py:1762)
DEBUG:J4 (Conn_01x01): 1 {'Reference': 'J4', 'Value': 'Conn_01x01', 'Footprint': 'Connector_PinSocket_1.27mm:PinSocket_1x01_P1.27mm_Vertical', 'Datasheet': '~', 'Description': 'Generic connector, single row, 01x01, script generated (kicad-library-utils/schlib/autogen/connector/)', 'part': 'Conn_01x01'} (kibot - v5_sch.py:1762)
DEBUG:R24 (R_US 2k2): 1 {'Reference': 'R24', 'Value': '2k2', 'Footprint': '', 'Datasheet': '~', 'Description': 'Resistor, US symbol', 'part': 'R_US'} (kibot - v5_sch.py:1762)
DEBUG:J7 (Conn_01x03): 1 {'Reference': 'J7', 'Value': 'Conn_01x03', 'Footprint': '', 'Datasheet': '~', 'Description': 'Generic connector, single row, 01x03, script generated (kicad-library-utils/schlib/autogen/connector/)', 'part': 'Conn_01x03'} (kibot - v5_sch.py:1762)
DEBUG:R6 (R_US 2k2): 1 {'Reference': 'R6', 'Value': '2k2', 'Footprint': '', 'Datasheet': '~', 'Description': 'Resistor, US symbol', 'part': 'R_US'} (kibot - v5_sch.py:1762)
DEBUG:R16 (R_US 2k2): 1 {'Reference': 'R16', 'Value': '2k2', 'Footprint': '', 'Datasheet': '~', 'Description': 'Resistor, US symbol', 'part': 'R_US'} (kibot - v5_sch.py:1762)
DEBUG:R26 (R_US 2k2): 1 {'Reference': 'R26', 'Value': '2k2', 'Footprint': '', 'Datasheet': '~', 'Description': 'Resistor, US symbol', 'part': 'R_US'} (kibot - v5_sch.py:1762)
DEBUG:R18 (R_US 2k2): 1 {'Reference': 'R18', 'Value': '2k2', 'Footprint': '', 'Datasheet': '~', 'Description': 'Resistor, US symbol', 'part': 'R_US'} (kibot - v5_sch.py:1762)
DEBUG:R22 (R_US 2k2): 1 {'Reference': 'R22', 'Value': '2k2', 'Footprint': '', 'Datasheet': '~', 'Description': 'Resistor, US symbol', 'part': 'R_US'} (kibot - v5_sch.py:1762)
DEBUG:J1 (Conn_01x03): 1 {'Reference': 'J1', 'Value': 'Conn_01x03', 'Footprint': 'Connector_PinHeader_1.00mm:PinHeader_1x03_P1.00mm_Vertical', 'Datasheet': '~', 'Description': 'Generic connector, single row, 01x03, script generated (kicad-library-utils/schlib/autogen/connector/)', 'part': 'Conn_01x03'} (kibot - v5_sch.py:1762)
DEBUG:C4 (C_Polarized_Small_US 47n): 1 {'Reference': 'C4', 'Value': '47n', 'Footprint': '', 'Datasheet': '~', 'Description': 'Polarized capacitor, small US symbol', 'part': 'C_Polarized_Small_US'} (kibot - v5_sch.py:1762)
DEBUG:R9 (R_US 2k2): 1 {'Reference': 'R9', 'Value': '2k2', 'Footprint': '', 'Datasheet': '~', 'Description': 'Resistor, US symbol', 'part': 'R_US'} (kibot - v5_sch.py:1762)
DEBUG:R3 (R_Potentiometer_US 100k): 1 {'Reference': 'R3', 'Value': '100k', 'Footprint': 'Potentiometer_THT:Potentiometer_Bourns_3296W_Vertical', 'Datasheet': '~', 'Description': 'Potentiometer, US symbol', 'part': 'R_Potentiometer_US'} (kibot - v5_sch.py:1762)
DEBUG:R5 (R_US 2k2): 1 {'Reference': 'R5', 'Value': '2k2', 'Footprint': 'Resistor_THT:R_Axial_Power_L25.0mm_W6.4mm_P27.94mm', 'Datasheet': '~', 'Description': 'Resistor, US symbol', 'part': 'R_US'} (kibot - v5_sch.py:1762)
DEBUG:C6 (C_Small): 1 {'Reference': 'C6', 'Value': 'C_Small', 'Footprint': '', 'Datasheet': '~', 'Description': 'Unpolarized capacitor, small symbol', 'part': 'C_Small'} (kibot - v5_sch.py:1762)
DEBUG:R10 (R_US 2k2): 1 {'Reference': 'R10', 'Value': '2k2', 'Footprint': '', 'Datasheet': '~', 'Description': 'Resistor, US symbol', 'part': 'R_US'} (kibot - v5_sch.py:1762)
DEBUG:R2 (R_Potentiometer_US 100k): 1 {'Reference': 'R2', 'Value': '100k', 'Footprint': 'Potentiometer_THT:Potentiometer_Bourns_3296W_Vertical', 'Datasheet': '~', 'Description': 'Potentiometer, US symbol', 'part': 'R_Potentiometer_US'} (kibot - v5_sch.py:1762)
DEBUG:R12 (R_US 2k2): 1 {'Reference': 'R12', 'Value': '2k2', 'Footprint': '', 'Datasheet': '~', 'Description': 'Resistor, US symbol', 'part': 'R_US'} (kibot - v5_sch.py:1762)
DEBUG:R20 (R_US 2k2): 1 {'Reference': 'R20', 'Value': '2k2', 'Footprint': '', 'Datasheet': '~', 'Description': 'Resistor, US symbol', 'part': 'R_US'} (kibot - v5_sch.py:1762)
DEBUG:J8 (AudioJack2_Ground): 1 {'Reference': 'J8', 'Value': 'AudioJack2_Ground', 'Footprint': '', 'Datasheet': '~', 'Description': 'Audio Jack, 2 Poles (Mono / TS), Grounded Sleeve', 'part': 'AudioJack2_Ground'} (kibot - v5_sch.py:1762)
DEBUG:U2 (LM386): 1 {'Reference': 'U2', 'Value': 'LM386', 'Footprint': '', 'Datasheet': 'http://www.ti.com/lit/ds/symlink/lm386.pdf', 'Description': 'Low Voltage Audio Power Amplifier, DIP-8/SOIC-8/SSOP-8', 'part': 'LM386'} (kibot - v5_sch.py:1762)
DEBUG:R14 (R_US 2k2): 1 {'Reference': 'R14', 'Value': '2k2', 'Footprint': '', 'Datasheet': '~', 'Description': 'Resistor, US symbol', 'part': 'R_US'} (kibot - v5_sch.py:1762)
DEBUG:J2 (Conn_01x02): 1 {'Reference': 'J2', 'Value': 'Conn_01x02', 'Footprint': 'Connector_Phoenix_SPT:PhoenixContact_SPT_2.5_2-H-5.0_1x02_P5.0mm_Horizontal', 'Datasheet': '~', 'Description': 'Generic connector, single row, 01x02, script generated (kicad-library-utils/schlib/autogen/connector/)', 'part': 'Conn_01x02'} (kibot - v5_sch.py:1762)
DEBUG:R11 (R_US 2k2): 1 {'Reference': 'R11', 'Value': '2k2', 'Footprint': '', 'Datasheet': '~', 'Description': 'Resistor, US symbol', 'part': 'R_US'} (kibot - v5_sch.py:1762)
DEBUG:C1 (C_Polarized_Small_US 10u): 1 {'Reference': 'C1', 'Value': '10u', 'Footprint': 'Capacitor_THT:CP_Radial_D10.0mm_P5.00mm_P7.50mm', 'Datasheet': '~', 'Description': 'Polarized capacitor, small US symbol', 'part': 'C_Polarized_Small_US'} (kibot - v5_sch.py:1762)
DEBUG:R25 (R_Potentiometer_US 100k): 1 {'Reference': 'R25', 'Value': '100k', 'Footprint': 'Potentiometer_THT:Potentiometer_Bourns_3296W_Vertical', 'Datasheet': '~', 'Description': 'Potentiometer, US symbol', 'part': 'R_Potentiometer_US'} (kibot - v5_sch.py:1762)
DEBUG:C3 (C_Polarized_Small_US 10u): 1 {'Reference': 'C3', 'Value': '10u', 'Footprint': 'Capacitor_THT:CP_Radial_D10.0mm_P5.00mm_P7.50mm', 'Datasheet': '~', 'Description': 'Polarized capacitor, small US symbol', 'part': 'C_Polarized_Small_US'} (kibot - v5_sch.py:1762)
DEBUG:R19 (R_US 2k2): 1 {'Reference': 'R19', 'Value': '2k2', 'Footprint': '', 'Datasheet': '~', 'Description': 'Resistor, US symbol', 'part': 'R_US'} (kibot - v5_sch.py:1762)
DEBUG:MK1 (Microphone Mic): 1 {'Reference': 'MK1', 'Value': 'Mic', 'Footprint': 'Sensor_Audio:POM-2244P-C3310-2-R', 'Datasheet': '~', 'Description': 'Microphone', 'part': 'Microphone'} (kibot - v5_sch.py:1762)
DEBUG:Filters reset (kibot - fil_base.py:196)
DEBUG:Transfer "Exclude from bill of materials" from schematic (kibot - out_bom.py:1016)
DEBUG:Applying filter `_mechanical` to exclude (kibot - fil_base.py:187)
DEBUG:Applying filter `_kibom_dnf_config` to fitted (kibot - fil_base.py:214)
DEBUG:Applying filter `_kibom_dnc_config` to fixed (kibot - fil_base.py:224)
DEBUG:Applying KiBoM style variants `default` (kibot - var_kibom.py:91)
DEBUG:Applying transform filter `_expand_text_vars` (kibot - fil_base.py:173)
DEBUG:Using auxiliary origin: x=0 y=0 (kibot - bom.py:498)
DEBUG:Global stats: total 47 fitted 47 build 47 (kibot - bom.py:571)
DEBUG:Saving BOM File: /__w/iie_tp/iie_tp/Generated/BoM/Generic/iie_tp-bom.tsv (kibot - bom.py:588)
DEBUG:TSV Output -> /__w/iie_tp/iie_tp/Generated/BoM/Generic/iie_tp-bom.tsv (kibot - bom_writer.py:52)
DEBUG:Using global `output`=`%f-%i%I%v.%x` (kibot - optionable.py:58)
DEBUG:Valid columns: ['Row', 'Description', 'Part', 'Part Lib', 'References', 'Value', 'Footprint', 'Footprint Lib', 'Quantity Per PCB', 'Build Quantity', 'Status', 'Datasheet', 'Sheetpath', 'Source BoM', 'Reference', 'Sim.Pins', 'Sim.Device', 'Sim.Library', 'Sim.Name'] (19) (kibot - out_bom.py:697)
DEBUG:Valid columns: ['Row', 'Description', 'Part', 'Part Lib', 'References', 'Value', 'Footprint', 'Footprint Lib', 'Quantity Per PCB', 'Build Quantity', 'Status', 'Datasheet', 'Sheetpath', 'Source BoM', 'Reference', 'Sim.Pins', 'Sim.Device', 'Sim.Library', 'Sim.Name'] (19) (kibot - out_bom.py:697)
- 'Generic Bill of Materials in XML format' (generic_bom_xml) [bom]
DEBUG:Expanding `Generated/BoM/Generic` in SCH context for <kibot.out_bom.BoMOptions object at 0x7fa316c620d0> parent: 'Generic Bill of Materials in XML format' (generic_bom_xml) [bom] (kibot - optionable.py:493)
DEBUG:Expanded `Generated/BoM/Generic` (kibot - optionable.py:539)
DEBUG:Output destination: /__w/iie_tp/iie_tp/Generated/BoM/Generic (kibot - kiplot.py:565)
DEBUG:Expanding `%f-%i%I%v.%x` in SCH context for <kibot.out_bom.BoMOptions object at 0x7fa316c620d0> parent: 'Generic Bill of Materials in XML format' (generic_bom_xml) [bom] (kibot - optionable.py:493)
DEBUG:Expanded `iie_tp-bom.xml` (kibot - optionable.py:539)
DEBUG:Before collapse: (kibot - v5_sch.py:1717)
DEBUG:C8 (C_Polarized_Small_US): 1 {'Reference': 'C8', 'Value': 'C_Polarized_Small_US', 'Footprint': '', 'Datasheet': '~', 'Description': 'Polarized capacitor, small US symbol', 'part': 'C_Polarized_Small_US'} (kibot - v5_sch.py:1720)
DEBUG:R21 (R_US 2k2): 1 {'Reference': 'R21', 'Value': '2k2', 'Footprint': '', 'Datasheet': '~', 'Description': 'Resistor, US symbol', 'part': 'R_US'} (kibot - v5_sch.py:1720)
DEBUG:R23 (R_US 2k2): 1 {'Reference': 'R23', 'Value': '2k2', 'Footprint': '', 'Datasheet': '~', 'Description': 'Resistor, US symbol', 'part': 'R_US'} (kibot - v5_sch.py:1720)
DEBUG:A1 (Arduino_UNO_R3): 1 {'Reference': 'A1', 'Value': 'Arduino_UNO_R3', 'Footprint': 'Module:Arduino_UNO_R3', 'Datasheet': 'https://www.arduino.cc/en/Main/arduinoBoardUno', 'Description': 'Arduino UNO Microcontroller Module, release 3', 'part': 'Arduino_UNO_R3'} (kibot - v5_sch.py:1720)
DEBUG:R8 (R_US 2k2): 1 {'Reference': 'R8', 'Value': '2k2', 'Footprint': '', 'Datasheet': '~', 'Description': 'Resistor, US symbol', 'part': 'R_US'} (kibot - v5_sch.py:1720)
DEBUG:R13 (R_US 2k2): 1 {'Reference': 'R13', 'Value': '2k2', 'Footprint': '', 'Datasheet': '~', 'Description': 'Resistor, US symbol', 'part': 'R_US'} (kibot - v5_sch.py:1720)
DEBUG:R1 (R_US 4k7): 1 {'Reference': 'R1', 'Value': '4k7', 'Footprint': 'Resistor_THT:R_Axial_Power_L25.0mm_W6.4mm_P27.94mm', 'Datasheet': '~', 'Description': 'Resistor, US symbol', 'part': 'R_US'} (kibot - v5_sch.py:1720)
DEBUG:J5 (Conn_01x02): 1 {'Reference': 'J5', 'Value': 'Conn_01x02', 'Footprint': 'Connector_Phoenix_SPT:PhoenixContact_SPT_2.5_2-H-5.0_1x02_P5.0mm_Horizontal', 'Datasheet': '~', 'Description': 'Generic connector, single row, 01x02, script generated (kicad-library-utils/schlib/autogen/connector/)', 'part': 'Conn_01x02'} (kibot - v5_sch.py:1720)
DEBUG:R17 (R_US 2k2): 1 {'Reference': 'R17', 'Value': '2k2', 'Footprint': '', 'Datasheet': '~', 'Description': 'Resistor, US symbol', 'part': 'R_US'} (kibot - v5_sch.py:1720)
DEBUG:C7 (C_Small): 1 {'Reference': 'C7', 'Value': 'C_Small', 'Footprint': '', 'Datasheet': '~', 'Description': 'Unpolarized capacitor, small symbol', 'part': 'C_Small'} (kibot - v5_sch.py:1720)
DEBUG:R4 (R_US 8k2): 1 {'Reference': 'R4', 'Value': '8k2', 'Footprint': 'Resistor_THT:R_Axial_Power_L25.0mm_W6.4mm_P27.94mm', 'Datasheet': '~', 'Description': 'Resistor, US symbol', 'part': 'R_US'} (kibot - v5_sch.py:1720)
DEBUG:U1 (OPAMP ${SIM.PARAMS}): 1 {'Reference': 'U1', 'Value': '${SIM.PARAMS}', 'Footprint': '', 'Datasheet': 'https://ngspice.sourceforge.io/docs/ngspice-html-manual/manual.xhtml#sec__SUBCKT_Subcircuits', 'Description': 'Operational amplifier, single', 'Sim.Pins': '1=in+ 2=in- 3=vcc 4=vee 5=out', 'Sim.Device': 'SUBCKT', 'Sim.Library': '/usr/share/kicad/symbols/Simulation_SPICE.sp', 'Sim.Name': 'kicad_builtin_opamp', 'part': 'OPAMP'} (kibot - v5_sch.py:1720)
DEBUG:C5 (C_Polarized_Small_US 10u): 1 {'Reference': 'C5', 'Value': '10u', 'Footprint': '', 'Datasheet': '~', 'Description': 'Polarized capacitor, small US symbol', 'part': 'C_Polarized_Small_US'} (kibot - v5_sch.py:1720)
DEBUG:R15 (R_US 2k2): 1 {'Reference': 'R15', 'Value': '2k2', 'Footprint': '', 'Datasheet': '~', 'Description': 'Resistor, US symbol', 'part': 'R_US'} (kibot - v5_sch.py:1720)
DEBUG:C2 (C 10n): 1 {'Reference': 'C2', 'Value': '10n', 'Footprint': 'Capacitor_THT:C_Disc_D7.0mm_W2.5mm_P5.00mm', 'Datasheet': '~', 'Description': 'Unpolarized capacitor', 'part': 'C'} (kibot - v5_sch.py:1720)
DEBUG:J3 (Conn_01x01): 1 {'Reference': 'J3', 'Value': 'Conn_01x01', 'Footprint': 'Connector_PinSocket_1.27mm:PinSocket_1x01_P1.27mm_Vertical', 'Datasheet': '~', 'Description': 'Generic connector, single row, 01x01, script generated (kicad-library-utils/schlib/autogen/connector/)', 'part': 'Conn_01x01'} (kibot - v5_sch.py:1720)
DEBUG:LS1 (Speaker): 1 {'Reference': 'LS1', 'Value': 'Speaker', 'Footprint': '', 'Datasheet': '~', 'Description': 'Speaker', 'part': 'Speaker'} (kibot - v5_sch.py:1720)
DEBUG:J6 (Conn_01x02): 1 {'Reference': 'J6', 'Value': 'Conn_01x02', 'Footprint': '', 'Datasheet': '~', 'Description': 'Generic connector, single row, 01x02, script generated (kicad-library-utils/schlib/autogen/connector/)', 'part': 'Conn_01x02'} (kibot - v5_sch.py:1720)
DEBUG:R7 (R_US 2k2): 1 {'Reference': 'R7', 'Value': '2k2', 'Footprint': '', 'Datasheet': '~', 'Description': 'Resistor, US symbol', 'part': 'R_US'} (kibot - v5_sch.py:1720)
DEBUG:J4 (Conn_01x01): 1 {'Reference': 'J4', 'Value': 'Conn_01x01', 'Footprint': 'Connector_PinSocket_1.27mm:PinSocket_1x01_P1.27mm_Vertical', 'Datasheet': '~', 'Description': 'Generic connector, single row, 01x01, script generated (kicad-library-utils/schlib/autogen/connector/)', 'part': 'Conn_01x01'} (kibot - v5_sch.py:1720)
DEBUG:R24 (R_US 2k2): 1 {'Reference': 'R24', 'Value': '2k2', 'Footprint': '', 'Datasheet': '~', 'Description': 'Resistor, US symbol', 'part': 'R_US'} (kibot - v5_sch.py:1720)
DEBUG:J7 (Conn_01x03): 1 {'Reference': 'J7', 'Value': 'Conn_01x03', 'Footprint': '', 'Datasheet': '~', 'Description': 'Generic connector, single row, 01x03, script generated (kicad-library-utils/schlib/autogen/connector/)', 'part': 'Conn_01x03'} (kibot - v5_sch.py:1720)
DEBUG:R6 (R_US 2k2): 1 {'Reference': 'R6', 'Value': '2k2', 'Footprint': '', 'Datasheet': '~', 'Description': 'Resistor, US symbol', 'part': 'R_US'} (kibot - v5_sch.py:1720)
DEBUG:R16 (R_US 2k2): 1 {'Reference': 'R16', 'Value': '2k2', 'Footprint': '', 'Datasheet': '~', 'Description': 'Resistor, US symbol', 'part': 'R_US'} (kibot - v5_sch.py:1720)
DEBUG:R26 (R_US 2k2): 1 {'Reference': 'R26', 'Value': '2k2', 'Footprint': '', 'Datasheet': '~', 'Description': 'Resistor, US symbol', 'part': 'R_US'} (kibot - v5_sch.py:1720)
DEBUG:R18 (R_US 2k2): 1 {'Reference': 'R18', 'Value': '2k2', 'Footprint': '', 'Datasheet': '~', 'Description': 'Resistor, US symbol', 'part': 'R_US'} (kibot - v5_sch.py:1720)
DEBUG:R22 (R_US 2k2): 1 {'Reference': 'R22', 'Value': '2k2', 'Footprint': '', 'Datasheet': '~', 'Description': 'Resistor, US symbol', 'part': 'R_US'} (kibot - v5_sch.py:1720)
DEBUG:J1 (Conn_01x03): 1 {'Reference': 'J1', 'Value': 'Conn_01x03', 'Footprint': 'Connector_PinHeader_1.00mm:PinHeader_1x03_P1.00mm_Vertical', 'Datasheet': '~', 'Description': 'Generic connector, single row, 01x03, script generated (kicad-library-utils/schlib/autogen/connector/)', 'part': 'Conn_01x03'} (kibot - v5_sch.py:1720)
DEBUG:C4 (C_Polarized_Small_US 47n): 1 {'Reference': 'C4', 'Value': '47n', 'Footprint': '', 'Datasheet': '~', 'Description': 'Polarized capacitor, small US symbol', 'part': 'C_Polarized_Small_US'} (kibot - v5_sch.py:1720)
DEBUG:R9 (R_US 2k2): 1 {'Reference': 'R9', 'Value': '2k2', 'Footprint': '', 'Datasheet': '~', 'Description': 'Resistor, US symbol', 'part': 'R_US'} (kibot - v5_sch.py:1720)
DEBUG:R3 (R_Potentiometer_US 100k): 1 {'Reference': 'R3', 'Value': '100k', 'Footprint': 'Potentiometer_THT:Potentiometer_Bourns_3296W_Vertical', 'Datasheet': '~', 'Description': 'Potentiometer, US symbol', 'part': 'R_Potentiometer_US'} (kibot - v5_sch.py:1720)
DEBUG:R5 (R_US 2k2): 1 {'Reference': 'R5', 'Value': '2k2', 'Footprint': 'Resistor_THT:R_Axial_Power_L25.0mm_W6.4mm_P27.94mm', 'Datasheet': '~', 'Description': 'Resistor, US symbol', 'part': 'R_US'} (kibot - v5_sch.py:1720)
DEBUG:C6 (C_Small): 1 {'Reference': 'C6', 'Value': 'C_Small', 'Footprint': '', 'Datasheet': '~', 'Description': 'Unpolarized capacitor, small symbol', 'part': 'C_Small'} (kibot - v5_sch.py:1720)
DEBUG:R10 (R_US 2k2): 1 {'Reference': 'R10', 'Value': '2k2', 'Footprint': '', 'Datasheet': '~', 'Description': 'Resistor, US symbol', 'part': 'R_US'} (kibot - v5_sch.py:1720)
DEBUG:R2 (R_Potentiometer_US 100k): 1 {'Reference': 'R2', 'Value': '100k', 'Footprint': 'Potentiometer_THT:Potentiometer_Bourns_3296W_Vertical', 'Datasheet': '~', 'Description': 'Potentiometer, US symbol', 'part': 'R_Potentiometer_US'} (kibot - v5_sch.py:1720)
DEBUG:R12 (R_US 2k2): 1 {'Reference': 'R12', 'Value': '2k2', 'Footprint': '', 'Datasheet': '~', 'Description': 'Resistor, US symbol', 'part': 'R_US'} (kibot - v5_sch.py:1720)
DEBUG:R20 (R_US 2k2): 1 {'Reference': 'R20', 'Value': '2k2', 'Footprint': '', 'Datasheet': '~', 'Description': 'Resistor, US symbol', 'part': 'R_US'} (kibot - v5_sch.py:1720)
DEBUG:J8 (AudioJack2_Ground): 1 {'Reference': 'J8', 'Value': 'AudioJack2_Ground', 'Footprint': '', 'Datasheet': '~', 'Description': 'Audio Jack, 2 Poles (Mono / TS), Grounded Sleeve', 'part': 'AudioJack2_Ground'} (kibot - v5_sch.py:1720)
DEBUG:U2 (LM386): 1 {'Reference': 'U2', 'Value': 'LM386', 'Footprint': '', 'Datasheet': 'http://www.ti.com/lit/ds/symlink/lm386.pdf', 'Description': 'Low Voltage Audio Power Amplifier, DIP-8/SOIC-8/SSOP-8', 'part': 'LM386'} (kibot - v5_sch.py:1720)
DEBUG:R14 (R_US 2k2): 1 {'Reference': 'R14', 'Value': '2k2', 'Footprint': '', 'Datasheet': '~', 'Description': 'Resistor, US symbol', 'part': 'R_US'} (kibot - v5_sch.py:1720)
DEBUG:J2 (Conn_01x02): 1 {'Reference': 'J2', 'Value': 'Conn_01x02', 'Footprint': 'Connector_Phoenix_SPT:PhoenixContact_SPT_2.5_2-H-5.0_1x02_P5.0mm_Horizontal', 'Datasheet': '~', 'Description': 'Generic connector, single row, 01x02, script generated (kicad-library-utils/schlib/autogen/connector/)', 'part': 'Conn_01x02'} (kibot - v5_sch.py:1720)
DEBUG:R11 (R_US 2k2): 1 {'Reference': 'R11', 'Value': '2k2', 'Footprint': '', 'Datasheet': '~', 'Description': 'Resistor, US symbol', 'part': 'R_US'} (kibot - v5_sch.py:1720)
DEBUG:C1 (C_Polarized_Small_US 10u): 1 {'Reference': 'C1', 'Value': '10u', 'Footprint': 'Capacitor_THT:CP_Radial_D10.0mm_P5.00mm_P7.50mm', 'Datasheet': '~', 'Description': 'Polarized capacitor, small US symbol', 'part': 'C_Polarized_Small_US'} (kibot - v5_sch.py:1720)
DEBUG:R25 (R_Potentiometer_US 100k): 1 {'Reference': 'R25', 'Value': '100k', 'Footprint': 'Potentiometer_THT:Potentiometer_Bourns_3296W_Vertical', 'Datasheet': '~', 'Description': 'Potentiometer, US symbol', 'part': 'R_Potentiometer_US'} (kibot - v5_sch.py:1720)
DEBUG:C3 (C_Polarized_Small_US 10u): 1 {'Reference': 'C3', 'Value': '10u', 'Footprint': 'Capacitor_THT:CP_Radial_D10.0mm_P5.00mm_P7.50mm', 'Datasheet': '~', 'Description': 'Polarized capacitor, small US symbol', 'part': 'C_Polarized_Small_US'} (kibot - v5_sch.py:1720)
DEBUG:R19 (R_US 2k2): 1 {'Reference': 'R19', 'Value': '2k2', 'Footprint': '', 'Datasheet': '~', 'Description': 'Resistor, US symbol', 'part': 'R_US'} (kibot - v5_sch.py:1720)
DEBUG:MK1 (Microphone Mic): 1 {'Reference': 'MK1', 'Value': 'Mic', 'Footprint': 'Sensor_Audio:POM-2244P-C3310-2-R', 'Datasheet': '~', 'Description': 'Microphone', 'part': 'Microphone'} (kibot - v5_sch.py:1720)
DEBUG:After collapse: (kibot - v5_sch.py:1759)
DEBUG:C8 (C_Polarized_Small_US): 1 {'Reference': 'C8', 'Value': 'C_Polarized_Small_US', 'Footprint': '', 'Datasheet': '~', 'Description': 'Polarized capacitor, small US symbol', 'part': 'C_Polarized_Small_US'} (kibot - v5_sch.py:1762)
DEBUG:R21 (R_US 2k2): 1 {'Reference': 'R21', 'Value': '2k2', 'Footprint': '', 'Datasheet': '~', 'Description': 'Resistor, US symbol', 'part': 'R_US'} (kibot - v5_sch.py:1762)
DEBUG:R23 (R_US 2k2): 1 {'Reference': 'R23', 'Value': '2k2', 'Footprint': '', 'Datasheet': '~', 'Description': 'Resistor, US symbol', 'part': 'R_US'} (kibot - v5_sch.py:1762)
DEBUG:A1 (Arduino_UNO_R3): 1 {'Reference': 'A1', 'Value': 'Arduino_UNO_R3', 'Footprint': 'Module:Arduino_UNO_R3', 'Datasheet': 'https://www.arduino.cc/en/Main/arduinoBoardUno', 'Description': 'Arduino UNO Microcontroller Module, release 3', 'part': 'Arduino_UNO_R3'} (kibot - v5_sch.py:1762)
DEBUG:R8 (R_US 2k2): 1 {'Reference': 'R8', 'Value': '2k2', 'Footprint': '', 'Datasheet': '~', 'Description': 'Resistor, US symbol', 'part': 'R_US'} (kibot - v5_sch.py:1762)
DEBUG:R13 (R_US 2k2): 1 {'Reference': 'R13', 'Value': '2k2', 'Footprint': '', 'Datasheet': '~', 'Description': 'Resistor, US symbol', 'part': 'R_US'} (kibot - v5_sch.py:1762)
DEBUG:R1 (R_US 4k7): 1 {'Reference': 'R1', 'Value': '4k7', 'Footprint': 'Resistor_THT:R_Axial_Power_L25.0mm_W6.4mm_P27.94mm', 'Datasheet': '~', 'Description': 'Resistor, US symbol', 'part': 'R_US'} (kibot - v5_sch.py:1762)
DEBUG:J5 (Conn_01x02): 1 {'Reference': 'J5', 'Value': 'Conn_01x02', 'Footprint': 'Connector_Phoenix_SPT:PhoenixContact_SPT_2.5_2-H-5.0_1x02_P5.0mm_Horizontal', 'Datasheet': '~', 'Description': 'Generic connector, single row, 01x02, script generated (kicad-library-utils/schlib/autogen/connector/)', 'part': 'Conn_01x02'} (kibot - v5_sch.py:1762)
DEBUG:R17 (R_US 2k2): 1 {'Reference': 'R17', 'Value': '2k2', 'Footprint': '', 'Datasheet': '~', 'Description': 'Resistor, US symbol', 'part': 'R_US'} (kibot - v5_sch.py:1762)
DEBUG:C7 (C_Small): 1 {'Reference': 'C7', 'Value': 'C_Small', 'Footprint': '', 'Datasheet': '~', 'Description': 'Unpolarized capacitor, small symbol', 'part': 'C_Small'} (kibot - v5_sch.py:1762)
DEBUG:R4 (R_US 8k2): 1 {'Reference': 'R4', 'Value': '8k2', 'Footprint': 'Resistor_THT:R_Axial_Power_L25.0mm_W6.4mm_P27.94mm', 'Datasheet': '~', 'Description': 'Resistor, US symbol', 'part': 'R_US'} (kibot - v5_sch.py:1762)
DEBUG:U1 (OPAMP ${SIM.PARAMS}): 1 {'Reference': 'U1', 'Value': '${SIM.PARAMS}', 'Footprint': '', 'Datasheet': 'https://ngspice.sourceforge.io/docs/ngspice-html-manual/manual.xhtml#sec__SUBCKT_Subcircuits', 'Description': 'Operational amplifier, single', 'Sim.Pins': '1=in+ 2=in- 3=vcc 4=vee 5=out', 'Sim.Device': 'SUBCKT', 'Sim.Library': '/usr/share/kicad/symbols/Simulation_SPICE.sp', 'Sim.Name': 'kicad_builtin_opamp', 'part': 'OPAMP'} (kibot - v5_sch.py:1762)
DEBUG:C5 (C_Polarized_Small_US 10u): 1 {'Reference': 'C5', 'Value': '10u', 'Footprint': '', 'Datasheet': '~', 'Description': 'Polarized capacitor, small US symbol', 'part': 'C_Polarized_Small_US'} (kibot - v5_sch.py:1762)
DEBUG:R15 (R_US 2k2): 1 {'Reference': 'R15', 'Value': '2k2', 'Footprint': '', 'Datasheet': '~', 'Description': 'Resistor, US symbol', 'part': 'R_US'} (kibot - v5_sch.py:1762)
DEBUG:C2 (C 10n): 1 {'Reference': 'C2', 'Value': '10n', 'Footprint': 'Capacitor_THT:C_Disc_D7.0mm_W2.5mm_P5.00mm', 'Datasheet': '~', 'Description': 'Unpolarized capacitor', 'part': 'C'} (kibot - v5_sch.py:1762)
DEBUG:J3 (Conn_01x01): 1 {'Reference': 'J3', 'Value': 'Conn_01x01', 'Footprint': 'Connector_PinSocket_1.27mm:PinSocket_1x01_P1.27mm_Vertical', 'Datasheet': '~', 'Description': 'Generic connector, single row, 01x01, script generated (kicad-library-utils/schlib/autogen/connector/)', 'part': 'Conn_01x01'} (kibot - v5_sch.py:1762)
DEBUG:LS1 (Speaker): 1 {'Reference': 'LS1', 'Value': 'Speaker', 'Footprint': '', 'Datasheet': '~', 'Description': 'Speaker', 'part': 'Speaker'} (kibot - v5_sch.py:1762)
DEBUG:J6 (Conn_01x02): 1 {'Reference': 'J6', 'Value': 'Conn_01x02', 'Footprint': '', 'Datasheet': '~', 'Description': 'Generic connector, single row, 01x02, script generated (kicad-library-utils/schlib/autogen/connector/)', 'part': 'Conn_01x02'} (kibot - v5_sch.py:1762)
DEBUG:R7 (R_US 2k2): 1 {'Reference': 'R7', 'Value': '2k2', 'Footprint': '', 'Datasheet': '~', 'Description': 'Resistor, US symbol', 'part': 'R_US'} (kibot - v5_sch.py:1762)
DEBUG:J4 (Conn_01x01): 1 {'Reference': 'J4', 'Value': 'Conn_01x01', 'Footprint': 'Connector_PinSocket_1.27mm:PinSocket_1x01_P1.27mm_Vertical', 'Datasheet': '~', 'Description': 'Generic connector, single row, 01x01, script generated (kicad-library-utils/schlib/autogen/connector/)', 'part': 'Conn_01x01'} (kibot - v5_sch.py:1762)
DEBUG:R24 (R_US 2k2): 1 {'Reference': 'R24', 'Value': '2k2', 'Footprint': '', 'Datasheet': '~', 'Description': 'Resistor, US symbol', 'part': 'R_US'} (kibot - v5_sch.py:1762)
DEBUG:J7 (Conn_01x03): 1 {'Reference': 'J7', 'Value': 'Conn_01x03', 'Footprint': '', 'Datasheet': '~', 'Description': 'Generic connector, single row, 01x03, script generated (kicad-library-utils/schlib/autogen/connector/)', 'part': 'Conn_01x03'} (kibot - v5_sch.py:1762)
DEBUG:R6 (R_US 2k2): 1 {'Reference': 'R6', 'Value': '2k2', 'Footprint': '', 'Datasheet': '~', 'Description': 'Resistor, US symbol', 'part': 'R_US'} (kibot - v5_sch.py:1762)
DEBUG:R16 (R_US 2k2): 1 {'Reference': 'R16', 'Value': '2k2', 'Footprint': '', 'Datasheet': '~', 'Description': 'Resistor, US symbol', 'part': 'R_US'} (kibot - v5_sch.py:1762)
DEBUG:R26 (R_US 2k2): 1 {'Reference': 'R26', 'Value': '2k2', 'Footprint': '', 'Datasheet': '~', 'Description': 'Resistor, US symbol', 'part': 'R_US'} (kibot - v5_sch.py:1762)
DEBUG:R18 (R_US 2k2): 1 {'Reference': 'R18', 'Value': '2k2', 'Footprint': '', 'Datasheet': '~', 'Description': 'Resistor, US symbol', 'part': 'R_US'} (kibot - v5_sch.py:1762)
DEBUG:R22 (R_US 2k2): 1 {'Reference': 'R22', 'Value': '2k2', 'Footprint': '', 'Datasheet': '~', 'Description': 'Resistor, US symbol', 'part': 'R_US'} (kibot - v5_sch.py:1762)
DEBUG:J1 (Conn_01x03): 1 {'Reference': 'J1', 'Value': 'Conn_01x03', 'Footprint': 'Connector_PinHeader_1.00mm:PinHeader_1x03_P1.00mm_Vertical', 'Datasheet': '~', 'Description': 'Generic connector, single row, 01x03, script generated (kicad-library-utils/schlib/autogen/connector/)', 'part': 'Conn_01x03'} (kibot - v5_sch.py:1762)
DEBUG:C4 (C_Polarized_Small_US 47n): 1 {'Reference': 'C4', 'Value': '47n', 'Footprint': '', 'Datasheet': '~', 'Description': 'Polarized capacitor, small US symbol', 'part': 'C_Polarized_Small_US'} (kibot - v5_sch.py:1762)
DEBUG:R9 (R_US 2k2): 1 {'Reference': 'R9', 'Value': '2k2', 'Footprint': '', 'Datasheet': '~', 'Description': 'Resistor, US symbol', 'part': 'R_US'} (kibot - v5_sch.py:1762)
DEBUG:R3 (R_Potentiometer_US 100k): 1 {'Reference': 'R3', 'Value': '100k', 'Footprint': 'Potentiometer_THT:Potentiometer_Bourns_3296W_Vertical', 'Datasheet': '~', 'Description': 'Potentiometer, US symbol', 'part': 'R_Potentiometer_US'} (kibot - v5_sch.py:1762)
DEBUG:R5 (R_US 2k2): 1 {'Reference': 'R5', 'Value': '2k2', 'Footprint': 'Resistor_THT:R_Axial_Power_L25.0mm_W6.4mm_P27.94mm', 'Datasheet': '~', 'Description': 'Resistor, US symbol', 'part': 'R_US'} (kibot - v5_sch.py:1762)
DEBUG:C6 (C_Small): 1 {'Reference': 'C6', 'Value': 'C_Small', 'Footprint': '', 'Datasheet': '~', 'Description': 'Unpolarized capacitor, small symbol', 'part': 'C_Small'} (kibot - v5_sch.py:1762)
DEBUG:R10 (R_US 2k2): 1 {'Reference': 'R10', 'Value': '2k2', 'Footprint': '', 'Datasheet': '~', 'Description': 'Resistor, US symbol', 'part': 'R_US'} (kibot - v5_sch.py:1762)
DEBUG:R2 (R_Potentiometer_US 100k): 1 {'Reference': 'R2', 'Value': '100k', 'Footprint': 'Potentiometer_THT:Potentiometer_Bourns_3296W_Vertical', 'Datasheet': '~', 'Description': 'Potentiometer, US symbol', 'part': 'R_Potentiometer_US'} (kibot - v5_sch.py:1762)
DEBUG:R12 (R_US 2k2): 1 {'Reference': 'R12', 'Value': '2k2', 'Footprint': '', 'Datasheet': '~', 'Description': 'Resistor, US symbol', 'part': 'R_US'} (kibot - v5_sch.py:1762)
DEBUG:R20 (R_US 2k2): 1 {'Reference': 'R20', 'Value': '2k2', 'Footprint': '', 'Datasheet': '~', 'Description': 'Resistor, US symbol', 'part': 'R_US'} (kibot - v5_sch.py:1762)
DEBUG:J8 (AudioJack2_Ground): 1 {'Reference': 'J8', 'Value': 'AudioJack2_Ground', 'Footprint': '', 'Datasheet': '~', 'Description': 'Audio Jack, 2 Poles (Mono / TS), Grounded Sleeve', 'part': 'AudioJack2_Ground'} (kibot - v5_sch.py:1762)
DEBUG:U2 (LM386): 1 {'Reference': 'U2', 'Value': 'LM386', 'Footprint': '', 'Datasheet': 'http://www.ti.com/lit/ds/symlink/lm386.pdf', 'Description': 'Low Voltage Audio Power Amplifier, DIP-8/SOIC-8/SSOP-8', 'part': 'LM386'} (kibot - v5_sch.py:1762)
DEBUG:R14 (R_US 2k2): 1 {'Reference': 'R14', 'Value': '2k2', 'Footprint': '', 'Datasheet': '~', 'Description': 'Resistor, US symbol', 'part': 'R_US'} (kibot - v5_sch.py:1762)
DEBUG:J2 (Conn_01x02): 1 {'Reference': 'J2', 'Value': 'Conn_01x02', 'Footprint': 'Connector_Phoenix_SPT:PhoenixContact_SPT_2.5_2-H-5.0_1x02_P5.0mm_Horizontal', 'Datasheet': '~', 'Description': 'Generic connector, single row, 01x02, script generated (kicad-library-utils/schlib/autogen/connector/)', 'part': 'Conn_01x02'} (kibot - v5_sch.py:1762)
DEBUG:R11 (R_US 2k2): 1 {'Reference': 'R11', 'Value': '2k2', 'Footprint': '', 'Datasheet': '~', 'Description': 'Resistor, US symbol', 'part': 'R_US'} (kibot - v5_sch.py:1762)
DEBUG:C1 (C_Polarized_Small_US 10u): 1 {'Reference': 'C1', 'Value': '10u', 'Footprint': 'Capacitor_THT:CP_Radial_D10.0mm_P5.00mm_P7.50mm', 'Datasheet': '~', 'Description': 'Polarized capacitor, small US symbol', 'part': 'C_Polarized_Small_US'} (kibot - v5_sch.py:1762)
DEBUG:R25 (R_Potentiometer_US 100k): 1 {'Reference': 'R25', 'Value': '100k', 'Footprint': 'Potentiometer_THT:Potentiometer_Bourns_3296W_Vertical', 'Datasheet': '~', 'Description': 'Potentiometer, US symbol', 'part': 'R_Potentiometer_US'} (kibot - v5_sch.py:1762)
DEBUG:C3 (C_Polarized_Small_US 10u): 1 {'Reference': 'C3', 'Value': '10u', 'Footprint': 'Capacitor_THT:CP_Radial_D10.0mm_P5.00mm_P7.50mm', 'Datasheet': '~', 'Description': 'Polarized capacitor, small US symbol', 'part': 'C_Polarized_Small_US'} (kibot - v5_sch.py:1762)
DEBUG:R19 (R_US 2k2): 1 {'Reference': 'R19', 'Value': '2k2', 'Footprint': '', 'Datasheet': '~', 'Description': 'Resistor, US symbol', 'part': 'R_US'} (kibot - v5_sch.py:1762)
DEBUG:MK1 (Microphone Mic): 1 {'Reference': 'MK1', 'Value': 'Mic', 'Footprint': 'Sensor_Audio:POM-2244P-C3310-2-R', 'Datasheet': '~', 'Description': 'Microphone', 'part': 'Microphone'} (kibot - v5_sch.py:1762)
DEBUG:Filters reset (kibot - fil_base.py:196)
DEBUG:Transfer "Exclude from bill of materials" from schematic (kibot - out_bom.py:1016)
DEBUG:Applying filter `_mechanical` to exclude (kibot - fil_base.py:187)
DEBUG:Applying filter `_kibom_dnf_config` to fitted (kibot - fil_base.py:214)
DEBUG:Applying filter `_kibom_dnc_config` to fixed (kibot - fil_base.py:224)
DEBUG:Applying KiBoM style variants `default` (kibot - var_kibom.py:91)
DEBUG:Applying transform filter `_expand_text_vars` (kibot - fil_base.py:173)
DEBUG:Using auxiliary origin: x=0 y=0 (kibot - bom.py:498)
DEBUG:Global stats: total 47 fitted 47 build 47 (kibot - bom.py:571)
DEBUG:Saving BOM File: /__w/iie_tp/iie_tp/Generated/BoM/Generic/iie_tp-bom.xml (kibot - bom.py:588)
DEBUG:XML Output -> /__w/iie_tp/iie_tp/Generated/BoM/Generic/iie_tp-bom.xml (kibot - bom_writer.py:52)
DEBUG:Using global `output`=`%f-%i%I%v.%x` (kibot - optionable.py:58)
DEBUG:Expanding `KiBot Bill of Materials` in SCH context for <kibot.out_bom.BoMOptions object at 0x7fa316a90f50> parent: 'Generic Bill of Materials in XLSX format' (generic_bom_xlsx) [bom] (kibot - optionable.py:493)
DEBUG:Expanded `KiBot Bill of Materials` (kibot - optionable.py:539)
DEBUG:Valid columns: ['Row', 'Description', 'Part', 'Part Lib', 'References', 'Value', 'Footprint', 'Footprint Lib', 'Quantity Per PCB', 'Build Quantity', 'Status', 'Datasheet', 'Sheetpath', 'Source BoM', 'Reference', 'Sim.Pins', 'Sim.Device', 'Sim.Library', 'Sim.Name'] (19) (kibot - out_bom.py:697)
DEBUG:Valid columns: ['Row', 'Description', 'Part', 'Part Lib', 'References', 'Value', 'Footprint', 'Footprint Lib', 'Quantity Per PCB', 'Build Quantity', 'Status', 'Datasheet', 'Sheetpath', 'Source BoM', 'Reference', 'Sim.Pins', 'Sim.Device', 'Sim.Library', 'Sim.Name'] (19) (kibot - out_bom.py:697)
- 'Generic Bill of Materials in XLSX format' (generic_bom_xlsx) [bom]
DEBUG:Expanding `Generated/BoM/Generic` in SCH context for <kibot.out_bom.BoMOptions object at 0x7fa316a90f50> parent: 'Generic Bill of Materials in XLSX format' (generic_bom_xlsx) [bom] (kibot - optionable.py:493)
DEBUG:Expanded `Generated/BoM/Generic` (kibot - optionable.py:539)
DEBUG:Output destination: /__w/iie_tp/iie_tp/Generated/BoM/Generic (kibot - kiplot.py:565)
DEBUG:Expanding `%f-%i%I%v.%x` in SCH context for <kibot.out_bom.BoMOptions object at 0x7fa316a90f50> parent: 'Generic Bill of Materials in XLSX format' (generic_bom_xlsx) [bom] (kibot - optionable.py:493)
DEBUG:Expanded `iie_tp-bom.xlsx` (kibot - optionable.py:539)
DEBUG:Starting tool check for XLSXWriter (kibot - dep_downloader.py:857)
DEBUG:- Returning `<module 'xlsxwriter' from '/usr/lib/python3/dist-packages/xlsxwriter/__init__.py'>` (kibot - dep_downloader.py:864)
DEBUG:Before collapse: (kibot - v5_sch.py:1717)
DEBUG:C8 (C_Polarized_Small_US): 1 {'Reference': 'C8', 'Value': 'C_Polarized_Small_US', 'Footprint': '', 'Datasheet': '~', 'Description': 'Polarized capacitor, small US symbol', 'part': 'C_Polarized_Small_US'} (kibot - v5_sch.py:1720)
DEBUG:R21 (R_US 2k2): 1 {'Reference': 'R21', 'Value': '2k2', 'Footprint': '', 'Datasheet': '~', 'Description': 'Resistor, US symbol', 'part': 'R_US'} (kibot - v5_sch.py:1720)
DEBUG:R23 (R_US 2k2): 1 {'Reference': 'R23', 'Value': '2k2', 'Footprint': '', 'Datasheet': '~', 'Description': 'Resistor, US symbol', 'part': 'R_US'} (kibot - v5_sch.py:1720)
DEBUG:A1 (Arduino_UNO_R3): 1 {'Reference': 'A1', 'Value': 'Arduino_UNO_R3', 'Footprint': 'Module:Arduino_UNO_R3', 'Datasheet': 'https://www.arduino.cc/en/Main/arduinoBoardUno', 'Description': 'Arduino UNO Microcontroller Module, release 3', 'part': 'Arduino_UNO_R3'} (kibot - v5_sch.py:1720)
DEBUG:R8 (R_US 2k2): 1 {'Reference': 'R8', 'Value': '2k2', 'Footprint': '', 'Datasheet': '~', 'Description': 'Resistor, US symbol', 'part': 'R_US'} (kibot - v5_sch.py:1720)
DEBUG:R13 (R_US 2k2): 1 {'Reference': 'R13', 'Value': '2k2', 'Footprint': '', 'Datasheet': '~', 'Description': 'Resistor, US symbol', 'part': 'R_US'} (kibot - v5_sch.py:1720)
DEBUG:R1 (R_US 4k7): 1 {'Reference': 'R1', 'Value': '4k7', 'Footprint': 'Resistor_THT:R_Axial_Power_L25.0mm_W6.4mm_P27.94mm', 'Datasheet': '~', 'Description': 'Resistor, US symbol', 'part': 'R_US'} (kibot - v5_sch.py:1720)
DEBUG:J5 (Conn_01x02): 1 {'Reference': 'J5', 'Value': 'Conn_01x02', 'Footprint': 'Connector_Phoenix_SPT:PhoenixContact_SPT_2.5_2-H-5.0_1x02_P5.0mm_Horizontal', 'Datasheet': '~', 'Description': 'Generic connector, single row, 01x02, script generated (kicad-library-utils/schlib/autogen/connector/)', 'part': 'Conn_01x02'} (kibot - v5_sch.py:1720)
DEBUG:R17 (R_US 2k2): 1 {'Reference': 'R17', 'Value': '2k2', 'Footprint': '', 'Datasheet': '~', 'Description': 'Resistor, US symbol', 'part': 'R_US'} (kibot - v5_sch.py:1720)
DEBUG:C7 (C_Small): 1 {'Reference': 'C7', 'Value': 'C_Small', 'Footprint': '', 'Datasheet': '~', 'Description': 'Unpolarized capacitor, small symbol', 'part': 'C_Small'} (kibot - v5_sch.py:1720)
DEBUG:R4 (R_US 8k2): 1 {'Reference': 'R4', 'Value': '8k2', 'Footprint': 'Resistor_THT:R_Axial_Power_L25.0mm_W6.4mm_P27.94mm', 'Datasheet': '~', 'Description': 'Resistor, US symbol', 'part': 'R_US'} (kibot - v5_sch.py:1720)
DEBUG:U1 (OPAMP ${SIM.PARAMS}): 1 {'Reference': 'U1', 'Value': '${SIM.PARAMS}', 'Footprint': '', 'Datasheet': 'https://ngspice.sourceforge.io/docs/ngspice-html-manual/manual.xhtml#sec__SUBCKT_Subcircuits', 'Description': 'Operational amplifier, single', 'Sim.Pins': '1=in+ 2=in- 3=vcc 4=vee 5=out', 'Sim.Device': 'SUBCKT', 'Sim.Library': '/usr/share/kicad/symbols/Simulation_SPICE.sp', 'Sim.Name': 'kicad_builtin_opamp', 'part': 'OPAMP'} (kibot - v5_sch.py:1720)
DEBUG:C5 (C_Polarized_Small_US 10u): 1 {'Reference': 'C5', 'Value': '10u', 'Footprint': '', 'Datasheet': '~', 'Description': 'Polarized capacitor, small US symbol', 'part': 'C_Polarized_Small_US'} (kibot - v5_sch.py:1720)
DEBUG:R15 (R_US 2k2): 1 {'Reference': 'R15', 'Value': '2k2', 'Footprint': '', 'Datasheet': '~', 'Description': 'Resistor, US symbol', 'part': 'R_US'} (kibot - v5_sch.py:1720)
DEBUG:C2 (C 10n): 1 {'Reference': 'C2', 'Value': '10n', 'Footprint': 'Capacitor_THT:C_Disc_D7.0mm_W2.5mm_P5.00mm', 'Datasheet': '~', 'Description': 'Unpolarized capacitor', 'part': 'C'} (kibot - v5_sch.py:1720)
DEBUG:J3 (Conn_01x01): 1 {'Reference': 'J3', 'Value': 'Conn_01x01', 'Footprint': 'Connector_PinSocket_1.27mm:PinSocket_1x01_P1.27mm_Vertical', 'Datasheet': '~', 'Description': 'Generic connector, single row, 01x01, script generated (kicad-library-utils/schlib/autogen/connector/)', 'part': 'Conn_01x01'} (kibot - v5_sch.py:1720)
DEBUG:LS1 (Speaker): 1 {'Reference': 'LS1', 'Value': 'Speaker', 'Footprint': '', 'Datasheet': '~', 'Description': 'Speaker', 'part': 'Speaker'} (kibot - v5_sch.py:1720)
DEBUG:J6 (Conn_01x02): 1 {'Reference': 'J6', 'Value': 'Conn_01x02', 'Footprint': '', 'Datasheet': '~', 'Description': 'Generic connector, single row, 01x02, script generated (kicad-library-utils/schlib/autogen/connector/)', 'part': 'Conn_01x02'} (kibot - v5_sch.py:1720)
DEBUG:R7 (R_US 2k2): 1 {'Reference': 'R7', 'Value': '2k2', 'Footprint': '', 'Datasheet': '~', 'Description': 'Resistor, US symbol', 'part': 'R_US'} (kibot - v5_sch.py:1720)
DEBUG:J4 (Conn_01x01): 1 {'Reference': 'J4', 'Value': 'Conn_01x01', 'Footprint': 'Connector_PinSocket_1.27mm:PinSocket_1x01_P1.27mm_Vertical', 'Datasheet': '~', 'Description': 'Generic connector, single row, 01x01, script generated (kicad-library-utils/schlib/autogen/connector/)', 'part': 'Conn_01x01'} (kibot - v5_sch.py:1720)
DEBUG:R24 (R_US 2k2): 1 {'Reference': 'R24', 'Value': '2k2', 'Footprint': '', 'Datasheet': '~', 'Description': 'Resistor, US symbol', 'part': 'R_US'} (kibot - v5_sch.py:1720)
DEBUG:J7 (Conn_01x03): 1 {'Reference': 'J7', 'Value': 'Conn_01x03', 'Footprint': '', 'Datasheet': '~', 'Description': 'Generic connector, single row, 01x03, script generated (kicad-library-utils/schlib/autogen/connector/)', 'part': 'Conn_01x03'} (kibot - v5_sch.py:1720)
DEBUG:R6 (R_US 2k2): 1 {'Reference': 'R6', 'Value': '2k2', 'Footprint': '', 'Datasheet': '~', 'Description': 'Resistor, US symbol', 'part': 'R_US'} (kibot - v5_sch.py:1720)
DEBUG:R16 (R_US 2k2): 1 {'Reference': 'R16', 'Value': '2k2', 'Footprint': '', 'Datasheet': '~', 'Description': 'Resistor, US symbol', 'part': 'R_US'} (kibot - v5_sch.py:1720)
DEBUG:R26 (R_US 2k2): 1 {'Reference': 'R26', 'Value': '2k2', 'Footprint': '', 'Datasheet': '~', 'Description': 'Resistor, US symbol', 'part': 'R_US'} (kibot - v5_sch.py:1720)
DEBUG:R18 (R_US 2k2): 1 {'Reference': 'R18', 'Value': '2k2', 'Footprint': '', 'Datasheet': '~', 'Description': 'Resistor, US symbol', 'part': 'R_US'} (kibot - v5_sch.py:1720)
DEBUG:R22 (R_US 2k2): 1 {'Reference': 'R22', 'Value': '2k2', 'Footprint': '', 'Datasheet': '~', 'Description': 'Resistor, US symbol', 'part': 'R_US'} (kibot - v5_sch.py:1720)
DEBUG:J1 (Conn_01x03): 1 {'Reference': 'J1', 'Value': 'Conn_01x03', 'Footprint': 'Connector_PinHeader_1.00mm:PinHeader_1x03_P1.00mm_Vertical', 'Datasheet': '~', 'Description': 'Generic connector, single row, 01x03, script generated (kicad-library-utils/schlib/autogen/connector/)', 'part': 'Conn_01x03'} (kibot - v5_sch.py:1720)
DEBUG:C4 (C_Polarized_Small_US 47n): 1 {'Reference': 'C4', 'Value': '47n', 'Footprint': '', 'Datasheet': '~', 'Description': 'Polarized capacitor, small US symbol', 'part': 'C_Polarized_Small_US'} (kibot - v5_sch.py:1720)
DEBUG:R9 (R_US 2k2): 1 {'Reference': 'R9', 'Value': '2k2', 'Footprint': '', 'Datasheet': '~', 'Description': 'Resistor, US symbol', 'part': 'R_US'} (kibot - v5_sch.py:1720)
DEBUG:R3 (R_Potentiometer_US 100k): 1 {'Reference': 'R3', 'Value': '100k', 'Footprint': 'Potentiometer_THT:Potentiometer_Bourns_3296W_Vertical', 'Datasheet': '~', 'Description': 'Potentiometer, US symbol', 'part': 'R_Potentiometer_US'} (kibot - v5_sch.py:1720)
DEBUG:R5 (R_US 2k2): 1 {'Reference': 'R5', 'Value': '2k2', 'Footprint': 'Resistor_THT:R_Axial_Power_L25.0mm_W6.4mm_P27.94mm', 'Datasheet': '~', 'Description': 'Resistor, US symbol', 'part': 'R_US'} (kibot - v5_sch.py:1720)
DEBUG:C6 (C_Small): 1 {'Reference': 'C6', 'Value': 'C_Small', 'Footprint': '', 'Datasheet': '~', 'Description': 'Unpolarized capacitor, small symbol', 'part': 'C_Small'} (kibot - v5_sch.py:1720)
DEBUG:R10 (R_US 2k2): 1 {'Reference': 'R10', 'Value': '2k2', 'Footprint': '', 'Datasheet': '~', 'Description': 'Resistor, US symbol', 'part': 'R_US'} (kibot - v5_sch.py:1720)
DEBUG:R2 (R_Potentiometer_US 100k): 1 {'Reference': 'R2', 'Value': '100k', 'Footprint': 'Potentiometer_THT:Potentiometer_Bourns_3296W_Vertical', 'Datasheet': '~', 'Description': 'Potentiometer, US symbol', 'part': 'R_Potentiometer_US'} (kibot - v5_sch.py:1720)
DEBUG:R12 (R_US 2k2): 1 {'Reference': 'R12', 'Value': '2k2', 'Footprint': '', 'Datasheet': '~', 'Description': 'Resistor, US symbol', 'part': 'R_US'} (kibot - v5_sch.py:1720)
DEBUG:R20 (R_US 2k2): 1 {'Reference': 'R20', 'Value': '2k2', 'Footprint': '', 'Datasheet': '~', 'Description': 'Resistor, US symbol', 'part': 'R_US'} (kibot - v5_sch.py:1720)
DEBUG:J8 (AudioJack2_Ground): 1 {'Reference': 'J8', 'Value': 'AudioJack2_Ground', 'Footprint': '', 'Datasheet': '~', 'Description': 'Audio Jack, 2 Poles (Mono / TS), Grounded Sleeve', 'part': 'AudioJack2_Ground'} (kibot - v5_sch.py:1720)
DEBUG:U2 (LM386): 1 {'Reference': 'U2', 'Value': 'LM386', 'Footprint': '', 'Datasheet': 'http://www.ti.com/lit/ds/symlink/lm386.pdf', 'Description': 'Low Voltage Audio Power Amplifier, DIP-8/SOIC-8/SSOP-8', 'part': 'LM386'} (kibot - v5_sch.py:1720)
DEBUG:R14 (R_US 2k2): 1 {'Reference': 'R14', 'Value': '2k2', 'Footprint': '', 'Datasheet': '~', 'Description': 'Resistor, US symbol', 'part': 'R_US'} (kibot - v5_sch.py:1720)
DEBUG:J2 (Conn_01x02): 1 {'Reference': 'J2', 'Value': 'Conn_01x02', 'Footprint': 'Connector_Phoenix_SPT:PhoenixContact_SPT_2.5_2-H-5.0_1x02_P5.0mm_Horizontal', 'Datasheet': '~', 'Description': 'Generic connector, single row, 01x02, script generated (kicad-library-utils/schlib/autogen/connector/)', 'part': 'Conn_01x02'} (kibot - v5_sch.py:1720)
DEBUG:R11 (R_US 2k2): 1 {'Reference': 'R11', 'Value': '2k2', 'Footprint': '', 'Datasheet': '~', 'Description': 'Resistor, US symbol', 'part': 'R_US'} (kibot - v5_sch.py:1720)
DEBUG:C1 (C_Polarized_Small_US 10u): 1 {'Reference': 'C1', 'Value': '10u', 'Footprint': 'Capacitor_THT:CP_Radial_D10.0mm_P5.00mm_P7.50mm', 'Datasheet': '~', 'Description': 'Polarized capacitor, small US symbol', 'part': 'C_Polarized_Small_US'} (kibot - v5_sch.py:1720)
DEBUG:R25 (R_Potentiometer_US 100k): 1 {'Reference': 'R25', 'Value': '100k', 'Footprint': 'Potentiometer_THT:Potentiometer_Bourns_3296W_Vertical', 'Datasheet': '~', 'Description': 'Potentiometer, US symbol', 'part': 'R_Potentiometer_US'} (kibot - v5_sch.py:1720)
DEBUG:C3 (C_Polarized_Small_US 10u): 1 {'Reference': 'C3', 'Value': '10u', 'Footprint': 'Capacitor_THT:CP_Radial_D10.0mm_P5.00mm_P7.50mm', 'Datasheet': '~', 'Description': 'Polarized capacitor, small US symbol', 'part': 'C_Polarized_Small_US'} (kibot - v5_sch.py:1720)
DEBUG:R19 (R_US 2k2): 1 {'Reference': 'R19', 'Value': '2k2', 'Footprint': '', 'Datasheet': '~', 'Description': 'Resistor, US symbol', 'part': 'R_US'} (kibot - v5_sch.py:1720)
DEBUG:MK1 (Microphone Mic): 1 {'Reference': 'MK1', 'Value': 'Mic', 'Footprint': 'Sensor_Audio:POM-2244P-C3310-2-R', 'Datasheet': '~', 'Description': 'Microphone', 'part': 'Microphone'} (kibot - v5_sch.py:1720)
DEBUG:After collapse: (kibot - v5_sch.py:1759)
DEBUG:C8 (C_Polarized_Small_US): 1 {'Reference': 'C8', 'Value': 'C_Polarized_Small_US', 'Footprint': '', 'Datasheet': '~', 'Description': 'Polarized capacitor, small US symbol', 'part': 'C_Polarized_Small_US'} (kibot - v5_sch.py:1762)
DEBUG:R21 (R_US 2k2): 1 {'Reference': 'R21', 'Value': '2k2', 'Footprint': '', 'Datasheet': '~', 'Description': 'Resistor, US symbol', 'part': 'R_US'} (kibot - v5_sch.py:1762)
DEBUG:R23 (R_US 2k2): 1 {'Reference': 'R23', 'Value': '2k2', 'Footprint': '', 'Datasheet': '~', 'Description': 'Resistor, US symbol', 'part': 'R_US'} (kibot - v5_sch.py:1762)
DEBUG:A1 (Arduino_UNO_R3): 1 {'Reference': 'A1', 'Value': 'Arduino_UNO_R3', 'Footprint': 'Module:Arduino_UNO_R3', 'Datasheet': 'https://www.arduino.cc/en/Main/arduinoBoardUno', 'Description': 'Arduino UNO Microcontroller Module, release 3', 'part': 'Arduino_UNO_R3'} (kibot - v5_sch.py:1762)
DEBUG:R8 (R_US 2k2): 1 {'Reference': 'R8', 'Value': '2k2', 'Footprint': '', 'Datasheet': '~', 'Description': 'Resistor, US symbol', 'part': 'R_US'} (kibot - v5_sch.py:1762)
DEBUG:R13 (R_US 2k2): 1 {'Reference': 'R13', 'Value': '2k2', 'Footprint': '', 'Datasheet': '~', 'Description': 'Resistor, US symbol', 'part': 'R_US'} (kibot - v5_sch.py:1762)
DEBUG:R1 (R_US 4k7): 1 {'Reference': 'R1', 'Value': '4k7', 'Footprint': 'Resistor_THT:R_Axial_Power_L25.0mm_W6.4mm_P27.94mm', 'Datasheet': '~', 'Description': 'Resistor, US symbol', 'part': 'R_US'} (kibot - v5_sch.py:1762)
DEBUG:J5 (Conn_01x02): 1 {'Reference': 'J5', 'Value': 'Conn_01x02', 'Footprint': 'Connector_Phoenix_SPT:PhoenixContact_SPT_2.5_2-H-5.0_1x02_P5.0mm_Horizontal', 'Datasheet': '~', 'Description': 'Generic connector, single row, 01x02, script generated (kicad-library-utils/schlib/autogen/connector/)', 'part': 'Conn_01x02'} (kibot - v5_sch.py:1762)
DEBUG:R17 (R_US 2k2): 1 {'Reference': 'R17', 'Value': '2k2', 'Footprint': '', 'Datasheet': '~', 'Description': 'Resistor, US symbol', 'part': 'R_US'} (kibot - v5_sch.py:1762)
DEBUG:C7 (C_Small): 1 {'Reference': 'C7', 'Value': 'C_Small', 'Footprint': '', 'Datasheet': '~', 'Description': 'Unpolarized capacitor, small symbol', 'part': 'C_Small'} (kibot - v5_sch.py:1762)
DEBUG:R4 (R_US 8k2): 1 {'Reference': 'R4', 'Value': '8k2', 'Footprint': 'Resistor_THT:R_Axial_Power_L25.0mm_W6.4mm_P27.94mm', 'Datasheet': '~', 'Description': 'Resistor, US symbol', 'part': 'R_US'} (kibot - v5_sch.py:1762)
DEBUG:U1 (OPAMP ${SIM.PARAMS}): 1 {'Reference': 'U1', 'Value': '${SIM.PARAMS}', 'Footprint': '', 'Datasheet': 'https://ngspice.sourceforge.io/docs/ngspice-html-manual/manual.xhtml#sec__SUBCKT_Subcircuits', 'Description': 'Operational amplifier, single', 'Sim.Pins': '1=in+ 2=in- 3=vcc 4=vee 5=out', 'Sim.Device': 'SUBCKT', 'Sim.Library': '/usr/share/kicad/symbols/Simulation_SPICE.sp', 'Sim.Name': 'kicad_builtin_opamp', 'part': 'OPAMP'} (kibot - v5_sch.py:1762)
DEBUG:C5 (C_Polarized_Small_US 10u): 1 {'Reference': 'C5', 'Value': '10u', 'Footprint': '', 'Datasheet': '~', 'Description': 'Polarized capacitor, small US symbol', 'part': 'C_Polarized_Small_US'} (kibot - v5_sch.py:1762)
DEBUG:R15 (R_US 2k2): 1 {'Reference': 'R15', 'Value': '2k2', 'Footprint': '', 'Datasheet': '~', 'Description': 'Resistor, US symbol', 'part': 'R_US'} (kibot - v5_sch.py:1762)
DEBUG:C2 (C 10n): 1 {'Reference': 'C2', 'Value': '10n', 'Footprint': 'Capacitor_THT:C_Disc_D7.0mm_W2.5mm_P5.00mm', 'Datasheet': '~', 'Description': 'Unpolarized capacitor', 'part': 'C'} (kibot - v5_sch.py:1762)
DEBUG:J3 (Conn_01x01): 1 {'Reference': 'J3', 'Value': 'Conn_01x01', 'Footprint': 'Connector_PinSocket_1.27mm:PinSocket_1x01_P1.27mm_Vertical', 'Datasheet': '~', 'Description': 'Generic connector, single row, 01x01, script generated (kicad-library-utils/schlib/autogen/connector/)', 'part': 'Conn_01x01'} (kibot - v5_sch.py:1762)
DEBUG:LS1 (Speaker): 1 {'Reference': 'LS1', 'Value': 'Speaker', 'Footprint': '', 'Datasheet': '~', 'Description': 'Speaker', 'part': 'Speaker'} (kibot - v5_sch.py:1762)
DEBUG:J6 (Conn_01x02): 1 {'Reference': 'J6', 'Value': 'Conn_01x02', 'Footprint': '', 'Datasheet': '~', 'Description': 'Generic connector, single row, 01x02, script generated (kicad-library-utils/schlib/autogen/connector/)', 'part': 'Conn_01x02'} (kibot - v5_sch.py:1762)
DEBUG:R7 (R_US 2k2): 1 {'Reference': 'R7', 'Value': '2k2', 'Footprint': '', 'Datasheet': '~', 'Description': 'Resistor, US symbol', 'part': 'R_US'} (kibot - v5_sch.py:1762)
DEBUG:J4 (Conn_01x01): 1 {'Reference': 'J4', 'Value': 'Conn_01x01', 'Footprint': 'Connector_PinSocket_1.27mm:PinSocket_1x01_P1.27mm_Vertical', 'Datasheet': '~', 'Description': 'Generic connector, single row, 01x01, script generated (kicad-library-utils/schlib/autogen/connector/)', 'part': 'Conn_01x01'} (kibot - v5_sch.py:1762)
DEBUG:R24 (R_US 2k2): 1 {'Reference': 'R24', 'Value': '2k2', 'Footprint': '', 'Datasheet': '~', 'Description': 'Resistor, US symbol', 'part': 'R_US'} (kibot - v5_sch.py:1762)
DEBUG:J7 (Conn_01x03): 1 {'Reference': 'J7', 'Value': 'Conn_01x03', 'Footprint': '', 'Datasheet': '~', 'Description': 'Generic connector, single row, 01x03, script generated (kicad-library-utils/schlib/autogen/connector/)', 'part': 'Conn_01x03'} (kibot - v5_sch.py:1762)
DEBUG:R6 (R_US 2k2): 1 {'Reference': 'R6', 'Value': '2k2', 'Footprint': '', 'Datasheet': '~', 'Description': 'Resistor, US symbol', 'part': 'R_US'} (kibot - v5_sch.py:1762)
DEBUG:R16 (R_US 2k2): 1 {'Reference': 'R16', 'Value': '2k2', 'Footprint': '', 'Datasheet': '~', 'Description': 'Resistor, US symbol', 'part': 'R_US'} (kibot - v5_sch.py:1762)
DEBUG:R26 (R_US 2k2): 1 {'Reference': 'R26', 'Value': '2k2', 'Footprint': '', 'Datasheet': '~', 'Description': 'Resistor, US symbol', 'part': 'R_US'} (kibot - v5_sch.py:1762)
DEBUG:R18 (R_US 2k2): 1 {'Reference': 'R18', 'Value': '2k2', 'Footprint': '', 'Datasheet': '~', 'Description': 'Resistor, US symbol', 'part': 'R_US'} (kibot - v5_sch.py:1762)
DEBUG:R22 (R_US 2k2): 1 {'Reference': 'R22', 'Value': '2k2', 'Footprint': '', 'Datasheet': '~', 'Description': 'Resistor, US symbol', 'part': 'R_US'} (kibot - v5_sch.py:1762)
DEBUG:J1 (Conn_01x03): 1 {'Reference': 'J1', 'Value': 'Conn_01x03', 'Footprint': 'Connector_PinHeader_1.00mm:PinHeader_1x03_P1.00mm_Vertical', 'Datasheet': '~', 'Description': 'Generic connector, single row, 01x03, script generated (kicad-library-utils/schlib/autogen/connector/)', 'part': 'Conn_01x03'} (kibot - v5_sch.py:1762)
DEBUG:C4 (C_Polarized_Small_US 47n): 1 {'Reference': 'C4', 'Value': '47n', 'Footprint': '', 'Datasheet': '~', 'Description': 'Polarized capacitor, small US symbol', 'part': 'C_Polarized_Small_US'} (kibot - v5_sch.py:1762)
DEBUG:R9 (R_US 2k2): 1 {'Reference': 'R9', 'Value': '2k2', 'Footprint': '', 'Datasheet': '~', 'Description': 'Resistor, US symbol', 'part': 'R_US'} (kibot - v5_sch.py:1762)
DEBUG:R3 (R_Potentiometer_US 100k): 1 {'Reference': 'R3', 'Value': '100k', 'Footprint': 'Potentiometer_THT:Potentiometer_Bourns_3296W_Vertical', 'Datasheet': '~', 'Description': 'Potentiometer, US symbol', 'part': 'R_Potentiometer_US'} (kibot - v5_sch.py:1762)
DEBUG:R5 (R_US 2k2): 1 {'Reference': 'R5', 'Value': '2k2', 'Footprint': 'Resistor_THT:R_Axial_Power_L25.0mm_W6.4mm_P27.94mm', 'Datasheet': '~', 'Description': 'Resistor, US symbol', 'part': 'R_US'} (kibot - v5_sch.py:1762)
DEBUG:C6 (C_Small): 1 {'Reference': 'C6', 'Value': 'C_Small', 'Footprint': '', 'Datasheet': '~', 'Description': 'Unpolarized capacitor, small symbol', 'part': 'C_Small'} (kibot - v5_sch.py:1762)
DEBUG:R10 (R_US 2k2): 1 {'Reference': 'R10', 'Value': '2k2', 'Footprint': '', 'Datasheet': '~', 'Description': 'Resistor, US symbol', 'part': 'R_US'} (kibot - v5_sch.py:1762)
DEBUG:R2 (R_Potentiometer_US 100k): 1 {'Reference': 'R2', 'Value': '100k', 'Footprint': 'Potentiometer_THT:Potentiometer_Bourns_3296W_Vertical', 'Datasheet': '~', 'Description': 'Potentiometer, US symbol', 'part': 'R_Potentiometer_US'} (kibot - v5_sch.py:1762)
DEBUG:R12 (R_US 2k2): 1 {'Reference': 'R12', 'Value': '2k2', 'Footprint': '', 'Datasheet': '~', 'Description': 'Resistor, US symbol', 'part': 'R_US'} (kibot - v5_sch.py:1762)
DEBUG:R20 (R_US 2k2): 1 {'Reference': 'R20', 'Value': '2k2', 'Footprint': '', 'Datasheet': '~', 'Description': 'Resistor, US symbol', 'part': 'R_US'} (kibot - v5_sch.py:1762)
DEBUG:J8 (AudioJack2_Ground): 1 {'Reference': 'J8', 'Value': 'AudioJack2_Ground', 'Footprint': '', 'Datasheet': '~', 'Description': 'Audio Jack, 2 Poles (Mono / TS), Grounded Sleeve', 'part': 'AudioJack2_Ground'} (kibot - v5_sch.py:1762)
DEBUG:U2 (LM386): 1 {'Reference': 'U2', 'Value': 'LM386', 'Footprint': '', 'Datasheet': 'http://www.ti.com/lit/ds/symlink/lm386.pdf', 'Description': 'Low Voltage Audio Power Amplifier, DIP-8/SOIC-8/SSOP-8', 'part': 'LM386'} (kibot - v5_sch.py:1762)
DEBUG:R14 (R_US 2k2): 1 {'Reference': 'R14', 'Value': '2k2', 'Footprint': '', 'Datasheet': '~', 'Description': 'Resistor, US symbol', 'part': 'R_US'} (kibot - v5_sch.py:1762)
DEBUG:J2 (Conn_01x02): 1 {'Reference': 'J2', 'Value': 'Conn_01x02', 'Footprint': 'Connector_Phoenix_SPT:PhoenixContact_SPT_2.5_2-H-5.0_1x02_P5.0mm_Horizontal', 'Datasheet': '~', 'Description': 'Generic connector, single row, 01x02, script generated (kicad-library-utils/schlib/autogen/connector/)', 'part': 'Conn_01x02'} (kibot - v5_sch.py:1762)
DEBUG:R11 (R_US 2k2): 1 {'Reference': 'R11', 'Value': '2k2', 'Footprint': '', 'Datasheet': '~', 'Description': 'Resistor, US symbol', 'part': 'R_US'} (kibot - v5_sch.py:1762)
DEBUG:C1 (C_Polarized_Small_US 10u): 1 {'Reference': 'C1', 'Value': '10u', 'Footprint': 'Capacitor_THT:CP_Radial_D10.0mm_P5.00mm_P7.50mm', 'Datasheet': '~', 'Description': 'Polarized capacitor, small US symbol', 'part': 'C_Polarized_Small_US'} (kibot - v5_sch.py:1762)
DEBUG:R25 (R_Potentiometer_US 100k): 1 {'Reference': 'R25', 'Value': '100k', 'Footprint': 'Potentiometer_THT:Potentiometer_Bourns_3296W_Vertical', 'Datasheet': '~', 'Description': 'Potentiometer, US symbol', 'part': 'R_Potentiometer_US'} (kibot - v5_sch.py:1762)
DEBUG:C3 (C_Polarized_Small_US 10u): 1 {'Reference': 'C3', 'Value': '10u', 'Footprint': 'Capacitor_THT:CP_Radial_D10.0mm_P5.00mm_P7.50mm', 'Datasheet': '~', 'Description': 'Polarized capacitor, small US symbol', 'part': 'C_Polarized_Small_US'} (kibot - v5_sch.py:1762)
DEBUG:R19 (R_US 2k2): 1 {'Reference': 'R19', 'Value': '2k2', 'Footprint': '', 'Datasheet': '~', 'Description': 'Resistor, US symbol', 'part': 'R_US'} (kibot - v5_sch.py:1762)
DEBUG:MK1 (Microphone Mic): 1 {'Reference': 'MK1', 'Value': 'Mic', 'Footprint': 'Sensor_Audio:POM-2244P-C3310-2-R', 'Datasheet': '~', 'Description': 'Microphone', 'part': 'Microphone'} (kibot - v5_sch.py:1762)
DEBUG:Filters reset (kibot - fil_base.py:196)
DEBUG:Transfer "Exclude from bill of materials" from schematic (kibot - out_bom.py:1016)
DEBUG:Applying filter `_mechanical` to exclude (kibot - fil_base.py:187)
DEBUG:Applying filter `_kibom_dnf_config` to fitted (kibot - fil_base.py:214)
DEBUG:Applying filter `_kibom_dnc_config` to fixed (kibot - fil_base.py:224)
DEBUG:Applying KiBoM style variants `default` (kibot - var_kibom.py:91)
DEBUG:Applying transform filter `_expand_text_vars` (kibot - fil_base.py:173)
DEBUG:Using auxiliary origin: x=0 y=0 (kibot - bom.py:498)
DEBUG:Global stats: total 47 fitted 47 build 47 (kibot - bom.py:571)
DEBUG:Saving BOM File: /__w/iie_tp/iie_tp/Generated/BoM/Generic/iie_tp-bom.xlsx (kibot - bom.py:588)
DEBUG:XLSX Output -> /__w/iie_tp/iie_tp/Generated/BoM/Generic/iie_tp-bom.xlsx (kibot - bom_writer.py:52)
DEBUG:Using global `output`=`%f-%i%I%v.%x` (kibot - optionable.py:58)
DEBUG:Expanding `KiBot Bill of Materials` in SCH context for <kibot.out_bom.BoMOptions object at 0x7fa316b63390> parent: 'Costs Bill of Materials in XLSX format' (costs_bom_xlsx) [bom] (kibot - optionable.py:493)
DEBUG:Expanded `KiBot Bill of Materials` (kibot - optionable.py:539)
DEBUG:Valid columns: ['Row', 'Description', 'Part', 'Part Lib', 'References', 'Value', 'Footprint', 'Footprint Lib', 'Quantity Per PCB', 'Build Quantity', 'Status', 'Datasheet', 'Sheetpath', 'Source BoM', 'Reference', 'Sim.Pins', 'Sim.Device', 'Sim.Library', 'Sim.Name'] (19) (kibot - out_bom.py:697)
DEBUG:Valid columns: ['Row', 'Description', 'Part', 'Part Lib', 'References', 'Value', 'Footprint', 'Footprint Lib', 'Quantity Per PCB', 'Build Quantity', 'Status', 'Datasheet', 'Sheetpath', 'Source BoM', 'Reference', 'Sim.Pins', 'Sim.Device', 'Sim.Library', 'Sim.Name'] (19) (kibot - out_bom.py:697)
- 'Costs Bill of Materials in XLSX format' (costs_bom_xlsx) [bom]
DEBUG:Expanding `Generated/BoM/Costs` in SCH context for <kibot.out_bom.BoMOptions object at 0x7fa316b63390> parent: 'Costs Bill of Materials in XLSX format' (costs_bom_xlsx) [bom] (kibot - optionable.py:493)
DEBUG:Expanded `Generated/BoM/Costs` (kibot - optionable.py:539)
DEBUG:Output destination: /__w/iie_tp/iie_tp/Generated/BoM/Costs (kibot - kiplot.py:565)
DEBUG:Expanding `%f-%i%I%v.%x` in SCH context for <kibot.out_bom.BoMOptions object at 0x7fa316b63390> parent: 'Costs Bill of Materials in XLSX format' (costs_bom_xlsx) [bom] (kibot - optionable.py:493)
DEBUG:Expanded `iie_tp-bom.xlsx` (kibot - optionable.py:539)
DEBUG:Starting tool check for KiCost (kibot - dep_downloader.py:857)
DEBUG:- Returning `/usr/bin/kicost` (kibot - dep_downloader.py:864)
DEBUG:Starting tool check for XLSXWriter (kibot - dep_downloader.py:857)
DEBUG:- Returning `<module 'xlsxwriter' from '/usr/lib/python3/dist-packages/xlsxwriter/__init__.py'>` (kibot - dep_downloader.py:864)
DEBUG:Before collapse: (kibot - v5_sch.py:1717)
DEBUG:C8 (C_Polarized_Small_US): 1 {'Reference': 'C8', 'Value': 'C_Polarized_Small_US', 'Footprint': '', 'Datasheet': '~', 'Description': 'Polarized capacitor, small US symbol', 'part': 'C_Polarized_Small_US'} (kibot - v5_sch.py:1720)
DEBUG:R21 (R_US 2k2): 1 {'Reference': 'R21', 'Value': '2k2', 'Footprint': '', 'Datasheet': '~', 'Description': 'Resistor, US symbol', 'part': 'R_US'} (kibot - v5_sch.py:1720)
DEBUG:R23 (R_US 2k2): 1 {'Reference': 'R23', 'Value': '2k2', 'Footprint': '', 'Datasheet': '~', 'Description': 'Resistor, US symbol', 'part': 'R_US'} (kibot - v5_sch.py:1720)
DEBUG:A1 (Arduino_UNO_R3): 1 {'Reference': 'A1', 'Value': 'Arduino_UNO_R3', 'Footprint': 'Module:Arduino_UNO_R3', 'Datasheet': 'https://www.arduino.cc/en/Main/arduinoBoardUno', 'Description': 'Arduino UNO Microcontroller Module, release 3', 'part': 'Arduino_UNO_R3'} (kibot - v5_sch.py:1720)
DEBUG:R8 (R_US 2k2): 1 {'Reference': 'R8', 'Value': '2k2', 'Footprint': '', 'Datasheet': '~', 'Description': 'Resistor, US symbol', 'part': 'R_US'} (kibot - v5_sch.py:1720)
DEBUG:R13 (R_US 2k2): 1 {'Reference': 'R13', 'Value': '2k2', 'Footprint': '', 'Datasheet': '~', 'Description': 'Resistor, US symbol', 'part': 'R_US'} (kibot - v5_sch.py:1720)
DEBUG:R1 (R_US 4k7): 1 {'Reference': 'R1', 'Value': '4k7', 'Footprint': 'Resistor_THT:R_Axial_Power_L25.0mm_W6.4mm_P27.94mm', 'Datasheet': '~', 'Description': 'Resistor, US symbol', 'part': 'R_US'} (kibot - v5_sch.py:1720)
DEBUG:J5 (Conn_01x02): 1 {'Reference': 'J5', 'Value': 'Conn_01x02', 'Footprint': 'Connector_Phoenix_SPT:PhoenixContact_SPT_2.5_2-H-5.0_1x02_P5.0mm_Horizontal', 'Datasheet': '~', 'Description': 'Generic connector, single row, 01x02, script generated (kicad-library-utils/schlib/autogen/connector/)', 'part': 'Conn_01x02'} (kibot - v5_sch.py:1720)
DEBUG:R17 (R_US 2k2): 1 {'Reference': 'R17', 'Value': '2k2', 'Footprint': '', 'Datasheet': '~', 'Description': 'Resistor, US symbol', 'part': 'R_US'} (kibot - v5_sch.py:1720)
DEBUG:C7 (C_Small): 1 {'Reference': 'C7', 'Value': 'C_Small', 'Footprint': '', 'Datasheet': '~', 'Description': 'Unpolarized capacitor, small symbol', 'part': 'C_Small'} (kibot - v5_sch.py:1720)
DEBUG:R4 (R_US 8k2): 1 {'Reference': 'R4', 'Value': '8k2', 'Footprint': 'Resistor_THT:R_Axial_Power_L25.0mm_W6.4mm_P27.94mm', 'Datasheet': '~', 'Description': 'Resistor, US symbol', 'part': 'R_US'} (kibot - v5_sch.py:1720)
DEBUG:U1 (OPAMP ${SIM.PARAMS}): 1 {'Reference': 'U1', 'Value': '${SIM.PARAMS}', 'Footprint': '', 'Datasheet': 'https://ngspice.sourceforge.io/docs/ngspice-html-manual/manual.xhtml#sec__SUBCKT_Subcircuits', 'Description': 'Operational amplifier, single', 'Sim.Pins': '1=in+ 2=in- 3=vcc 4=vee 5=out', 'Sim.Device': 'SUBCKT', 'Sim.Library': '/usr/share/kicad/symbols/Simulation_SPICE.sp', 'Sim.Name': 'kicad_builtin_opamp', 'part': 'OPAMP'} (kibot - v5_sch.py:1720)
DEBUG:C5 (C_Polarized_Small_US 10u): 1 {'Reference': 'C5', 'Value': '10u', 'Footprint': '', 'Datasheet': '~', 'Description': 'Polarized capacitor, small US symbol', 'part': 'C_Polarized_Small_US'} (kibot - v5_sch.py:1720)
DEBUG:R15 (R_US 2k2): 1 {'Reference': 'R15', 'Value': '2k2', 'Footprint': '', 'Datasheet': '~', 'Description': 'Resistor, US symbol', 'part': 'R_US'} (kibot - v5_sch.py:1720)
DEBUG:C2 (C 10n): 1 {'Reference': 'C2', 'Value': '10n', 'Footprint': 'Capacitor_THT:C_Disc_D7.0mm_W2.5mm_P5.00mm', 'Datasheet': '~', 'Description': 'Unpolarized capacitor', 'part': 'C'} (kibot - v5_sch.py:1720)
DEBUG:J3 (Conn_01x01): 1 {'Reference': 'J3', 'Value': 'Conn_01x01', 'Footprint': 'Connector_PinSocket_1.27mm:PinSocket_1x01_P1.27mm_Vertical', 'Datasheet': '~', 'Description': 'Generic connector, single row, 01x01, script generated (kicad-library-utils/schlib/autogen/connector/)', 'part': 'Conn_01x01'} (kibot - v5_sch.py:1720)
DEBUG:LS1 (Speaker): 1 {'Reference': 'LS1', 'Value': 'Speaker', 'Footprint': '', 'Datasheet': '~', 'Description': 'Speaker', 'part': 'Speaker'} (kibot - v5_sch.py:1720)
DEBUG:J6 (Conn_01x02): 1 {'Reference': 'J6', 'Value': 'Conn_01x02', 'Footprint': '', 'Datasheet': '~', 'Description': 'Generic connector, single row, 01x02, script generated (kicad-library-utils/schlib/autogen/connector/)', 'part': 'Conn_01x02'} (kibot - v5_sch.py:1720)
DEBUG:R7 (R_US 2k2): 1 {'Reference': 'R7', 'Value': '2k2', 'Footprint': '', 'Datasheet': '~', 'Description': 'Resistor, US symbol', 'part': 'R_US'} (kibot - v5_sch.py:1720)
DEBUG:J4 (Conn_01x01): 1 {'Reference': 'J4', 'Value': 'Conn_01x01', 'Footprint': 'Connector_PinSocket_1.27mm:PinSocket_1x01_P1.27mm_Vertical', 'Datasheet': '~', 'Description': 'Generic connector, single row, 01x01, script generated (kicad-library-utils/schlib/autogen/connector/)', 'part': 'Conn_01x01'} (kibot - v5_sch.py:1720)
DEBUG:R24 (R_US 2k2): 1 {'Reference': 'R24', 'Value': '2k2', 'Footprint': '', 'Datasheet': '~', 'Description': 'Resistor, US symbol', 'part': 'R_US'} (kibot - v5_sch.py:1720)
DEBUG:J7 (Conn_01x03): 1 {'Reference': 'J7', 'Value': 'Conn_01x03', 'Footprint': '', 'Datasheet': '~', 'Description': 'Generic connector, single row, 01x03, script generated (kicad-library-utils/schlib/autogen/connector/)', 'part': 'Conn_01x03'} (kibot - v5_sch.py:1720)
DEBUG:R6 (R_US 2k2): 1 {'Reference': 'R6', 'Value': '2k2', 'Footprint': '', 'Datasheet': '~', 'Description': 'Resistor, US symbol', 'part': 'R_US'} (kibot - v5_sch.py:1720)
DEBUG:R16 (R_US 2k2): 1 {'Reference': 'R16', 'Value': '2k2', 'Footprint': '', 'Datasheet': '~', 'Description': 'Resistor, US symbol', 'part': 'R_US'} (kibot - v5_sch.py:1720)
DEBUG:R26 (R_US 2k2): 1 {'Reference': 'R26', 'Value': '2k2', 'Footprint': '', 'Datasheet': '~', 'Description': 'Resistor, US symbol', 'part': 'R_US'} (kibot - v5_sch.py:1720)
DEBUG:R18 (R_US 2k2): 1 {'Reference': 'R18', 'Value': '2k2', 'Footprint': '', 'Datasheet': '~', 'Description': 'Resistor, US symbol', 'part': 'R_US'} (kibot - v5_sch.py:1720)
DEBUG:R22 (R_US 2k2): 1 {'Reference': 'R22', 'Value': '2k2', 'Footprint': '', 'Datasheet': '~', 'Description': 'Resistor, US symbol', 'part': 'R_US'} (kibot - v5_sch.py:1720)
DEBUG:J1 (Conn_01x03): 1 {'Reference': 'J1', 'Value': 'Conn_01x03', 'Footprint': 'Connector_PinHeader_1.00mm:PinHeader_1x03_P1.00mm_Vertical', 'Datasheet': '~', 'Description': 'Generic connector, single row, 01x03, script generated (kicad-library-utils/schlib/autogen/connector/)', 'part': 'Conn_01x03'} (kibot - v5_sch.py:1720)
DEBUG:C4 (C_Polarized_Small_US 47n): 1 {'Reference': 'C4', 'Value': '47n', 'Footprint': '', 'Datasheet': '~', 'Description': 'Polarized capacitor, small US symbol', 'part': 'C_Polarized_Small_US'} (kibot - v5_sch.py:1720)
DEBUG:R9 (R_US 2k2): 1 {'Reference': 'R9', 'Value': '2k2', 'Footprint': '', 'Datasheet': '~', 'Description': 'Resistor, US symbol', 'part': 'R_US'} (kibot - v5_sch.py:1720)
DEBUG:R3 (R_Potentiometer_US 100k): 1 {'Reference': 'R3', 'Value': '100k', 'Footprint': 'Potentiometer_THT:Potentiometer_Bourns_3296W_Vertical', 'Datasheet': '~', 'Description': 'Potentiometer, US symbol', 'part': 'R_Potentiometer_US'} (kibot - v5_sch.py:1720)
DEBUG:R5 (R_US 2k2): 1 {'Reference': 'R5', 'Value': '2k2', 'Footprint': 'Resistor_THT:R_Axial_Power_L25.0mm_W6.4mm_P27.94mm', 'Datasheet': '~', 'Description': 'Resistor, US symbol', 'part': 'R_US'} (kibot - v5_sch.py:1720)
DEBUG:C6 (C_Small): 1 {'Reference': 'C6', 'Value': 'C_Small', 'Footprint': '', 'Datasheet': '~', 'Description': 'Unpolarized capacitor, small symbol', 'part': 'C_Small'} (kibot - v5_sch.py:1720)
DEBUG:R10 (R_US 2k2): 1 {'Reference': 'R10', 'Value': '2k2', 'Footprint': '', 'Datasheet': '~', 'Description': 'Resistor, US symbol', 'part': 'R_US'} (kibot - v5_sch.py:1720)
DEBUG:R2 (R_Potentiometer_US 100k): 1 {'Reference': 'R2', 'Value': '100k', 'Footprint': 'Potentiometer_THT:Potentiometer_Bourns_3296W_Vertical', 'Datasheet': '~', 'Description': 'Potentiometer, US symbol', 'part': 'R_Potentiometer_US'} (kibot - v5_sch.py:1720)
DEBUG:R12 (R_US 2k2): 1 {'Reference': 'R12', 'Value': '2k2', 'Footprint': '', 'Datasheet': '~', 'Description': 'Resistor, US symbol', 'part': 'R_US'} (kibot - v5_sch.py:1720)
DEBUG:R20 (R_US 2k2): 1 {'Reference': 'R20', 'Value': '2k2', 'Footprint': '', 'Datasheet': '~', 'Description': 'Resistor, US symbol', 'part': 'R_US'} (kibot - v5_sch.py:1720)
DEBUG:J8 (AudioJack2_Ground): 1 {'Reference': 'J8', 'Value': 'AudioJack2_Ground', 'Footprint': '', 'Datasheet': '~', 'Description': 'Audio Jack, 2 Poles (Mono / TS), Grounded Sleeve', 'part': 'AudioJack2_Ground'} (kibot - v5_sch.py:1720)
DEBUG:U2 (LM386): 1 {'Reference': 'U2', 'Value': 'LM386', 'Footprint': '', 'Datasheet': 'http://www.ti.com/lit/ds/symlink/lm386.pdf', 'Description': 'Low Voltage Audio Power Amplifier, DIP-8/SOIC-8/SSOP-8', 'part': 'LM386'} (kibot - v5_sch.py:1720)
DEBUG:R14 (R_US 2k2): 1 {'Reference': 'R14', 'Value': '2k2', 'Footprint': '', 'Datasheet': '~', 'Description': 'Resistor, US symbol', 'part': 'R_US'} (kibot - v5_sch.py:1720)
DEBUG:J2 (Conn_01x02): 1 {'Reference': 'J2', 'Value': 'Conn_01x02', 'Footprint': 'Connector_Phoenix_SPT:PhoenixContact_SPT_2.5_2-H-5.0_1x02_P5.0mm_Horizontal', 'Datasheet': '~', 'Description': 'Generic connector, single row, 01x02, script generated (kicad-library-utils/schlib/autogen/connector/)', 'part': 'Conn_01x02'} (kibot - v5_sch.py:1720)
DEBUG:R11 (R_US 2k2): 1 {'Reference': 'R11', 'Value': '2k2', 'Footprint': '', 'Datasheet': '~', 'Description': 'Resistor, US symbol', 'part': 'R_US'} (kibot - v5_sch.py:1720)
DEBUG:C1 (C_Polarized_Small_US 10u): 1 {'Reference': 'C1', 'Value': '10u', 'Footprint': 'Capacitor_THT:CP_Radial_D10.0mm_P5.00mm_P7.50mm', 'Datasheet': '~', 'Description': 'Polarized capacitor, small US symbol', 'part': 'C_Polarized_Small_US'} (kibot - v5_sch.py:1720)
DEBUG:R25 (R_Potentiometer_US 100k): 1 {'Reference': 'R25', 'Value': '100k', 'Footprint': 'Potentiometer_THT:Potentiometer_Bourns_3296W_Vertical', 'Datasheet': '~', 'Description': 'Potentiometer, US symbol', 'part': 'R_Potentiometer_US'} (kibot - v5_sch.py:1720)
DEBUG:C3 (C_Polarized_Small_US 10u): 1 {'Reference': 'C3', 'Value': '10u', 'Footprint': 'Capacitor_THT:CP_Radial_D10.0mm_P5.00mm_P7.50mm', 'Datasheet': '~', 'Description': 'Polarized capacitor, small US symbol', 'part': 'C_Polarized_Small_US'} (kibot - v5_sch.py:1720)
DEBUG:R19 (R_US 2k2): 1 {'Reference': 'R19', 'Value': '2k2', 'Footprint': '', 'Datasheet': '~', 'Description': 'Resistor, US symbol', 'part': 'R_US'} (kibot - v5_sch.py:1720)
DEBUG:MK1 (Microphone Mic): 1 {'Reference': 'MK1', 'Value': 'Mic', 'Footprint': 'Sensor_Audio:POM-2244P-C3310-2-R', 'Datasheet': '~', 'Description': 'Microphone', 'part': 'Microphone'} (kibot - v5_sch.py:1720)
DEBUG:After collapse: (kibot - v5_sch.py:1759)
DEBUG:C8 (C_Polarized_Small_US): 1 {'Reference': 'C8', 'Value': 'C_Polarized_Small_US', 'Footprint': '', 'Datasheet': '~', 'Description': 'Polarized capacitor, small US symbol', 'part': 'C_Polarized_Small_US'} (kibot - v5_sch.py:1762)
DEBUG:R21 (R_US 2k2): 1 {'Reference': 'R21', 'Value': '2k2', 'Footprint': '', 'Datasheet': '~', 'Description': 'Resistor, US symbol', 'part': 'R_US'} (kibot - v5_sch.py:1762)
DEBUG:R23 (R_US 2k2): 1 {'Reference': 'R23', 'Value': '2k2', 'Footprint': '', 'Datasheet': '~', 'Description': 'Resistor, US symbol', 'part': 'R_US'} (kibot - v5_sch.py:1762)
DEBUG:A1 (Arduino_UNO_R3): 1 {'Reference': 'A1', 'Value': 'Arduino_UNO_R3', 'Footprint': 'Module:Arduino_UNO_R3', 'Datasheet': 'https://www.arduino.cc/en/Main/arduinoBoardUno', 'Description': 'Arduino UNO Microcontroller Module, release 3', 'part': 'Arduino_UNO_R3'} (kibot - v5_sch.py:1762)
DEBUG:R8 (R_US 2k2): 1 {'Reference': 'R8', 'Value': '2k2', 'Footprint': '', 'Datasheet': '~', 'Description': 'Resistor, US symbol', 'part': 'R_US'} (kibot - v5_sch.py:1762)
DEBUG:R13 (R_US 2k2): 1 {'Reference': 'R13', 'Value': '2k2', 'Footprint': '', 'Datasheet': '~', 'Description': 'Resistor, US symbol', 'part': 'R_US'} (kibot - v5_sch.py:1762)
DEBUG:R1 (R_US 4k7): 1 {'Reference': 'R1', 'Value': '4k7', 'Footprint': 'Resistor_THT:R_Axial_Power_L25.0mm_W6.4mm_P27.94mm', 'Datasheet': '~', 'Description': 'Resistor, US symbol', 'part': 'R_US'} (kibot - v5_sch.py:1762)
DEBUG:J5 (Conn_01x02): 1 {'Reference': 'J5', 'Value': 'Conn_01x02', 'Footprint': 'Connector_Phoenix_SPT:PhoenixContact_SPT_2.5_2-H-5.0_1x02_P5.0mm_Horizontal', 'Datasheet': '~', 'Description': 'Generic connector, single row, 01x02, script generated (kicad-library-utils/schlib/autogen/connector/)', 'part': 'Conn_01x02'} (kibot - v5_sch.py:1762)
DEBUG:R17 (R_US 2k2): 1 {'Reference': 'R17', 'Value': '2k2', 'Footprint': '', 'Datasheet': '~', 'Description': 'Resistor, US symbol', 'part': 'R_US'} (kibot - v5_sch.py:1762)
DEBUG:C7 (C_Small): 1 {'Reference': 'C7', 'Value': 'C_Small', 'Footprint': '', 'Datasheet': '~', 'Description': 'Unpolarized capacitor, small symbol', 'part': 'C_Small'} (kibot - v5_sch.py:1762)
DEBUG:R4 (R_US 8k2): 1 {'Reference': 'R4', 'Value': '8k2', 'Footprint': 'Resistor_THT:R_Axial_Power_L25.0mm_W6.4mm_P27.94mm', 'Datasheet': '~', 'Description': 'Resistor, US symbol', 'part': 'R_US'} (kibot - v5_sch.py:1762)
DEBUG:U1 (OPAMP ${SIM.PARAMS}): 1 {'Reference': 'U1', 'Value': '${SIM.PARAMS}', 'Footprint': '', 'Datasheet': 'https://ngspice.sourceforge.io/docs/ngspice-html-manual/manual.xhtml#sec__SUBCKT_Subcircuits', 'Description': 'Operational amplifier, single', 'Sim.Pins': '1=in+ 2=in- 3=vcc 4=vee 5=out', 'Sim.Device': 'SUBCKT', 'Sim.Library': '/usr/share/kicad/symbols/Simulation_SPICE.sp', 'Sim.Name': 'kicad_builtin_opamp', 'part': 'OPAMP'} (kibot - v5_sch.py:1762)
DEBUG:C5 (C_Polarized_Small_US 10u): 1 {'Reference': 'C5', 'Value': '10u', 'Footprint': '', 'Datasheet': '~', 'Description': 'Polarized capacitor, small US symbol', 'part': 'C_Polarized_Small_US'} (kibot - v5_sch.py:1762)
DEBUG:R15 (R_US 2k2): 1 {'Reference': 'R15', 'Value': '2k2', 'Footprint': '', 'Datasheet': '~', 'Description': 'Resistor, US symbol', 'part': 'R_US'} (kibot - v5_sch.py:1762)
DEBUG:C2 (C 10n): 1 {'Reference': 'C2', 'Value': '10n', 'Footprint': 'Capacitor_THT:C_Disc_D7.0mm_W2.5mm_P5.00mm', 'Datasheet': '~', 'Description': 'Unpolarized capacitor', 'part': 'C'} (kibot - v5_sch.py:1762)
DEBUG:J3 (Conn_01x01): 1 {'Reference': 'J3', 'Value': 'Conn_01x01', 'Footprint': 'Connector_PinSocket_1.27mm:PinSocket_1x01_P1.27mm_Vertical', 'Datasheet': '~', 'Description': 'Generic connector, single row, 01x01, script generated (kicad-library-utils/schlib/autogen/connector/)', 'part': 'Conn_01x01'} (kibot - v5_sch.py:1762)
DEBUG:LS1 (Speaker): 1 {'Reference': 'LS1', 'Value': 'Speaker', 'Footprint': '', 'Datasheet': '~', 'Description': 'Speaker', 'part': 'Speaker'} (kibot - v5_sch.py:1762)
DEBUG:J6 (Conn_01x02): 1 {'Reference': 'J6', 'Value': 'Conn_01x02', 'Footprint': '', 'Datasheet': '~', 'Description': 'Generic connector, single row, 01x02, script generated (kicad-library-utils/schlib/autogen/connector/)', 'part': 'Conn_01x02'} (kibot - v5_sch.py:1762)
DEBUG:R7 (R_US 2k2): 1 {'Reference': 'R7', 'Value': '2k2', 'Footprint': '', 'Datasheet': '~', 'Description': 'Resistor, US symbol', 'part': 'R_US'} (kibot - v5_sch.py:1762)
DEBUG:J4 (Conn_01x01): 1 {'Reference': 'J4', 'Value': 'Conn_01x01', 'Footprint': 'Connector_PinSocket_1.27mm:PinSocket_1x01_P1.27mm_Vertical', 'Datasheet': '~', 'Description': 'Generic connector, single row, 01x01, script generated (kicad-library-utils/schlib/autogen/connector/)', 'part': 'Conn_01x01'} (kibot - v5_sch.py:1762)
DEBUG:R24 (R_US 2k2): 1 {'Reference': 'R24', 'Value': '2k2', 'Footprint': '', 'Datasheet': '~', 'Description': 'Resistor, US symbol', 'part': 'R_US'} (kibot - v5_sch.py:1762)
DEBUG:J7 (Conn_01x03): 1 {'Reference': 'J7', 'Value': 'Conn_01x03', 'Footprint': '', 'Datasheet': '~', 'Description': 'Generic connector, single row, 01x03, script generated (kicad-library-utils/schlib/autogen/connector/)', 'part': 'Conn_01x03'} (kibot - v5_sch.py:1762)
DEBUG:R6 (R_US 2k2): 1 {'Reference': 'R6', 'Value': '2k2', 'Footprint': '', 'Datasheet': '~', 'Description': 'Resistor, US symbol', 'part': 'R_US'} (kibot - v5_sch.py:1762)
DEBUG:R16 (R_US 2k2): 1 {'Reference': 'R16', 'Value': '2k2', 'Footprint': '', 'Datasheet': '~', 'Description': 'Resistor, US symbol', 'part': 'R_US'} (kibot - v5_sch.py:1762)
DEBUG:R26 (R_US 2k2): 1 {'Reference': 'R26', 'Value': '2k2', 'Footprint': '', 'Datasheet': '~', 'Description': 'Resistor, US symbol', 'part': 'R_US'} (kibot - v5_sch.py:1762)
DEBUG:R18 (R_US 2k2): 1 {'Reference': 'R18', 'Value': '2k2', 'Footprint': '', 'Datasheet': '~', 'Description': 'Resistor, US symbol', 'part': 'R_US'} (kibot - v5_sch.py:1762)
DEBUG:R22 (R_US 2k2): 1 {'Reference': 'R22', 'Value': '2k2', 'Footprint': '', 'Datasheet': '~', 'Description': 'Resistor, US symbol', 'part': 'R_US'} (kibot - v5_sch.py:1762)
DEBUG:J1 (Conn_01x03): 1 {'Reference': 'J1', 'Value': 'Conn_01x03', 'Footprint': 'Connector_PinHeader_1.00mm:PinHeader_1x03_P1.00mm_Vertical', 'Datasheet': '~', 'Description': 'Generic connector, single row, 01x03, script generated (kicad-library-utils/schlib/autogen/connector/)', 'part': 'Conn_01x03'} (kibot - v5_sch.py:1762)
DEBUG:C4 (C_Polarized_Small_US 47n): 1 {'Reference': 'C4', 'Value': '47n', 'Footprint': '', 'Datasheet': '~', 'Description': 'Polarized capacitor, small US symbol', 'part': 'C_Polarized_Small_US'} (kibot - v5_sch.py:1762)
DEBUG:R9 (R_US 2k2): 1 {'Reference': 'R9', 'Value': '2k2', 'Footprint': '', 'Datasheet': '~', 'Description': 'Resistor, US symbol', 'part': 'R_US'} (kibot - v5_sch.py:1762)
DEBUG:R3 (R_Potentiometer_US 100k): 1 {'Reference': 'R3', 'Value': '100k', 'Footprint': 'Potentiometer_THT:Potentiometer_Bourns_3296W_Vertical', 'Datasheet': '~', 'Description': 'Potentiometer, US symbol', 'part': 'R_Potentiometer_US'} (kibot - v5_sch.py:1762)
DEBUG:R5 (R_US 2k2): 1 {'Reference': 'R5', 'Value': '2k2', 'Footprint': 'Resistor_THT:R_Axial_Power_L25.0mm_W6.4mm_P27.94mm', 'Datasheet': '~', 'Description': 'Resistor, US symbol', 'part': 'R_US'} (kibot - v5_sch.py:1762)
DEBUG:C6 (C_Small): 1 {'Reference': 'C6', 'Value': 'C_Small', 'Footprint': '', 'Datasheet': '~', 'Description': 'Unpolarized capacitor, small symbol', 'part': 'C_Small'} (kibot - v5_sch.py:1762)
DEBUG:R10 (R_US 2k2): 1 {'Reference': 'R10', 'Value': '2k2', 'Footprint': '', 'Datasheet': '~', 'Description': 'Resistor, US symbol', 'part': 'R_US'} (kibot - v5_sch.py:1762)
DEBUG:R2 (R_Potentiometer_US 100k): 1 {'Reference': 'R2', 'Value': '100k', 'Footprint': 'Potentiometer_THT:Potentiometer_Bourns_3296W_Vertical', 'Datasheet': '~', 'Description': 'Potentiometer, US symbol', 'part': 'R_Potentiometer_US'} (kibot - v5_sch.py:1762)
DEBUG:R12 (R_US 2k2): 1 {'Reference': 'R12', 'Value': '2k2', 'Footprint': '', 'Datasheet': '~', 'Description': 'Resistor, US symbol', 'part': 'R_US'} (kibot - v5_sch.py:1762)
DEBUG:R20 (R_US 2k2): 1 {'Reference': 'R20', 'Value': '2k2', 'Footprint': '', 'Datasheet': '~', 'Description': 'Resistor, US symbol', 'part': 'R_US'} (kibot - v5_sch.py:1762)
DEBUG:J8 (AudioJack2_Ground): 1 {'Reference': 'J8', 'Value': 'AudioJack2_Ground', 'Footprint': '', 'Datasheet': '~', 'Description': 'Audio Jack, 2 Poles (Mono / TS), Grounded Sleeve', 'part': 'AudioJack2_Ground'} (kibot - v5_sch.py:1762)
DEBUG:U2 (LM386): 1 {'Reference': 'U2', 'Value': 'LM386', 'Footprint': '', 'Datasheet': 'http://www.ti.com/lit/ds/symlink/lm386.pdf', 'Description': 'Low Voltage Audio Power Amplifier, DIP-8/SOIC-8/SSOP-8', 'part': 'LM386'} (kibot - v5_sch.py:1762)
DEBUG:R14 (R_US 2k2): 1 {'Reference': 'R14', 'Value': '2k2', 'Footprint': '', 'Datasheet': '~', 'Description': 'Resistor, US symbol', 'part': 'R_US'} (kibot - v5_sch.py:1762)
DEBUG:J2 (Conn_01x02): 1 {'Reference': 'J2', 'Value': 'Conn_01x02', 'Footprint': 'Connector_Phoenix_SPT:PhoenixContact_SPT_2.5_2-H-5.0_1x02_P5.0mm_Horizontal', 'Datasheet': '~', 'Description': 'Generic connector, single row, 01x02, script generated (kicad-library-utils/schlib/autogen/connector/)', 'part': 'Conn_01x02'} (kibot - v5_sch.py:1762)
DEBUG:R11 (R_US 2k2): 1 {'Reference': 'R11', 'Value': '2k2', 'Footprint': '', 'Datasheet': '~', 'Description': 'Resistor, US symbol', 'part': 'R_US'} (kibot - v5_sch.py:1762)
DEBUG:C1 (C_Polarized_Small_US 10u): 1 {'Reference': 'C1', 'Value': '10u', 'Footprint': 'Capacitor_THT:CP_Radial_D10.0mm_P5.00mm_P7.50mm', 'Datasheet': '~', 'Description': 'Polarized capacitor, small US symbol', 'part': 'C_Polarized_Small_US'} (kibot - v5_sch.py:1762)
DEBUG:R25 (R_Potentiometer_US 100k): 1 {'Reference': 'R25', 'Value': '100k', 'Footprint': 'Potentiometer_THT:Potentiometer_Bourns_3296W_Vertical', 'Datasheet': '~', 'Description': 'Potentiometer, US symbol', 'part': 'R_Potentiometer_US'} (kibot - v5_sch.py:1762)
DEBUG:C3 (C_Polarized_Small_US 10u): 1 {'Reference': 'C3', 'Value': '10u', 'Footprint': 'Capacitor_THT:CP_Radial_D10.0mm_P5.00mm_P7.50mm', 'Datasheet': '~', 'Description': 'Polarized capacitor, small US symbol', 'part': 'C_Polarized_Small_US'} (kibot - v5_sch.py:1762)
DEBUG:R19 (R_US 2k2): 1 {'Reference': 'R19', 'Value': '2k2', 'Footprint': '', 'Datasheet': '~', 'Description': 'Resistor, US symbol', 'part': 'R_US'} (kibot - v5_sch.py:1762)
DEBUG:MK1 (Microphone Mic): 1 {'Reference': 'MK1', 'Value': 'Mic', 'Footprint': 'Sensor_Audio:POM-2244P-C3310-2-R', 'Datasheet': '~', 'Description': 'Microphone', 'part': 'Microphone'} (kibot - v5_sch.py:1762)
DEBUG:Filters reset (kibot - fil_base.py:196)
DEBUG:Transfer "Exclude from bill of materials" from schematic (kibot - out_bom.py:1016)
DEBUG:Applying transform filter `_kicost_rename` (kibot - fil_base.py:173)
DEBUG:ref: A1 field: description -> desc (kibot - fil_field_rename.py:40)
DEBUG:ref: C1 field: description -> desc (kibot - fil_field_rename.py:40)
DEBUG:ref: C2 field: description -> desc (kibot - fil_field_rename.py:40)
DEBUG:ref: C3 field: description -> desc (kibot - fil_field_rename.py:40)
DEBUG:ref: C4 field: description -> desc (kibot - fil_field_rename.py:40)
DEBUG:ref: C5 field: description -> desc (kibot - fil_field_rename.py:40)
DEBUG:ref: C6 field: description -> desc (kibot - fil_field_rename.py:40)
DEBUG:ref: C7 field: description -> desc (kibot - fil_field_rename.py:40)
DEBUG:ref: C8 field: description -> desc (kibot - fil_field_rename.py:40)
DEBUG:ref: J1 field: description -> desc (kibot - fil_field_rename.py:40)
DEBUG:ref: J2 field: description -> desc (kibot - fil_field_rename.py:40)
DEBUG:ref: J3 field: description -> desc (kibot - fil_field_rename.py:40)
DEBUG:ref: J4 field: description -> desc (kibot - fil_field_rename.py:40)
DEBUG:ref: J5 field: description -> desc (kibot - fil_field_rename.py:40)
DEBUG:ref: J6 field: description -> desc (kibot - fil_field_rename.py:40)
DEBUG:ref: J7 field: description -> desc (kibot - fil_field_rename.py:40)
DEBUG:ref: J8 field: description -> desc (kibot - fil_field_rename.py:40)
DEBUG:ref: LS1 field: description -> desc (kibot - fil_field_rename.py:40)
DEBUG:ref: MK1 field: description -> desc (kibot - fil_field_rename.py:40)
DEBUG:ref: R1 field: description -> desc (kibot - fil_field_rename.py:40)
DEBUG:ref: R10 field: description -> desc (kibot - fil_field_rename.py:40)
DEBUG:ref: R11 field: description -> desc (kibot - fil_field_rename.py:40)
DEBUG:ref: R12 field: description -> desc (kibot - fil_field_rename.py:40)
DEBUG:ref: R13 field: description -> desc (kibot - fil_field_rename.py:40)
DEBUG:ref: R14 field: description -> desc (kibot - fil_field_rename.py:40)
DEBUG:ref: R15 field: description -> desc (kibot - fil_field_rename.py:40)
DEBUG:ref: R16 field: description -> desc (kibot - fil_field_rename.py:40)
DEBUG:ref: R17 field: description -> desc (kibot - fil_field_rename.py:40)
DEBUG:ref: R18 field: description -> desc (kibot - fil_field_rename.py:40)
DEBUG:ref: R19 field: description -> desc (kibot - fil_field_rename.py:40)
DEBUG:ref: R2 field: description -> desc (kibot - fil_field_rename.py:40)
DEBUG:ref: R20 field: description -> desc (kibot - fil_field_rename.py:40)
DEBUG:ref: R21 field: description -> desc (kibot - fil_field_rename.py:40)
DEBUG:ref: R22 field: description -> desc (kibot - fil_field_rename.py:40)
DEBUG:ref: R23 field: description -> desc (kibot - fil_field_rename.py:40)
DEBUG:ref: R24 field: description -> desc (kibot - fil_field_rename.py:40)
DEBUG:ref: R25 field: description -> desc (kibot - fil_field_rename.py:40)
DEBUG:ref: R26 field: description -> desc (kibot - fil_field_rename.py:40)
DEBUG:ref: R3 field: description -> desc (kibot - fil_field_rename.py:40)
DEBUG:ref: R4 field: description -> desc (kibot - fil_field_rename.py:40)
DEBUG:ref: R5 field: description -> desc (kibot - fil_field_rename.py:40)
DEBUG:ref: R6 field: description -> desc (kibot - fil_field_rename.py:40)
DEBUG:ref: R7 field: description -> desc (kibot - fil_field_rename.py:40)
DEBUG:ref: R8 field: description -> desc (kibot - fil_field_rename.py:40)
DEBUG:ref: R9 field: description -> desc (kibot - fil_field_rename.py:40)
DEBUG:ref: U1 field: description -> desc (kibot - fil_field_rename.py:40)
DEBUG:ref: U2 field: description -> desc (kibot - fil_field_rename.py:40)
DEBUG:Applying filter `_mechanical` to exclude (kibot - fil_base.py:187)
DEBUG:Applying filter `_kibom_dnf_config` to fitted (kibot - fil_base.py:214)
DEBUG:Applying filter `_kibom_dnc_config` to fixed (kibot - fil_base.py:224)
DEBUG:Applying KiBoM style variants `default` (kibot - var_kibom.py:91)
DEBUG:Applying transform filter `_expand_text_vars` (kibot - fil_base.py:173)
DEBUG:Using auxiliary origin: x=0 y=0 (kibot - bom.py:498)
DEBUG:Global stats: total 47 fitted 47 build 47 (kibot - bom.py:571)
DEBUG:Saving BOM File: /__w/iie_tp/iie_tp/Generated/BoM/Costs/iie_tp-bom.xlsx (kibot - bom.py:588)
DEBUG:Using KiCost v1.1.20 (kibot - xlsx_writer.py:600)
DEBUG:Groups exported to KiCost: (kibot - xlsx_writer.py:602)
DEBUG:{'cfg': <kibot.out_bom.BoMOptions object at 0x7fa316b63390>,
 'components': [<kibot.kicad.v6_sch.SchematicComponentV6 object at 0x7fa316f25bd0>],
 'field_names': ['Row',
                 'Description',
                 'Part',
                 'Part Lib',
                 'References',
                 'Value',
                 'Footprint',
                 'Footprint Lib',
                 'Quantity Per PCB',
                 'Build Quantity',
                 'Status',
                 'Datasheet',
                 'Sheetpath',
                 'Source BoM',
                 'desc',
                 'Row',
                 '${ITEM_NUMBER}'],
 'fields': {'${dnp}': '',
            '${exclude_from_board}': '',
            '${exclude_from_sim}': '',
            '${item_number}': '1',
            '${quantity}': '1',
            'build quantity': '1',
            'datasheet': 'https://www.arduino.cc/en/Main/arduinoBoardUno',
            'desc': 'Arduino UNO Microcontroller Module, release 3',
            'description': '',
            'footprint': 'Arduino_UNO_R3',
            'footprint full': 'Module:Arduino_UNO_R3',
            'footprint lib': 'Module',
            'footprint populate': 'yes',
            'footprint rot': '0.0000',
            'footprint side': 'top',
            'footprint type': 'SMD',
            'footprint type nv': '',
            'footprint x': '0.0000',
            'footprint x-size': '0.0000',
            'footprint y': '0.0000',
            'footprint y-size': '0.0000',
            'net class': '',
            'net label': '',
            'net name': '',
            'part': 'Arduino_UNO_R3',
            'part lib': 'MCU_Module',
            'quantity per pcb': '1',
            'references': 'A1',
            'row': '1',
            'sheetpath': '/',
            'source bom': 'iie_tp(1)',
            'status': ' ',
            'value': 'Arduino_UNO_R3'},
 'refs': {'A1iie_tp': <kibot.kicad.v6_sch.SchematicComponentV6 object at 0x7fa316f25bd0>},
 'total': 1} (kibot - xlsx_writer.py:604)
DEBUG:-- Components (kibot - xlsx_writer.py:605)
DEBUG:{'all_instances': {'/f91fc3da-5f4a-447d-a72e-43c2dd640f87': <kibot.kicad.v6_sch.SymbolInstance object at 0x7fa316f49da0>},
 'ang': 180,
 'annotation_error': False,
 'bottom': False,
 'convert': None,
 'datasheet': 'https://www.arduino.cc/en/Main/arduinoBoardUno',
 'desc': '',
 'dfields': {'datasheet': <kibot.kicad.v6_sch.SchematicFieldV6 object at 0x7fa316e1f110>,
             'desc': <kibot.kicad.v6_sch.SchematicFieldV6 object at 0x7fa316e1f1b0>,
             'footprint': <kibot.kicad.v6_sch.SchematicFieldV6 object at 0x7fa316e1f070>,
             'part': <kibot.kicad.v6_sch.SchematicFieldV6 object at 0x7fa316e1f250>,
             'reference': <kibot.kicad.v6_sch.SchematicFieldV6 object at 0x7fa316e1efd0>,
             'value': <kibot.kicad.v6_sch.SchematicFieldV6 object at 0x7fa316e1ef30>},
 'dfields_bkp': {'datasheet': <kibot.kicad.v6_sch.SchematicFieldV6 object at 0x7fa316e6e7b0>,
                 'description': <kibot.kicad.v6_sch.SchematicFieldV6 object at 0x7fa316e6e850>,
                 'footprint': <kibot.kicad.v6_sch.SchematicFieldV6 object at 0x7fa316e6e710>,
                 'part': <kibot.kicad.v6_sch.SchematicFieldV6 object at 0x7fa316e6e8f0>,
                 'reference': <kibot.kicad.v6_sch.SchematicFieldV6 object at 0x7fa316e6e670>,
                 'value': <kibot.kicad.v6_sch.SchematicFieldV6 object at 0x7fa316e6e5d0>},
 'exclude_from_sim': False,
 'field_ref': 'A1',
 'fields': [<kibot.kicad.v6_sch.SchematicFieldV6 object at 0x7fa316e1efd0>,
            <kibot.kicad.v6_sch.SchematicFieldV6 object at 0x7fa316e1ef30>,
            <kibot.kicad.v6_sch.SchematicFieldV6 object at 0x7fa316e1f070>,
            <kibot.kicad.v6_sch.SchematicFieldV6 object at 0x7fa316e1f110>,
            <kibot.kicad.v6_sch.SchematicFieldV6 object at 0x7fa316e1f1b0>,
            <kibot.kicad.v6_sch.SchematicFieldV6 object at 0x7fa316e1f250>],
 'fields_autoplaced': True,
 'fields_bkp': [<kibot.kicad.v6_sch.SchematicFieldV6 object at 0x7fa316e6e670>,
                <kibot.kicad.v6_sch.SchematicFieldV6 object at 0x7fa316e6e5d0>,
                <kibot.kicad.v6_sch.SchematicFieldV6 object at 0x7fa316e6e710>,
                <kibot.kicad.v6_sch.SchematicFieldV6 object at 0x7fa316e6e7b0>,
                <kibot.kicad.v6_sch.SchematicFieldV6 object at 0x7fa316e6e850>,
                <kibot.kicad.v6_sch.SchematicFieldV6 object at 0x7fa316e6e8f0>],
 'fitted': True,
 'fixed': False,
 'footprint': 'Arduino_UNO_R3',
 'footprint_h': 0,
 'footprint_lib': 'Module',
 'footprint_rot': 0.0,
 'footprint_w': 0,
 'footprint_x': 0,
 'footprint_y': 0,
 'has_pcb_info': False,
 'id': '09c6cde9-293a-4ec3-a4ef-900cac3a49fd',
 'in_bom': True,
 'in_bom_pcb': True,
 'in_pcb_only': False,
 'in_pos': True,
 'included': True,
 'is_power': False,
 'kicad_dnp': False,
 'lib': 'MCU_Module',
 'lib_id': 'MCU_Module:Arduino_UNO_R3',
 'lib_symbol': <kibot.kicad.v6_sch.LibComponent object at 0x7fa316f242d0>,
 'local_name': None,
 'mirror': None,
 'name': 'Arduino_UNO_R3',
 'net_class': '',
 'net_name': '',
 'offset_footprint_rot': 0.0,
 'on_board': True,
 'p_path': '/f91fc3da-5f4a-447d-a72e-43c2dd640f87',
 'p_path_ori': '/f91fc3da-5f4a-447d-a72e-43c2dd640f87',
 'pad_properties': {},
 'parent_component': None,
 'parent_sheet': <kibot.kicad.v6_sch.SchematicV6 object at 0x7fa3170f5450>,
 'path': '/',
 'pin_alternates': {},
 'pins': OrderedDict([('18', 'de2ad1b9-4a36-4884-a993-66c2caae0c76'),
                      ('13', '64d5df90-3d5e-40cc-8cc4-74793ad27a1a'),
                      ('29', '50a38ba4-5504-47b5-93b1-e30cb8b04c9b'),
                      ('5', 'c05d7ace-c9c0-4ba0-a4dd-e1aae531e35e'),
                      ('20', '1a60e371-a06f-4c95-9df5-606a44a8ac6e'),
                      ('6', '71150f83-629e-41d2-9c9b-8a3800972939'),
                      ('25', 'ae513be3-806e-4726-8118-bf17c1a6edd6'),
                      ('32', 'd595b855-d4e5-483c-a765-4e9af4e7130c'),
                      ('4', 'ae3574f0-736b-4e1b-943b-7907a20ed280'),
                      ('28', '29ff6683-aaa7-4ef6-accc-78fec84cd23b'),
                      ('30', '2f4c934c-6b7f-4147-bd39-f572d5833a21'),
                      ('7', '1a11b7a4-5782-4353-a319-46d24756fdea'),
                      ('26', '9885d196-1288-416b-b899-b0d819da163a'),
                      ('31', 'a1bbd9b3-94b1-436e-949c-d148596bed1e'),
                      ('27', '6423234a-5f56-4cdd-8918-e378581f4bd4'),
                      ('24', '2ba98f89-a943-4611-940c-722f0ba39ef5'),
                      ('9', '32d9e6d8-6cc4-458f-9ddd-fc96333bac52'),
                      ('19', '34af9092-7234-4a32-8a3d-f79ba03b2414'),
                      ('8', '1de34137-3d41-4b9b-8e32-9a456a9cccaf'),
                      ('23', 'eb1310c8-9612-422b-8583-f7f422f40608'),
                      ('16', 'cc647704-4a05-4474-bc4d-2c91a6b8622d'),
                      ('3', '0ab3c8c1-de35-49b6-a473-ae7c7a1b8c1a'),
                      ('17', '1ffee6c4-9153-4b00-b47c-0ae3f092add8'),
                      ('22', 'f3019c2f-ce07-4b0c-8232-23b974950c38'),
                      ('10', '7321f827-e782-490d-9613-ba2fc005644d'),
                      ('12', 'e386b01d-fd22-425c-8b3f-dd7f75f0fd94'),
                      ('21', 'a253cb08-35ea-4a13-83b3-24838a290c59'),
                      ('2', 'f588f09d-e96e-4b80-bfe5-44f57f41c096'),
                      ('14', '436116c2-edf1-4105-9bbf-6fc783ff103c'),
                      ('1', 'd7284472-f28a-415d-9beb-ce39391c6a53'),
                      ('15', 'a0402b17-fbfd-46e6-8a5e-d5466a63acba'),
                      ('11', 'b97137c3-c864-4db1-8fe2-03694f192f53')]),
 'pos_offset_x': None,
 'pos_offset_y': None,
 'project': 'iie_tp',
 'projects': [('',
               [<kibot.kicad.v6_sch.SymbolInstance object at 0x7fa316f49da0>])],
 'qty': 1,
 'ref': 'A1',
 'ref_id': '',
 'ref_prefix': 'A',
 'ref_suffix': '1',
 'sheet_path': '/',
 'sheet_path_h': '/',
 'smd': False,
 'tht': False,
 'unit': 1,
 'unit_specified': True,
 'uuid': '09c6cde9-293a-4ec3-a4ef-900cac3a49fd',
 'uuid_ori': '09c6cde9-293a-4ec3-a4ef-900cac3a49fd',
 'value': 'Arduino_UNO_R3',
 'value_sort': None,
 'virtual': False,
 'x': 48.26,
 'y': 134.62} (kibot - xlsx_writer.py:607)
DEBUG:{'cfg': <kibot.out_bom.BoMOptions object at 0x7fa316b63390>,
 'components': [<kibot.kicad.v6_sch.SchematicComponentV6 object at 0x7fa316f27250>],
 'field_names': ['Row',
                 'Description',
                 'Part',
                 'Part Lib',
                 'References',
                 'Value',
                 'Footprint',
                 'Footprint Lib',
                 'Quantity Per PCB',
                 'Build Quantity',
                 'Status',
                 'Datasheet',
                 'Sheetpath',
                 'Source BoM',
                 'desc',
                 'Row',
                 '${ITEM_NUMBER}'],
 'fields': {'${dnp}': '',
            '${exclude_from_board}': '',
            '${exclude_from_sim}': '',
            '${item_number}': '2',
            '${quantity}': '1',
            'build quantity': '1',
            'datasheet': '~',
            'desc': 'Unpolarized capacitor',
            'description': '',
            'footprint': 'C_Disc_D7.0mm_W2.5mm_P5.00mm',
            'footprint full': 'Capacitor_THT:C_Disc_D7.0mm_W2.5mm_P5.00mm',
            'footprint lib': 'Capacitor_THT',
            'footprint populate': 'yes',
            'footprint rot': '0.0000',
            'footprint side': 'top',
            'footprint type': 'SMD',
            'footprint type nv': '',
            'footprint x': '0.0000',
            'footprint x-size': '0.0000',
            'footprint y': '0.0000',
            'footprint y-size': '0.0000',
            'net class': '',
            'net label': '',
            'net name': '',
            'part': 'C',
            'part lib': 'Device',
            'quantity per pcb': '1',
            'references': 'C2',
            'row': '2',
            'sheetpath': '/',
            'source bom': 'iie_tp(1)',
            'status': ' ',
            'value': '10n'},
 'refs': {'C2iie_tp': <kibot.kicad.v6_sch.SchematicComponentV6 object at 0x7fa316f27250>},
 'total': 1} (kibot - xlsx_writer.py:604)
DEBUG:-- Components (kibot - xlsx_writer.py:605)
DEBUG:{'all_instances': {'/f91fc3da-5f4a-447d-a72e-43c2dd640f87': <kibot.kicad.v6_sch.SymbolInstance object at 0x7fa316f4ad60>},
 'ang': 0,
 'annotation_error': False,
 'bottom': False,
 'convert': None,
 'datasheet': '~',
 'desc': '',
 'dfields': {'datasheet': <kibot.kicad.v6_sch.SchematicFieldV6 object at 0x7fa316aad630>,
             'desc': <kibot.kicad.v6_sch.SchematicFieldV6 object at 0x7fa316aad770>,
             'footprint': <kibot.kicad.v6_sch.SchematicFieldV6 object at 0x7fa316aad590>,
             'part': <kibot.kicad.v6_sch.SchematicFieldV6 object at 0x7fa316aad6d0>,
             'reference': <kibot.kicad.v6_sch.SchematicFieldV6 object at 0x7fa316aad450>,
             'value': <kibot.kicad.v6_sch.SchematicFieldV6 object at 0x7fa316aad4f0>},
 'dfields_bkp': {'datasheet': <kibot.kicad.v6_sch.SchematicFieldV6 object at 0x7fa316e6ef30>,
                 'description': <kibot.kicad.v6_sch.SchematicFieldV6 object at 0x7fa316e6efd0>,
                 'footprint': <kibot.kicad.v6_sch.SchematicFieldV6 object at 0x7fa316e6ee90>,
                 'part': <kibot.kicad.v6_sch.SchematicFieldV6 object at 0x7fa316e6f070>,
                 'reference': <kibot.kicad.v6_sch.SchematicFieldV6 object at 0x7fa316e6edf0>,
                 'value': <kibot.kicad.v6_sch.SchematicFieldV6 object at 0x7fa316e6ed50>},
 'exclude_from_sim': False,
 'field_ref': 'C2',
 'fields': [<kibot.kicad.v6_sch.SchematicFieldV6 object at 0x7fa316aad450>,
            <kibot.kicad.v6_sch.SchematicFieldV6 object at 0x7fa316aad4f0>,
            <kibot.kicad.v6_sch.SchematicFieldV6 object at 0x7fa316aad590>,
            <kibot.kicad.v6_sch.SchematicFieldV6 object at 0x7fa316aad630>,
            <kibot.kicad.v6_sch.SchematicFieldV6 object at 0x7fa316aad770>,
            <kibot.kicad.v6_sch.SchematicFieldV6 object at 0x7fa316aad6d0>],
 'fields_autoplaced': True,
 'fields_bkp': [<kibot.kicad.v6_sch.SchematicFieldV6 object at 0x7fa316e6edf0>,
                <kibot.kicad.v6_sch.SchematicFieldV6 object at 0x7fa316e6ed50>,
                <kibot.kicad.v6_sch.SchematicFieldV6 object at 0x7fa316e6ee90>,
                <kibot.kicad.v6_sch.SchematicFieldV6 object at 0x7fa316e6ef30>,
                <kibot.kicad.v6_sch.SchematicFieldV6 object at 0x7fa316e6efd0>,
                <kibot.kicad.v6_sch.SchematicFieldV6 object at 0x7fa316e6f070>],
 'fitted': True,
 'fixed': False,
 'footprint': 'C_Disc_D7.0mm_W2.5mm_P5.00mm',
 'footprint_h': 0,
 'footprint_lib': 'Capacitor_THT',
 'footprint_rot': 0.0,
 'footprint_w': 0,
 'footprint_x': 0,
 'footprint_y': 0,
 'has_pcb_info': False,
 'id': '4bbb776e-c0cb-4fba-a91a-6eaabe985f79',
 'in_bom': True,
 'in_bom_pcb': True,
 'in_pcb_only': False,
 'in_pos': True,
 'included': True,
 'is_power': False,
 'kicad_dnp': False,
 'lib': 'Device',
 'lib_id': 'Device:C',
 'lib_symbol': <kibot.kicad.v6_sch.LibComponent object at 0x7fa3170f65d0>,
 'local_name': None,
 'mirror': None,
 'name': 'C',
 'net_class': '',
 'net_name': '',
 'offset_footprint_rot': 0.0,
 'on_board': True,
 'p_path': '/f91fc3da-5f4a-447d-a72e-43c2dd640f87',
 'p_path_ori': '/f91fc3da-5f4a-447d-a72e-43c2dd640f87',
 'pad_properties': {},
 'parent_component': None,
 'parent_sheet': <kibot.kicad.v6_sch.SchematicV6 object at 0x7fa3170f5450>,
 'path': '/',
 'pin_alternates': {},
 'pins': OrderedDict([('2', 'd8fa0881-3dfe-497a-a497-2091202149ca'),
                      ('1', '30f8846f-6d29-42cc-9b20-12ac097777ac')]),
 'pos_offset_x': None,
 'pos_offset_y': None,
 'project': 'iie_tp',
 'projects': [('',
               [<kibot.kicad.v6_sch.SymbolInstance object at 0x7fa316f4ad60>])],
 'qty': 1,
 'ref': 'C2',
 'ref_id': '',
 'ref_prefix': 'C',
 'ref_suffix': '2',
 'sheet_path': '/',
 'sheet_path_h': '/',
 'smd': False,
 'tht': False,
 'unit': 1,
 'unit_specified': True,
 'uuid': '4bbb776e-c0cb-4fba-a91a-6eaabe985f79',
 'uuid_ori': '4bbb776e-c0cb-4fba-a91a-6eaabe985f79',
 'value': '10n',
 'value_sort': <kibot.bom.units.ParsedValue object at 0x7fa316e61950>,
 'virtual': False,
 'x': 151.13,
 'y': 71.12} (kibot - xlsx_writer.py:607)
DEBUG:{'cfg': <kibot.out_bom.BoMOptions object at 0x7fa316b63390>,
 'components': [<kibot.kicad.v6_sch.SchematicComponentV6 object at 0x7fa316f70cd0>],
 'field_names': ['Row',
                 'Description',
                 'Part',
                 'Part Lib',
                 'References',
                 'Value',
                 'Footprint',
                 'Footprint Lib',
                 'Quantity Per PCB',
                 'Build Quantity',
                 'Status',
                 'Datasheet',
                 'Sheetpath',
                 'Source BoM',
                 'desc',
                 'Row',
                 '${ITEM_NUMBER}'],
 'fields': {'${dnp}': '',
            '${exclude_from_board}': '',
            '${exclude_from_sim}': '',
            '${item_number}': '3',
            '${quantity}': '1',
            'build quantity': '1',
            'datasheet': '~',
            'desc': 'Polarized capacitor, small US symbol',
            'description': '',
            'footprint': '',
            'footprint full': '',
            'footprint lib': None,
            'footprint populate': 'yes',
            'footprint rot': '0.0000',
            'footprint side': 'top',
            'footprint type': 'SMD',
            'footprint type nv': '',
            'footprint x': '0.0000',
            'footprint x-size': '0.0000',
            'footprint y': '0.0000',
            'footprint y-size': '0.0000',
            'net class': '',
            'net label': '',
            'net name': '',
            'part': 'C_Polarized_Small_US',
            'part lib': 'Device',
            'quantity per pcb': '1',
            'references': 'C4',
            'row': '3',
            'sheetpath': '/',
            'source bom': 'iie_tp(1)',
            'status': ' ',
            'value': '47n'},
 'refs': {'C4iie_tp': <kibot.kicad.v6_sch.SchematicComponentV6 object at 0x7fa316f70cd0>},
 'total': 1} (kibot - xlsx_writer.py:604)
DEBUG:-- Components (kibot - xlsx_writer.py:605)
DEBUG:{'all_instances': {'/f91fc3da-5f4a-447d-a72e-43c2dd640f87': <kibot.kicad.v6_sch.SymbolInstance object at 0x7fa316f7c050>},
 'ang': 0,
 'annotation_error': False,
 'bottom': False,
 'convert': None,
 'datasheet': '~',
 'desc': '',
 'dfields': {'datasheet': <kibot.kicad.v6_sch.SchematicFieldV6 object at 0x7fa316bc56d0>,
             'desc': <kibot.kicad.v6_sch.SchematicFieldV6 object at 0x7fa316bc5770>,
             'footprint': <kibot.kicad.v6_sch.SchematicFieldV6 object at 0x7fa316bc5630>,
             'part': <kibot.kicad.v6_sch.SchematicFieldV6 object at 0x7fa316bc5810>,
             'reference': <kibot.kicad.v6_sch.SchematicFieldV6 object at 0x7fa316bc5590>,
             'value': <kibot.kicad.v6_sch.SchematicFieldV6 object at 0x7fa316bc54f0>},
 'dfields_bkp': {'datasheet': <kibot.kicad.v6_sch.SchematicFieldV6 object at 0x7fa316e6f6b0>,
                 'description': <kibot.kicad.v6_sch.SchematicFieldV6 object at 0x7fa316e6f750>,
                 'footprint': <kibot.kicad.v6_sch.SchematicFieldV6 object at 0x7fa316e6f610>,
                 'part': <kibot.kicad.v6_sch.SchematicFieldV6 object at 0x7fa316e6f7f0>,
                 'reference': <kibot.kicad.v6_sch.SchematicFieldV6 object at 0x7fa316e6f570>,
                 'value': <kibot.kicad.v6_sch.SchematicFieldV6 object at 0x7fa316e6f4d0>},
 'exclude_from_sim': False,
 'field_ref': 'C4',
 'fields': [<kibot.kicad.v6_sch.SchematicFieldV6 object at 0x7fa316bc5590>,
            <kibot.kicad.v6_sch.SchematicFieldV6 object at 0x7fa316bc54f0>,
            <kibot.kicad.v6_sch.SchematicFieldV6 object at 0x7fa316bc5630>,
            <kibot.kicad.v6_sch.SchematicFieldV6 object at 0x7fa316bc56d0>,
            <kibot.kicad.v6_sch.SchematicFieldV6 object at 0x7fa316bc5770>,
            <kibot.kicad.v6_sch.SchematicFieldV6 object at 0x7fa316bc5810>],
 'fields_autoplaced': True,
 'fields_bkp': [<kibot.kicad.v6_sch.SchematicFieldV6 object at 0x7fa316e6f570>,
                <kibot.kicad.v6_sch.SchematicFieldV6 object at 0x7fa316e6f4d0>,
                <kibot.kicad.v6_sch.SchematicFieldV6 object at 0x7fa316e6f610>,
                <kibot.kicad.v6_sch.SchematicFieldV6 object at 0x7fa316e6f6b0>,
                <kibot.kicad.v6_sch.SchematicFieldV6 object at 0x7fa316e6f750>,
                <kibot.kicad.v6_sch.SchematicFieldV6 object at 0x7fa316e6f7f0>],
 'fitted': True,
 'fixed': False,
 'footprint': '',
 'footprint_h': 0,
 'footprint_lib': None,
 'footprint_rot': 0.0,
 'footprint_w': 0,
 'footprint_x': 0,
 'footprint_y': 0,
 'has_pcb_info': False,
 'id': '8d174a40-8c6e-4708-8f7e-57fcabdee6c6',
 'in_bom': True,
 'in_bom_pcb': True,
 'in_pcb_only': False,
 'in_pos': True,
 'included': True,
 'is_power': False,
 'kicad_dnp': False,
 'lib': 'Device',
 'lib_id': 'Device:C_Polarized_Small_US',
 'lib_symbol': <kibot.kicad.v6_sch.LibComponent object at 0x7fa3170f6710>,
 'local_name': None,
 'mirror': None,
 'name': 'C_Polarized_Small_US',
 'net_class': '',
 'net_name': '',
 'offset_footprint_rot': 0.0,
 'on_board': True,
 'p_path': '/f91fc3da-5f4a-447d-a72e-43c2dd640f87',
 'p_path_ori': '/f91fc3da-5f4a-447d-a72e-43c2dd640f87',
 'pad_properties': {},
 'parent_component': None,
 'parent_sheet': <kibot.kicad.v6_sch.SchematicV6 object at 0x7fa3170f5450>,
 'path': '/',
 'pin_alternates': {},
 'pins': OrderedDict([('1', '3afa2b04-384e-43c0-bf2f-78e9ff70c2b1'),
                      ('2', '372d7263-7b1d-4d10-9bc3-82d98df8c535')]),
 'pos_offset_x': None,
 'pos_offset_y': None,
 'project': 'iie_tp',
 'projects': [('',
               [<kibot.kicad.v6_sch.SymbolInstance object at 0x7fa316f7c050>])],
 'qty': 1,
 'ref': 'C4',
 'ref_id': '',
 'ref_prefix': 'C',
 'ref_suffix': '4',
 'sheet_path': '/',
 'sheet_path_h': '/',
 'smd': False,
 'tht': False,
 'unit': 1,
 'unit_specified': True,
 'uuid': '8d174a40-8c6e-4708-8f7e-57fcabdee6c6',
 'uuid_ori': '8d174a40-8c6e-4708-8f7e-57fcabdee6c6',
 'value': '47n',
 'value_sort': <kibot.bom.units.ParsedValue object at 0x7fa316e61bd0>,
 'virtual': False,
 'x': 118.11,
 'y': 125.73} (kibot - xlsx_writer.py:607)
DEBUG:{'cfg': <kibot.out_bom.BoMOptions object at 0x7fa316b63390>,
 'components': [<kibot.kicad.v6_sch.SchematicComponentV6 object at 0x7fa316f72350>,
                <kibot.kicad.v6_sch.SchematicComponentV6 object at 0x7fa316f725d0>,
                <kibot.kicad.v6_sch.SchematicComponentV6 object at 0x7fa316f26850>],
 'field_names': ['Row',
                 'Description',
                 'Part',
                 'Part Lib',
                 'References',
                 'Value',
                 'Footprint',
                 'Footprint Lib',
                 'Quantity Per PCB',
                 'Build Quantity',
                 'Status',
                 'Datasheet',
                 'Sheetpath',
                 'Source BoM',
                 'desc',
                 'Row',
                 '${ITEM_NUMBER}'],
 'fields': {'${dnp}': '',
            '${exclude_from_board}': 'Excluded from board',
            '${exclude_from_sim}': '',
            '${item_number}': '4',
            '${quantity}': '3',
            'build quantity': '3',
            'datasheet': '~',
            'desc': 'Polarized capacitor, small US symbol',
            'description': '',
            'footprint': 'CP_Radial_D10.0mm_P5.00mm_P7.50mm',
            'footprint full': 'Capacitor_THT:CP_Radial_D10.0mm_P5.00mm_P7.50mm',
            'footprint lib': 'Capacitor_THT',
            'footprint populate': 'yes',
            'footprint rot': '0.0000',
            'footprint side': 'top',
            'footprint type': 'SMD',
            'footprint type nv': '',
            'footprint x': '0.0000',
            'footprint x-size': '0.0000',
            'footprint y': '0.0000',
            'footprint y-size': '0.0000',
            'net class': '',
            'net label': '',
            'net name': '',
            'part': 'C_Polarized_Small_US',
            'part lib': 'Device',
            'quantity per pcb': '3',
            'references': 'C1 C3 C5',
            'row': '4',
            'sheetpath': '/',
            'source bom': 'iie_tp(3)',
            'status': ' ',
            'value': '10u'},
 'refs': {'C1iie_tp': <kibot.kicad.v6_sch.SchematicComponentV6 object at 0x7fa316f72350>,
          'C3iie_tp': <kibot.kicad.v6_sch.SchematicComponentV6 object at 0x7fa316f725d0>,
          'C5iie_tp': <kibot.kicad.v6_sch.SchematicComponentV6 object at 0x7fa316f26850>},
 'total': 3} (kibot - xlsx_writer.py:604)
DEBUG:-- Components (kibot - xlsx_writer.py:605)
DEBUG:{'all_instances': {'/f91fc3da-5f4a-447d-a72e-43c2dd640f87': <kibot.kicad.v6_sch.SymbolInstance object at 0x7fa316f7d010>},
 'ang': 90,
 'annotation_error': False,
 'bottom': False,
 'convert': None,
 'datasheet': '~',
 'desc': '',
 'dfields': {'datasheet': <kibot.kicad.v6_sch.SchematicFieldV6 object at 0x7fa316f93cf0>,
             'desc': <kibot.kicad.v6_sch.SchematicFieldV6 object at 0x7fa316f93e30>,
             'footprint': <kibot.kicad.v6_sch.SchematicFieldV6 object at 0x7fa316f93c50>,
             'part': <kibot.kicad.v6_sch.SchematicFieldV6 object at 0x7fa316f93d90>,
             'reference': <kibot.kicad.v6_sch.SchematicFieldV6 object at 0x7fa316f93bb0>,
             'value': <kibot.kicad.v6_sch.SchematicFieldV6 object at 0x7fa316f93b10>},
 'dfields_bkp': {'datasheet': <kibot.kicad.v6_sch.SchematicFieldV6 object at 0x7fa316e6eb70>,
                 'description': <kibot.kicad.v6_sch.SchematicFieldV6 object at 0x7fa316e6ec10>,
                 'footprint': <kibot.kicad.v6_sch.SchematicFieldV6 object at 0x7fa316e6ead0>,
                 'part': <kibot.kicad.v6_sch.SchematicFieldV6 object at 0x7fa316e6ecb0>,
                 'reference': <kibot.kicad.v6_sch.SchematicFieldV6 object at 0x7fa316e6ea30>,
                 'value': <kibot.kicad.v6_sch.SchematicFieldV6 object at 0x7fa316e6e990>},
 'exclude_from_sim': False,
 'field_ref': 'C1',
 'fields': [<kibot.kicad.v6_sch.SchematicFieldV6 object at 0x7fa316f93bb0>,
            <kibot.kicad.v6_sch.SchematicFieldV6 object at 0x7fa316f93b10>,
            <kibot.kicad.v6_sch.SchematicFieldV6 object at 0x7fa316f93c50>,
            <kibot.kicad.v6_sch.SchematicFieldV6 object at 0x7fa316f93cf0>,
            <kibot.kicad.v6_sch.SchematicFieldV6 object at 0x7fa316f93e30>,
            <kibot.kicad.v6_sch.SchematicFieldV6 object at 0x7fa316f93d90>],
 'fields_autoplaced': True,
 'fields_bkp': [<kibot.kicad.v6_sch.SchematicFieldV6 object at 0x7fa316e6ea30>,
                <kibot.kicad.v6_sch.SchematicFieldV6 object at 0x7fa316e6e990>,
                <kibot.kicad.v6_sch.SchematicFieldV6 object at 0x7fa316e6ead0>,
                <kibot.kicad.v6_sch.SchematicFieldV6 object at 0x7fa316e6eb70>,
                <kibot.kicad.v6_sch.SchematicFieldV6 object at 0x7fa316e6ec10>,
                <kibot.kicad.v6_sch.SchematicFieldV6 object at 0x7fa316e6ecb0>],
 'fitted': True,
 'fixed': False,
 'footprint': 'CP_Radial_D10.0mm_P5.00mm_P7.50mm',
 'footprint_h': 0,
 'footprint_lib': 'Capacitor_THT',
 'footprint_rot': 0.0,
 'footprint_w': 0,
 'footprint_x': 0,
 'footprint_y': 0,
 'has_pcb_info': False,
 'id': 'cfec3374-7482-4c77-b83e-aec2b7c0856d',
 'in_bom': True,
 'in_bom_pcb': True,
 'in_pcb_only': False,
 'in_pos': True,
 'included': True,
 'is_power': False,
 'kicad_dnp': False,
 'lib': 'Device',
 'lib_id': 'Device:C_Polarized_Small_US',
 'lib_symbol': <kibot.kicad.v6_sch.LibComponent object at 0x7fa3170f6710>,
 'local_name': None,
 'mirror': None,
 'name': 'C_Polarized_Small_US',
 'net_class': '',
 'net_name': '',
 'offset_footprint_rot': 0.0,
 'on_board': True,
 'p_path': '/f91fc3da-5f4a-447d-a72e-43c2dd640f87',
 'p_path_ori': '/f91fc3da-5f4a-447d-a72e-43c2dd640f87',
 'pad_properties': {},
 'parent_component': None,
 'parent_sheet': <kibot.kicad.v6_sch.SchematicV6 object at 0x7fa3170f5450>,
 'path': '/',
 'pin_alternates': {},
 'pins': OrderedDict([('2', '18dffb89-f589-49e9-b2c5-c04ff9e2478c'),
                      ('1', '26163bf0-4f09-48b3-bbcb-fda3303e7cf4')]),
 'pos_offset_x': None,
 'pos_offset_y': None,
 'project': 'iie_tp',
 'projects': [('',
               [<kibot.kicad.v6_sch.SymbolInstance object at 0x7fa316f7d010>])],
 'qty': 1,
 'ref': 'C1',
 'ref_id': '',
 'ref_prefix': 'C',
 'ref_suffix': '1',
 'sheet_path': '/',
 'sheet_path_h': '/',
 'smd': False,
 'tht': False,
 'unit': 1,
 'unit_specified': True,
 'uuid': 'cfec3374-7482-4c77-b83e-aec2b7c0856d',
 'uuid_ori': 'cfec3374-7482-4c77-b83e-aec2b7c0856d',
 'value': '10u',
 'value_sort': <kibot.bom.units.ParsedValue object at 0x7fa3171ffe00>,
 'virtual': False,
 'x': 64.77,
 'y': 43.18} (kibot - xlsx_writer.py:607)
DEBUG:{'all_instances': {'/f91fc3da-5f4a-447d-a72e-43c2dd640f87': <kibot.kicad.v6_sch.SymbolInstance object at 0x7fa316f7d1d0>},
 'ang': 0,
 'annotation_error': False,
 'bottom': False,
 'convert': None,
 'datasheet': '~',
 'desc': '',
 'dfields': {'datasheet': <kibot.kicad.v6_sch.SchematicFieldV6 object at 0x7fa316b68eb0>,
             'desc': <kibot.kicad.v6_sch.SchematicFieldV6 object at 0x7fa316b68f50>,
             'footprint': <kibot.kicad.v6_sch.SchematicFieldV6 object at 0x7fa316b68e10>,
             'part': <kibot.kicad.v6_sch.SchematicFieldV6 object at 0x7fa316b68ff0>,
             'reference': <kibot.kicad.v6_sch.SchematicFieldV6 object at 0x7fa316b68cd0>,
             'value': <kibot.kicad.v6_sch.SchematicFieldV6 object at 0x7fa316b68d70>},
 'dfields_bkp': {'datasheet': <kibot.kicad.v6_sch.SchematicFieldV6 object at 0x7fa316e6f2f0>,
                 'description': <kibot.kicad.v6_sch.SchematicFieldV6 object at 0x7fa316e6f390>,
                 'footprint': <kibot.kicad.v6_sch.SchematicFieldV6 object at 0x7fa316e6f250>,
                 'part': <kibot.kicad.v6_sch.SchematicFieldV6 object at 0x7fa316e6f430>,
                 'reference': <kibot.kicad.v6_sch.SchematicFieldV6 object at 0x7fa316e6f1b0>,
                 'value': <kibot.kicad.v6_sch.SchematicFieldV6 object at 0x7fa316e6f110>},
 'exclude_from_sim': False,
 'field_ref': 'C3',
 'fields': [<kibot.kicad.v6_sch.SchematicFieldV6 object at 0x7fa316b68cd0>,
            <kibot.kicad.v6_sch.SchematicFieldV6 object at 0x7fa316b68d70>,
            <kibot.kicad.v6_sch.SchematicFieldV6 object at 0x7fa316b68e10>,
            <kibot.kicad.v6_sch.SchematicFieldV6 object at 0x7fa316b68eb0>,
            <kibot.kicad.v6_sch.SchematicFieldV6 object at 0x7fa316b68f50>,
            <kibot.kicad.v6_sch.SchematicFieldV6 object at 0x7fa316b68ff0>],
 'fields_autoplaced': False,
 'fields_bkp': [<kibot.kicad.v6_sch.SchematicFieldV6 object at 0x7fa316e6f1b0>,
                <kibot.kicad.v6_sch.SchematicFieldV6 object at 0x7fa316e6f110>,
                <kibot.kicad.v6_sch.SchematicFieldV6 object at 0x7fa316e6f250>,
                <kibot.kicad.v6_sch.SchematicFieldV6 object at 0x7fa316e6f2f0>,
                <kibot.kicad.v6_sch.SchematicFieldV6 object at 0x7fa316e6f390>,
                <kibot.kicad.v6_sch.SchematicFieldV6 object at 0x7fa316e6f430>],
 'fitted': True,
 'fixed': False,
 'footprint': 'CP_Radial_D10.0mm_P5.00mm_P7.50mm',
 'footprint_h': 0,
 'footprint_lib': 'Capacitor_THT',
 'footprint_rot': 0.0,
 'footprint_w': 0,
 'footprint_x': 0,
 'footprint_y': 0,
 'has_pcb_info': False,
 'id': 'e28d0e9c-877b-4438-8f68-ce229981a66b',
 'in_bom': True,
 'in_bom_pcb': True,
 'in_pcb_only': False,
 'in_pos': True,
 'included': True,
 'is_power': False,
 'kicad_dnp': False,
 'lib': 'Device',
 'lib_id': 'Device:C_Polarized_Small_US',
 'lib_symbol': <kibot.kicad.v6_sch.LibComponent object at 0x7fa3170f6710>,
 'local_name': None,
 'mirror': None,
 'name': 'C_Polarized_Small_US',
 'net_class': '',
 'net_name': '',
 'offset_footprint_rot': 0.0,
 'on_board': True,
 'p_path': '/f91fc3da-5f4a-447d-a72e-43c2dd640f87',
 'p_path_ori': '/f91fc3da-5f4a-447d-a72e-43c2dd640f87',
 'pad_properties': {},
 'parent_component': None,
 'parent_sheet': <kibot.kicad.v6_sch.SchematicV6 object at 0x7fa3170f5450>,
 'path': '/',
 'pin_alternates': {},
 'pins': OrderedDict([('1', '80489c4a-ac86-450e-a696-4a88342feb28'),
                      ('2', '48099fff-4bb7-4279-9c52-9754f4084dce')]),
 'pos_offset_x': None,
 'pos_offset_y': None,
 'project': 'iie_tp',
 'projects': [('',
               [<kibot.kicad.v6_sch.SymbolInstance object at 0x7fa316f7d1d0>])],
 'qty': 1,
 'ref': 'C3',
 'ref_id': '',
 'ref_prefix': 'C',
 'ref_suffix': '3',
 'sheet_path': '/',
 'sheet_path_h': '/',
 'smd': False,
 'tht': False,
 'unit': 1,
 'unit_specified': True,
 'uuid': 'e28d0e9c-877b-4438-8f68-ce229981a66b',
 'uuid_ori': 'e28d0e9c-877b-4438-8f68-ce229981a66b',
 'value': '10u',
 'value_sort': <kibot.bom.units.ParsedValue object at 0x7fa3171ffe00>,
 'virtual': False,
 'x': 73.66,
 'y': 48.26} (kibot - xlsx_writer.py:607)
DEBUG:{'all_instances': {'/f91fc3da-5f4a-447d-a72e-43c2dd640f87': <kibot.kicad.v6_sch.SymbolInstance object at 0x7fa316f4a660>},
 'ang': 90,
 'annotation_error': False,
 'bottom': False,
 'convert': None,
 'datasheet': '~',
 'desc': '',
 'dfields': {'datasheet': <kibot.kicad.v6_sch.SchematicFieldV6 object at 0x7fa316c1ce10>,
             'desc': <kibot.kicad.v6_sch.SchematicFieldV6 object at 0x7fa316c1cf50>,
             'footprint': <kibot.kicad.v6_sch.SchematicFieldV6 object at 0x7fa316c1cd70>,
             'part': <kibot.kicad.v6_sch.SchematicFieldV6 object at 0x7fa316c1ceb0>,
             'reference': <kibot.kicad.v6_sch.SchematicFieldV6 object at 0x7fa316c1ccd0>,
             'value': <kibot.kicad.v6_sch.SchematicFieldV6 object at 0x7fa316c1cc30>},
 'dfields_bkp': {'datasheet': <kibot.kicad.v6_sch.SchematicFieldV6 object at 0x7fa316e6fa70>,
                 'description': <kibot.kicad.v6_sch.SchematicFieldV6 object at 0x7fa316e6fb10>,
                 'footprint': <kibot.kicad.v6_sch.SchematicFieldV6 object at 0x7fa316e6f9d0>,
                 'part': <kibot.kicad.v6_sch.SchematicFieldV6 object at 0x7fa316e6fbb0>,
                 'reference': <kibot.kicad.v6_sch.SchematicFieldV6 object at 0x7fa316e6f930>,
                 'value': <kibot.kicad.v6_sch.SchematicFieldV6 object at 0x7fa316e6f890>},
 'exclude_from_sim': False,
 'field_ref': 'C5',
 'fields': [<kibot.kicad.v6_sch.SchematicFieldV6 object at 0x7fa316c1ccd0>,
            <kibot.kicad.v6_sch.SchematicFieldV6 object at 0x7fa316c1cc30>,
            <kibot.kicad.v6_sch.SchematicFieldV6 object at 0x7fa316c1cd70>,
            <kibot.kicad.v6_sch.SchematicFieldV6 object at 0x7fa316c1ce10>,
            <kibot.kicad.v6_sch.SchematicFieldV6 object at 0x7fa316c1cf50>,
            <kibot.kicad.v6_sch.SchematicFieldV6 object at 0x7fa316c1ceb0>],
 'fields_autoplaced': True,
 'fields_bkp': [<kibot.kicad.v6_sch.SchematicFieldV6 object at 0x7fa316e6f930>,
                <kibot.kicad.v6_sch.SchematicFieldV6 object at 0x7fa316e6f890>,
                <kibot.kicad.v6_sch.SchematicFieldV6 object at 0x7fa316e6f9d0>,
                <kibot.kicad.v6_sch.SchematicFieldV6 object at 0x7fa316e6fa70>,
                <kibot.kicad.v6_sch.SchematicFieldV6 object at 0x7fa316e6fb10>,
                <kibot.kicad.v6_sch.SchematicFieldV6 object at 0x7fa316e6fbb0>],
 'fitted': True,
 'fixed': False,
 'footprint': '',
 'footprint_h': 0,
 'footprint_lib': None,
 'footprint_rot': 0.0,
 'footprint_w': 0,
 'footprint_x': 0,
 'footprint_y': 0,
 'has_pcb_info': False,
 'id': '2fc3c4a4-de37-444d-ba74-8600e2d07cd5',
 'in_bom': True,
 'in_bom_pcb': True,
 'in_pcb_only': False,
 'in_pos': True,
 'included': True,
 'is_power': False,
 'kicad_dnp': False,
 'lib': 'Device',
 'lib_id': 'Device:C_Polarized_Small_US',
 'lib_symbol': <kibot.kicad.v6_sch.LibComponent object at 0x7fa3170f6710>,
 'local_name': None,
 'mirror': None,
 'name': 'C_Polarized_Small_US',
 'net_class': '',
 'net_name': '',
 'offset_footprint_rot': 0.0,
 'on_board': True,
 'p_path': '/f91fc3da-5f4a-447d-a72e-43c2dd640f87',
 'p_path_ori': '/f91fc3da-5f4a-447d-a72e-43c2dd640f87',
 'pad_properties': {},
 'parent_component': None,
 'parent_sheet': <kibot.kicad.v6_sch.SchematicV6 object at 0x7fa3170f5450>,
 'path': '/',
 'pin_alternates': {},
 'pins': OrderedDict([('1', '867a26ff-4bdc-4d04-8ecf-353003f6bd2e'),
                      ('2', '5939f2d9-e586-4fc1-95b7-0e795a0cd04f')]),
 'pos_offset_x': None,
 'pos_offset_y': None,
 'project': 'iie_tp',
 'projects': [('iie_tp',
               [<kibot.kicad.v6_sch.SymbolInstance object at 0x7fa316f4a660>])],
 'qty': 1,
 'ref': 'C5',
 'ref_id': '',
 'ref_prefix': 'C',
 'ref_suffix': '5',
 'sheet_path': '/',
 'sheet_path_h': '/',
 'smd': False,
 'tht': False,
 'unit': 1,
 'unit_specified': True,
 'uuid': '2fc3c4a4-de37-444d-ba74-8600e2d07cd5',
 'uuid_ori': '2fc3c4a4-de37-444d-ba74-8600e2d07cd5',
 'value': '10u',
 'value_sort': <kibot.bom.units.ParsedValue object at 0x7fa3171ffe00>,
 'virtual': False,
 'x': 129.54,
 'y': 121.92} (kibot - xlsx_writer.py:607)
DEBUG:{'cfg': <kibot.out_bom.BoMOptions object at 0x7fa316b63390>,
 'components': [<kibot.kicad.v6_sch.SchematicComponentV6 object at 0x7fa316f256d0>],
 'field_names': ['Row',
                 'Description',
                 'Part',
                 'Part Lib',
                 'References',
                 'Value',
                 'Footprint',
                 'Footprint Lib',
                 'Quantity Per PCB',
                 'Build Quantity',
                 'Status',
                 'Datasheet',
                 'Sheetpath',
                 'Source BoM',
                 'desc',
                 'Row',
                 '${ITEM_NUMBER}'],
 'fields': {'${dnp}': '',
            '${exclude_from_board}': '',
            '${exclude_from_sim}': '',
            '${item_number}': '5',
            '${quantity}': '1',
            'build quantity': '1',
            'datasheet': '~',
            'desc': 'Polarized capacitor, small US symbol',
            'description': '',
            'footprint': '',
            'footprint full': '',
            'footprint lib': None,
            'footprint populate': 'yes',
            'footprint rot': '0.0000',
            'footprint side': 'top',
            'footprint type': 'SMD',
            'footprint type nv': '',
            'footprint x': '0.0000',
            'footprint x-size': '0.0000',
            'footprint y': '0.0000',
            'footprint y-size': '0.0000',
            'net class': '',
            'net label': '',
            'net name': '',
            'part': 'C_Polarized_Small_US',
            'part lib': 'Device',
            'quantity per pcb': '1',
            'references': 'C8',
            'row': '5',
            'sheetpath': '/',
            'source bom': 'iie_tp(1)',
            'status': ' ',
            'value': 'C_Polarized_Small_US'},
 'refs': {'C8iie_tp': <kibot.kicad.v6_sch.SchematicComponentV6 object at 0x7fa316f256d0>},
 'total': 1} (kibot - xlsx_writer.py:604)
DEBUG:-- Components (kibot - xlsx_writer.py:605)
DEBUG:{'all_instances': {'/f91fc3da-5f4a-447d-a72e-43c2dd640f87': <kibot.kicad.v6_sch.SymbolInstance object at 0x7fa316f49a20>},
 'ang': 90,
 'annotation_error': False,
 'bottom': False,
 'convert': None,
 'datasheet': '~',
 'desc': '',
 'dfields': {'datasheet': <kibot.kicad.v6_sch.SchematicFieldV6 object at 0x7fa316f90050>,
             'desc': <kibot.kicad.v6_sch.SchematicFieldV6 object at 0x7fa316f83ed0>,
             'footprint': <kibot.kicad.v6_sch.SchematicFieldV6 object at 0x7fa316f900f0>,
             'part': <kibot.kicad.v6_sch.SchematicFieldV6 object at 0x7fa316f83f70>,
             'reference': <kibot.kicad.v6_sch.SchematicFieldV6 object at 0x7fa316f90190>,
             'value': <kibot.kicad.v6_sch.SchematicFieldV6 object at 0x7fa316f90230>},
 'dfields_bkp': {'datasheet': <kibot.kicad.v6_sch.SchematicFieldV6 object at 0x7fa316fd05f0>,
                 'description': <kibot.kicad.v6_sch.SchematicFieldV6 object at 0x7fa316fd0690>,
                 'footprint': <kibot.kicad.v6_sch.SchematicFieldV6 object at 0x7fa316fd0550>,
                 'part': <kibot.kicad.v6_sch.SchematicFieldV6 object at 0x7fa316fd0730>,
                 'reference': <kibot.kicad.v6_sch.SchematicFieldV6 object at 0x7fa316fd04b0>,
                 'value': <kibot.kicad.v6_sch.SchematicFieldV6 object at 0x7fa316fd0410>},
 'exclude_from_sim': False,
 'field_ref': 'C8',
 'fields': [<kibot.kicad.v6_sch.SchematicFieldV6 object at 0x7fa316f90190>,
            <kibot.kicad.v6_sch.SchematicFieldV6 object at 0x7fa316f90230>,
            <kibot.kicad.v6_sch.SchematicFieldV6 object at 0x7fa316f900f0>,
            <kibot.kicad.v6_sch.SchematicFieldV6 object at 0x7fa316f90050>,
            <kibot.kicad.v6_sch.SchematicFieldV6 object at 0x7fa316f83ed0>,
            <kibot.kicad.v6_sch.SchematicFieldV6 object at 0x7fa316f83f70>],
 'fields_autoplaced': True,
 'fields_bkp': [<kibot.kicad.v6_sch.SchematicFieldV6 object at 0x7fa316fd04b0>,
                <kibot.kicad.v6_sch.SchematicFieldV6 object at 0x7fa316fd0410>,
                <kibot.kicad.v6_sch.SchematicFieldV6 object at 0x7fa316fd0550>,
                <kibot.kicad.v6_sch.SchematicFieldV6 object at 0x7fa316fd05f0>,
                <kibot.kicad.v6_sch.SchematicFieldV6 object at 0x7fa316fd0690>,
                <kibot.kicad.v6_sch.SchematicFieldV6 object at 0x7fa316fd0730>],
 'fitted': True,
 'fixed': False,
 'footprint': '',
 'footprint_h': 0,
 'footprint_lib': None,
 'footprint_rot': 0.0,
 'footprint_w': 0,
 'footprint_x': 0,
 'footprint_y': 0,
 'has_pcb_info': False,
 'id': '009b273c-7d28-4e0a-99d3-fc16672a88db',
 'in_bom': True,
 'in_bom_pcb': True,
 'in_pcb_only': False,
 'in_pos': True,
 'included': True,
 'is_power': False,
 'kicad_dnp': False,
 'lib': 'Device',
 'lib_id': 'Device:C_Polarized_Small_US',
 'lib_symbol': <kibot.kicad.v6_sch.LibComponent object at 0x7fa3170f6710>,
 'local_name': None,
 'mirror': None,
 'name': 'C_Polarized_Small_US',
 'net_class': '',
 'net_name': '',
 'offset_footprint_rot': 0.0,
 'on_board': True,
 'p_path': '/f91fc3da-5f4a-447d-a72e-43c2dd640f87',
 'p_path_ori': '/f91fc3da-5f4a-447d-a72e-43c2dd640f87',
 'pad_properties': {},
 'parent_component': None,
 'parent_sheet': <kibot.kicad.v6_sch.SchematicV6 object at 0x7fa3170f5450>,
 'path': '/',
 'pin_alternates': {},
 'pins': OrderedDict([('2', '50b8cd0f-6a1c-494e-a99a-6442ce8958fb'),
                      ('1', 'cda04189-18b5-4c3d-89ba-b90abf1ebf24')]),
 'pos_offset_x': None,
 'pos_offset_y': None,
 'project': 'iie_tp',
 'projects': [('',
               [<kibot.kicad.v6_sch.SymbolInstance object at 0x7fa316f49a20>])],
 'qty': 1,
 'ref': 'C8',
 'ref_id': '',
 'ref_prefix': 'C',
 'ref_suffix': '8',
 'sheet_path': '/',
 'sheet_path_h': '/',
 'smd': False,
 'tht': False,
 'unit': 1,
 'unit_specified': True,
 'uuid': '009b273c-7d28-4e0a-99d3-fc16672a88db',
 'uuid_ori': '009b273c-7d28-4e0a-99d3-fc16672a88db',
 'value': 'C_Polarized_Small_US',
 'value_sort': None,
 'virtual': False,
 'x': 185.42,
 'y': 133.35} (kibot - xlsx_writer.py:607)
DEBUG:{'cfg': <kibot.out_bom.BoMOptions object at 0x7fa316b63390>,
 'components': [<kibot.kicad.v6_sch.SchematicComponentV6 object at 0x7fa316f71310>,
                <kibot.kicad.v6_sch.SchematicComponentV6 object at 0x7fa316f26350>],
 'field_names': ['Row',
                 'Description',
                 'Part',
                 'Part Lib',
                 'References',
                 'Value',
                 'Footprint',
                 'Footprint Lib',
                 'Quantity Per PCB',
                 'Build Quantity',
                 'Status',
                 'Datasheet',
                 'Sheetpath',
                 'Source BoM',
                 'desc',
                 'Row',
                 '${ITEM_NUMBER}'],
 'fields': {'${dnp}': '',
            '${exclude_from_board}': 'Excluded from board',
            '${exclude_from_sim}': '',
            '${item_number}': '6',
            '${quantity}': '2',
            'build quantity': '2',
            'datasheet': '~',
            'desc': 'Unpolarized capacitor, small symbol',
            'description': '',
            'footprint': '',
            'footprint full': '',
            'footprint lib': None,
            'footprint populate': 'yes',
            'footprint rot': '0.0000',
            'footprint side': 'top',
            'footprint type': 'SMD',
            'footprint type nv': '',
            'footprint x': '0.0000',
            'footprint x-size': '0.0000',
            'footprint y': '0.0000',
            'footprint y-size': '0.0000',
            'net class': '',
            'net label': '',
            'net name': '',
            'part': 'C_Small',
            'part lib': 'Device',
            'quantity per pcb': '2',
            'references': 'C6 C7',
            'row': '6',
            'sheetpath': '/',
            'source bom': 'iie_tp(2)',
            'status': ' ',
            'value': 'C_Small'},
 'refs': {'C6iie_tp': <kibot.kicad.v6_sch.SchematicComponentV6 object at 0x7fa316f71310>,
          'C7iie_tp': <kibot.kicad.v6_sch.SchematicComponentV6 object at 0x7fa316f26350>},
 'total': 2} (kibot - xlsx_writer.py:604)
DEBUG:-- Components (kibot - xlsx_writer.py:605)
DEBUG:{'all_instances': {'/f91fc3da-5f4a-447d-a72e-43c2dd640f87': <kibot.kicad.v6_sch.SymbolInstance object at 0x7fa316f7c4b0>},
 'ang': 270,
 'annotation_error': False,
 'bottom': False,
 'convert': None,
 'datasheet': '~',
 'desc': '',
 'dfields': {'datasheet': <kibot.kicad.v6_sch.SchematicFieldV6 object at 0x7fa316aec4b0>,
             'desc': <kibot.kicad.v6_sch.SchematicFieldV6 object at 0x7fa316aec5f0>,
             'footprint': <kibot.kicad.v6_sch.SchematicFieldV6 object at 0x7fa316aec410>,
             'part': <kibot.kicad.v6_sch.SchematicFieldV6 object at 0x7fa316aec550>,
             'reference': <kibot.kicad.v6_sch.SchematicFieldV6 object at 0x7fa316aec2d0>,
             'value': <kibot.kicad.v6_sch.SchematicFieldV6 object at 0x7fa316aec370>},
 'dfields_bkp': {'datasheet': <kibot.kicad.v6_sch.SchematicFieldV6 object at 0x7fa316e6fe30>,
                 'description': <kibot.kicad.v6_sch.SchematicFieldV6 object at 0x7fa316e6fed0>,
                 'footprint': <kibot.kicad.v6_sch.SchematicFieldV6 object at 0x7fa316e6fd90>,
                 'part': <kibot.kicad.v6_sch.SchematicFieldV6 object at 0x7fa316e6ff70>,
                 'reference': <kibot.kicad.v6_sch.SchematicFieldV6 object at 0x7fa316e6fcf0>,
                 'value': <kibot.kicad.v6_sch.SchematicFieldV6 object at 0x7fa316e6fc50>},
 'exclude_from_sim': False,
 'field_ref': 'C6',
 'fields': [<kibot.kicad.v6_sch.SchematicFieldV6 object at 0x7fa316aec2d0>,
            <kibot.kicad.v6_sch.SchematicFieldV6 object at 0x7fa316aec370>,
            <kibot.kicad.v6_sch.SchematicFieldV6 object at 0x7fa316aec410>,
            <kibot.kicad.v6_sch.SchematicFieldV6 object at 0x7fa316aec4b0>,
            <kibot.kicad.v6_sch.SchematicFieldV6 object at 0x7fa316aec5f0>,
            <kibot.kicad.v6_sch.SchematicFieldV6 object at 0x7fa316aec550>],
 'fields_autoplaced': True,
 'fields_bkp': [<kibot.kicad.v6_sch.SchematicFieldV6 object at 0x7fa316e6fcf0>,
                <kibot.kicad.v6_sch.SchematicFieldV6 object at 0x7fa316e6fc50>,
                <kibot.kicad.v6_sch.SchematicFieldV6 object at 0x7fa316e6fd90>,
                <kibot.kicad.v6_sch.SchematicFieldV6 object at 0x7fa316e6fe30>,
                <kibot.kicad.v6_sch.SchematicFieldV6 object at 0x7fa316e6fed0>,
                <kibot.kicad.v6_sch.SchematicFieldV6 object at 0x7fa316e6ff70>],
 'fitted': True,
 'fixed': False,
 'footprint': '',
 'footprint_h': 0,
 'footprint_lib': None,
 'footprint_rot': 0.0,
 'footprint_w': 0,
 'footprint_x': 0,
 'footprint_y': 0,
 'has_pcb_info': False,
 'id': '9462334c-fc97-49f6-890e-fc9ee07529ae',
 'in_bom': True,
 'in_bom_pcb': True,
 'in_pcb_only': False,
 'in_pos': True,
 'included': True,
 'is_power': False,
 'kicad_dnp': False,
 'lib': 'Device',
 'lib_id': 'Device:C_Small',
 'lib_symbol': <kibot.kicad.v6_sch.LibComponent object at 0x7fa3170f6e90>,
 'local_name': None,
 'mirror': None,
 'name': 'C_Small',
 'net_class': '',
 'net_name': '',
 'offset_footprint_rot': 0.0,
 'on_board': True,
 'p_path': '/f91fc3da-5f4a-447d-a72e-43c2dd640f87',
 'p_path_ori': '/f91fc3da-5f4a-447d-a72e-43c2dd640f87',
 'pad_properties': {},
 'parent_component': None,
 'parent_sheet': <kibot.kicad.v6_sch.SchematicV6 object at 0x7fa3170f5450>,
 'path': '/',
 'pin_alternates': {},
 'pins': OrderedDict([('2', '703e14dc-d18f-4ba8-bc81-7a43c684d475'),
                      ('1', 'bb9034bc-fe45-4c33-bd79-c8262ab3eab4')]),
 'pos_offset_x': None,
 'pos_offset_y': None,
 'project': 'iie_tp',
 'projects': [('',
               [<kibot.kicad.v6_sch.SymbolInstance object at 0x7fa316f7c4b0>])],
 'qty': 1,
 'ref': 'C6',
 'ref_id': '',
 'ref_prefix': 'C',
 'ref_suffix': '6',
 'sheet_path': '/',
 'sheet_path_h': '/',
 'smd': False,
 'tht': False,
 'unit': 1,
 'unit_specified': True,
 'uuid': '9462334c-fc97-49f6-890e-fc9ee07529ae',
 'uuid_ori': '9462334c-fc97-49f6-890e-fc9ee07529ae',
 'value': 'C_Small',
 'value_sort': None,
 'virtual': False,
 'x': 154.94,
 'y': 116.84} (kibot - xlsx_writer.py:607)
DEBUG:{'all_instances': {'/f91fc3da-5f4a-447d-a72e-43c2dd640f87': <kibot.kicad.v6_sch.SymbolInstance object at 0x7fa316f4a2e0>},
 'ang': 0,
 'annotation_error': False,
 'bottom': False,
 'convert': None,
 'datasheet': '~',
 'desc': '',
 'dfields': {'datasheet': <kibot.kicad.v6_sch.SchematicFieldV6 object at 0x7fa316f2a710>,
             'desc': <kibot.kicad.v6_sch.SchematicFieldV6 object at 0x7fa316f2a5d0>,
             'footprint': <kibot.kicad.v6_sch.SchematicFieldV6 object at 0x7fa316f2a7b0>,
             'part': <kibot.kicad.v6_sch.SchematicFieldV6 object at 0x7fa316f2a670>,
             'reference': <kibot.kicad.v6_sch.SchematicFieldV6 object at 0x7fa316f2a850>,
             'value': <kibot.kicad.v6_sch.SchematicFieldV6 object at 0x7fa316f2a8f0>},
 'dfields_bkp': {'datasheet': <kibot.kicad.v6_sch.SchematicFieldV6 object at 0x7fa316fd0230>,
                 'description': <kibot.kicad.v6_sch.SchematicFieldV6 object at 0x7fa316fd02d0>,
                 'footprint': <kibot.kicad.v6_sch.SchematicFieldV6 object at 0x7fa316fd0190>,
                 'part': <kibot.kicad.v6_sch.SchematicFieldV6 object at 0x7fa316fd0370>,
                 'reference': <kibot.kicad.v6_sch.SchematicFieldV6 object at 0x7fa316fd00f0>,
                 'value': <kibot.kicad.v6_sch.SchematicFieldV6 object at 0x7fa316fd0050>},
 'exclude_from_sim': False,
 'field_ref': 'C7',
 'fields': [<kibot.kicad.v6_sch.SchematicFieldV6 object at 0x7fa316f2a850>,
            <kibot.kicad.v6_sch.SchematicFieldV6 object at 0x7fa316f2a8f0>,
            <kibot.kicad.v6_sch.SchematicFieldV6 object at 0x7fa316f2a7b0>,
            <kibot.kicad.v6_sch.SchematicFieldV6 object at 0x7fa316f2a710>,
            <kibot.kicad.v6_sch.SchematicFieldV6 object at 0x7fa316f2a5d0>,
            <kibot.kicad.v6_sch.SchematicFieldV6 object at 0x7fa316f2a670>],
 'fields_autoplaced': True,
 'fields_bkp': [<kibot.kicad.v6_sch.SchematicFieldV6 object at 0x7fa316fd00f0>,
                <kibot.kicad.v6_sch.SchematicFieldV6 object at 0x7fa316fd0050>,
                <kibot.kicad.v6_sch.SchematicFieldV6 object at 0x7fa316fd0190>,
                <kibot.kicad.v6_sch.SchematicFieldV6 object at 0x7fa316fd0230>,
                <kibot.kicad.v6_sch.SchematicFieldV6 object at 0x7fa316fd02d0>,
                <kibot.kicad.v6_sch.SchematicFieldV6 object at 0x7fa316fd0370>],
 'fitted': True,
 'fixed': False,
 'footprint': '',
 'footprint_h': 0,
 'footprint_lib': None,
 'footprint_rot': 0.0,
 'footprint_w': 0,
 'footprint_x': 0,
 'footprint_y': 0,
 'has_pcb_info': False,
 'id': '2a1d15e8-f014-4167-9693-2a0d043194d8',
 'in_bom': True,
 'in_bom_pcb': True,
 'in_pcb_only': False,
 'in_pos': True,
 'included': True,
 'is_power': False,
 'kicad_dnp': False,
 'lib': 'Device',
 'lib_id': 'Device:C_Small',
 'lib_symbol': <kibot.kicad.v6_sch.LibComponent object at 0x7fa3170f6e90>,
 'local_name': None,
 'mirror': None,
 'name': 'C_Small',
 'net_class': '',
 'net_name': '',
 'offset_footprint_rot': 0.0,
 'on_board': True,
 'p_path': '/f91fc3da-5f4a-447d-a72e-43c2dd640f87',
 'p_path_ori': '/f91fc3da-5f4a-447d-a72e-43c2dd640f87',
 'pad_properties': {},
 'parent_component': None,
 'parent_sheet': <kibot.kicad.v6_sch.SchematicV6 object at 0x7fa3170f5450>,
 'path': '/',
 'pin_alternates': {},
 'pins': OrderedDict([('2', '3392aa50-bb8a-4755-86e6-83e3a03f7e04'),
                      ('1', '4138478b-9c76-4872-8ab3-563ec9bef569')]),
 'pos_offset_x': None,
 'pos_offset_y': None,
 'project': 'iie_tp',
 'projects': [('',
               [<kibot.kicad.v6_sch.SymbolInstance object at 0x7fa316f4a2e0>])],
 'qty': 1,
 'ref': 'C7',
 'ref_id': '',
 'ref_prefix': 'C',
 'ref_suffix': '7',
 'sheet_path': '/',
 'sheet_path_h': '/',
 'smd': False,
 'tht': False,
 'unit': 1,
 'unit_specified': True,
 'uuid': '2a1d15e8-f014-4167-9693-2a0d043194d8',
 'uuid_ori': '2a1d15e8-f014-4167-9693-2a0d043194d8',
 'value': 'C_Small',
 'value_sort': None,
 'virtual': False,
 'x': 168.91,
 'y': 147.32} (kibot - xlsx_writer.py:607)
DEBUG:{'cfg': <kibot.out_bom.BoMOptions object at 0x7fa316b63390>,
 'components': [<kibot.kicad.v6_sch.SchematicComponentV6 object at 0x7fa316f71950>],
 'field_names': ['Row',
                 'Description',
                 'Part',
                 'Part Lib',
                 'References',
                 'Value',
                 'Footprint',
                 'Footprint Lib',
                 'Quantity Per PCB',
                 'Build Quantity',
                 'Status',
                 'Datasheet',
                 'Sheetpath',
                 'Source BoM',
                 'desc',
                 'Row',
                 '${ITEM_NUMBER}'],
 'fields': {'${dnp}': '',
            '${exclude_from_board}': '',
            '${exclude_from_sim}': '',
            '${item_number}': '7',
            '${quantity}': '1',
            'build quantity': '1',
            'datasheet': '~',
            'desc': 'Audio Jack, 2 Poles (Mono / TS), Grounded Sleeve',
            'description': '',
            'footprint': '',
            'footprint full': '',
            'footprint lib': None,
            'footprint populate': 'yes',
            'footprint rot': '0.0000',
            'footprint side': 'top',
            'footprint type': 'SMD',
            'footprint type nv': '',
            'footprint x': '0.0000',
            'footprint x-size': '0.0000',
            'footprint y': '0.0000',
            'footprint y-size': '0.0000',
            'net class': '',
            'net label': '',
            'net name': '',
            'part': 'AudioJack2_Ground',
            'part lib': 'Connector_Audio',
            'quantity per pcb': '1',
            'references': 'J8',
            'row': '7',
            'sheetpath': '/',
            'source bom': 'iie_tp(1)',
            'status': ' ',
            'value': 'AudioJack2_Ground'},
 'refs': {'J8iie_tp': <kibot.kicad.v6_sch.SchematicComponentV6 object at 0x7fa316f71950>},
 'total': 1} (kibot - xlsx_writer.py:604)
DEBUG:-- Components (kibot - xlsx_writer.py:605)
DEBUG:{'all_instances': {'/f91fc3da-5f4a-447d-a72e-43c2dd640f87': <kibot.kicad.v6_sch.SymbolInstance object at 0x7fa316f7c910>},
 'ang': 0,
 'annotation_error': False,
 'bottom': False,
 'convert': None,
 'datasheet': '~',
 'desc': '',
 'dfields': {'datasheet': <kibot.kicad.v6_sch.SchematicFieldV6 object at 0x7fa316f6f890>,
             'desc': <kibot.kicad.v6_sch.SchematicFieldV6 object at 0x7fa316f6f750>,
             'footprint': <kibot.kicad.v6_sch.SchematicFieldV6 object at 0x7fa316f6f930>,
             'part': <kibot.kicad.v6_sch.SchematicFieldV6 object at 0x7fa316f6f7f0>,
             'reference': <kibot.kicad.v6_sch.SchematicFieldV6 object at 0x7fa316f6f9d0>,
             'value': <kibot.kicad.v6_sch.SchematicFieldV6 object at 0x7fa316f6fa70>},
 'dfields_bkp': {'datasheet': <kibot.kicad.v6_sch.SchematicFieldV6 object at 0x7fa316fd23f0>,
                 'description': <kibot.kicad.v6_sch.SchematicFieldV6 object at 0x7fa316fd2490>,
                 'footprint': <kibot.kicad.v6_sch.SchematicFieldV6 object at 0x7fa316fd2350>,
                 'part': <kibot.kicad.v6_sch.SchematicFieldV6 object at 0x7fa316fd2530>,
                 'reference': <kibot.kicad.v6_sch.SchematicFieldV6 object at 0x7fa316fd22b0>,
                 'value': <kibot.kicad.v6_sch.SchematicFieldV6 object at 0x7fa316fd2210>},
 'exclude_from_sim': False,
 'field_ref': 'J8',
 'fields': [<kibot.kicad.v6_sch.SchematicFieldV6 object at 0x7fa316f6f9d0>,
            <kibot.kicad.v6_sch.SchematicFieldV6 object at 0x7fa316f6fa70>,
            <kibot.kicad.v6_sch.SchematicFieldV6 object at 0x7fa316f6f930>,
            <kibot.kicad.v6_sch.SchematicFieldV6 object at 0x7fa316f6f890>,
            <kibot.kicad.v6_sch.SchematicFieldV6 object at 0x7fa316f6f750>,
            <kibot.kicad.v6_sch.SchematicFieldV6 object at 0x7fa316f6f7f0>],
 'fields_autoplaced': True,
 'fields_bkp': [<kibot.kicad.v6_sch.SchematicFieldV6 object at 0x7fa316fd22b0>,
                <kibot.kicad.v6_sch.SchematicFieldV6 object at 0x7fa316fd2210>,
                <kibot.kicad.v6_sch.SchematicFieldV6 object at 0x7fa316fd2350>,
                <kibot.kicad.v6_sch.SchematicFieldV6 object at 0x7fa316fd23f0>,
                <kibot.kicad.v6_sch.SchematicFieldV6 object at 0x7fa316fd2490>,
                <kibot.kicad.v6_sch.SchematicFieldV6 object at 0x7fa316fd2530>],
 'fitted': True,
 'fixed': False,
 'footprint': '',
 'footprint_h': 0,
 'footprint_lib': None,
 'footprint_rot': 0.0,
 'footprint_w': 0,
 'footprint_x': 0,
 'footprint_y': 0,
 'has_pcb_info': False,
 'id': 'a338b23b-bb25-4a13-952c-04360cb2dda2',
 'in_bom': True,
 'in_bom_pcb': True,
 'in_pcb_only': False,
 'in_pos': True,
 'included': True,
 'is_power': False,
 'kicad_dnp': False,
 'lib': 'Connector_Audio',
 'lib_id': 'Connector_Audio:AudioJack2_Ground',
 'lib_symbol': <kibot.kicad.v6_sch.LibComponent object at 0x7fa3170f5810>,
 'local_name': None,
 'mirror': None,
 'name': 'AudioJack2_Ground',
 'net_class': '',
 'net_name': '',
 'offset_footprint_rot': 0.0,
 'on_board': True,
 'p_path': '/f91fc3da-5f4a-447d-a72e-43c2dd640f87',
 'p_path_ori': '/f91fc3da-5f4a-447d-a72e-43c2dd640f87',
 'pad_properties': {},
 'parent_component': None,
 'parent_sheet': <kibot.kicad.v6_sch.SchematicV6 object at 0x7fa3170f5450>,
 'path': '/',
 'pin_alternates': {},
 'pins': OrderedDict([('S', '34c06e17-1aab-430f-bbc4-676f2bc9f8b0'),
                      ('G', 'a0044a4d-9d31-47a6-8c11-f60e66cc9a29'),
                      ('T', '38768e7b-8460-4b70-80dc-2b8fa0d93929')]),
 'pos_offset_x': None,
 'pos_offset_y': None,
 'project': 'iie_tp',
 'projects': [('',
               [<kibot.kicad.v6_sch.SymbolInstance object at 0x7fa316f7c910>])],
 'qty': 1,
 'ref': 'J8',
 'ref_id': '',
 'ref_prefix': 'J',
 'ref_suffix': '8',
 'sheet_path': '/',
 'sheet_path_h': '/',
 'smd': False,
 'tht': False,
 'unit': 1,
 'unit_specified': True,
 'uuid': 'a338b23b-bb25-4a13-952c-04360cb2dda2',
 'uuid_ori': 'a338b23b-bb25-4a13-952c-04360cb2dda2',
 'value': 'AudioJack2_Ground',
 'value_sort': None,
 'virtual': False,
 'x': 190.5,
 'y': 111.76} (kibot - xlsx_writer.py:607)
DEBUG:{'cfg': <kibot.out_bom.BoMOptions object at 0x7fa316b63390>,
 'components': [<kibot.kicad.v6_sch.SchematicComponentV6 object at 0x7fa316f27610>,
                <kibot.kicad.v6_sch.SchematicComponentV6 object at 0x7fa316f27c50>],
 'field_names': ['Row',
                 'Description',
                 'Part',
                 'Part Lib',
                 'References',
                 'Value',
                 'Footprint',
                 'Footprint Lib',
                 'Quantity Per PCB',
                 'Build Quantity',
                 'Status',
                 'Datasheet',
                 'Sheetpath',
                 'Source BoM',
                 'desc',
                 'Row',
                 '${ITEM_NUMBER}'],
 'fields': {'${dnp}': '',
            '${exclude_from_board}': 'Excluded from board',
            '${exclude_from_sim}': '',
            '${item_number}': '8',
            '${quantity}': '2',
            'build quantity': '2',
            'datasheet': '~',
            'desc': 'Generic connector, single row, 01x01, script generated '
                    '(kicad-library-utils/schlib/autogen/connector/)',
            'description': '',
            'footprint': 'PinSocket_1x01_P1.27mm_Vertical',
            'footprint full': 'Connector_PinSocket_1.27mm:PinSocket_1x01_P1.27mm_Vertical',
            'footprint lib': 'Connector_PinSocket_1.27mm',
            'footprint populate': 'yes',
            'footprint rot': '0.0000',
            'footprint side': 'top',
            'footprint type': 'SMD',
            'footprint type nv': '',
            'footprint x': '0.0000',
            'footprint x-size': '0.0000',
            'footprint y': '0.0000',
            'footprint y-size': '0.0000',
            'net class': '',
            'net label': '',
            'net name': '',
            'part': 'Conn_01x01',
            'part lib': 'Connector_Generic',
            'quantity per pcb': '2',
            'references': 'J3 J4',
            'row': '8',
            'sheetpath': '/',
            'source bom': 'iie_tp(2)',
            'status': ' ',
            'value': 'Conn_01x01'},
 'refs': {'J3iie_tp': <kibot.kicad.v6_sch.SchematicComponentV6 object at 0x7fa316f27610>,
          'J4iie_tp': <kibot.kicad.v6_sch.SchematicComponentV6 object at 0x7fa316f27c50>},
 'total': 2} (kibot - xlsx_writer.py:604)
DEBUG:-- Components (kibot - xlsx_writer.py:605)
DEBUG:{'all_instances': {'/f91fc3da-5f4a-447d-a72e-43c2dd640f87': <kibot.kicad.v6_sch.SymbolInstance object at 0x7fa316f4b000>},
 'ang': 270,
 'annotation_error': False,
 'bottom': False,
 'convert': None,
 'datasheet': '~',
 'desc': '',
 'dfields': {'datasheet': <kibot.kicad.v6_sch.SchematicFieldV6 object at 0x7fa316f6fc50>,
             'desc': <kibot.kicad.v6_sch.SchematicFieldV6 object at 0x7fa316f6fb10>,
             'footprint': <kibot.kicad.v6_sch.SchematicFieldV6 object at 0x7fa316f6fcf0>,
             'part': <kibot.kicad.v6_sch.SchematicFieldV6 object at 0x7fa316f6fbb0>,
             'reference': <kibot.kicad.v6_sch.SchematicFieldV6 object at 0x7fa316f6fd90>,
             'value': <kibot.kicad.v6_sch.SchematicFieldV6 object at 0x7fa316f6fe30>},
 'dfields_bkp': {'datasheet': <kibot.kicad.v6_sch.SchematicFieldV6 object at 0x7fa316fd1130>,
                 'description': <kibot.kicad.v6_sch.SchematicFieldV6 object at 0x7fa316fd11d0>,
                 'footprint': <kibot.kicad.v6_sch.SchematicFieldV6 object at 0x7fa316fd1090>,
                 'part': <kibot.kicad.v6_sch.SchematicFieldV6 object at 0x7fa316fd1270>,
                 'reference': <kibot.kicad.v6_sch.SchematicFieldV6 object at 0x7fa316fd0ff0>,
                 'value': <kibot.kicad.v6_sch.SchematicFieldV6 object at 0x7fa316fd0f50>},
 'exclude_from_sim': False,
 'field_ref': 'J3',
 'fields': [<kibot.kicad.v6_sch.SchematicFieldV6 object at 0x7fa316f6fd90>,
            <kibot.kicad.v6_sch.SchematicFieldV6 object at 0x7fa316f6fe30>,
            <kibot.kicad.v6_sch.SchematicFieldV6 object at 0x7fa316f6fcf0>,
            <kibot.kicad.v6_sch.SchematicFieldV6 object at 0x7fa316f6fc50>,
            <kibot.kicad.v6_sch.SchematicFieldV6 object at 0x7fa316f6fb10>,
            <kibot.kicad.v6_sch.SchematicFieldV6 object at 0x7fa316f6fbb0>],
 'fields_autoplaced': True,
 'fields_bkp': [<kibot.kicad.v6_sch.SchematicFieldV6 object at 0x7fa316fd0ff0>,
                <kibot.kicad.v6_sch.SchematicFieldV6 object at 0x7fa316fd0f50>,
                <kibot.kicad.v6_sch.SchematicFieldV6 object at 0x7fa316fd1090>,
                <kibot.kicad.v6_sch.SchematicFieldV6 object at 0x7fa316fd1130>,
                <kibot.kicad.v6_sch.SchematicFieldV6 object at 0x7fa316fd11d0>,
                <kibot.kicad.v6_sch.SchematicFieldV6 object at 0x7fa316fd1270>],
 'fitted': True,
 'fixed': False,
 'footprint': 'PinSocket_1x01_P1.27mm_Vertical',
 'footprint_h': 0,
 'footprint_lib': 'Connector_PinSocket_1.27mm',
 'footprint_rot': 0.0,
 'footprint_w': 0,
 'footprint_x': 0,
 'footprint_y': 0,
 'has_pcb_info': False,
 'id': '5a8d36c6-7ae6-4b84-b8df-7a420d0145a7',
 'in_bom': True,
 'in_bom_pcb': True,
 'in_pcb_only': False,
 'in_pos': True,
 'included': True,
 'is_power': False,
 'kicad_dnp': False,
 'lib': 'Connector_Generic',
 'lib_id': 'Connector_Generic:Conn_01x01',
 'lib_symbol': <kibot.kicad.v6_sch.LibComponent object at 0x7fa3170f5e50>,
 'local_name': None,
 'mirror': None,
 'name': 'Conn_01x01',
 'net_class': '',
 'net_name': '',
 'offset_footprint_rot': 0.0,
 'on_board': True,
 'p_path': '/f91fc3da-5f4a-447d-a72e-43c2dd640f87',
 'p_path_ori': '/f91fc3da-5f4a-447d-a72e-43c2dd640f87',
 'pad_properties': {},
 'parent_component': None,
 'parent_sheet': <kibot.kicad.v6_sch.SchematicV6 object at 0x7fa3170f5450>,
 'path': '/',
 'pin_alternates': {},
 'pins': OrderedDict({'1': '1faad7f2-3285-438a-ba6c-d3f8e8ac8e0f'}),
 'pos_offset_x': None,
 'pos_offset_y': None,
 'project': 'iie_tp',
 'projects': [('',
               [<kibot.kicad.v6_sch.SymbolInstance object at 0x7fa316f4b000>])],
 'qty': 1,
 'ref': 'J3',
 'ref_id': '',
 'ref_prefix': 'J',
 'ref_suffix': '3',
 'sheet_path': '/',
 'sheet_path_h': '/',
 'smd': False,
 'tht': False,
 'unit': 1,
 'unit_specified': True,
 'uuid': '5a8d36c6-7ae6-4b84-b8df-7a420d0145a7',
 'uuid_ori': '5a8d36c6-7ae6-4b84-b8df-7a420d0145a7',
 'value': 'Conn_01x01',
 'value_sort': None,
 'virtual': False,
 'x': 73.66,
 'y': 57.15} (kibot - xlsx_writer.py:607)
DEBUG:{'all_instances': {'/f91fc3da-5f4a-447d-a72e-43c2dd640f87': <kibot.kicad.v6_sch.SymbolInstance object at 0x7fa316f4b460>},
 'ang': 90,
 'annotation_error': False,
 'bottom': False,
 'convert': None,
 'datasheet': '~',
 'desc': '',
 'dfields': {'datasheet': <kibot.kicad.v6_sch.SchematicFieldV6 object at 0x7fa316f54f50>,
             'desc': <kibot.kicad.v6_sch.SchematicFieldV6 object at 0x7fa316f54e10>,
             'footprint': <kibot.kicad.v6_sch.SchematicFieldV6 object at 0x7fa316f54ff0>,
             'part': <kibot.kicad.v6_sch.SchematicFieldV6 object at 0x7fa316f54eb0>,
             'reference': <kibot.kicad.v6_sch.SchematicFieldV6 object at 0x7fa316f55090>,
             'value': <kibot.kicad.v6_sch.SchematicFieldV6 object at 0x7fa316f55130>},
 'dfields_bkp': {'datasheet': <kibot.kicad.v6_sch.SchematicFieldV6 object at 0x7fa316fd14f0>,
                 'description': <kibot.kicad.v6_sch.SchematicFieldV6 object at 0x7fa316fd1590>,
                 'footprint': <kibot.kicad.v6_sch.SchematicFieldV6 object at 0x7fa316fd1450>,
                 'part': <kibot.kicad.v6_sch.SchematicFieldV6 object at 0x7fa316fd1630>,
                 'reference': <kibot.kicad.v6_sch.SchematicFieldV6 object at 0x7fa316fd13b0>,
                 'value': <kibot.kicad.v6_sch.SchematicFieldV6 object at 0x7fa316fd1310>},
 'exclude_from_sim': False,
 'field_ref': 'J4',
 'fields': [<kibot.kicad.v6_sch.SchematicFieldV6 object at 0x7fa316f55090>,
            <kibot.kicad.v6_sch.SchematicFieldV6 object at 0x7fa316f55130>,
            <kibot.kicad.v6_sch.SchematicFieldV6 object at 0x7fa316f54ff0>,
            <kibot.kicad.v6_sch.SchematicFieldV6 object at 0x7fa316f54f50>,
            <kibot.kicad.v6_sch.SchematicFieldV6 object at 0x7fa316f54e10>,
            <kibot.kicad.v6_sch.SchematicFieldV6 object at 0x7fa316f54eb0>],
 'fields_autoplaced': True,
 'fields_bkp': [<kibot.kicad.v6_sch.SchematicFieldV6 object at 0x7fa316fd13b0>,
                <kibot.kicad.v6_sch.SchematicFieldV6 object at 0x7fa316fd1310>,
                <kibot.kicad.v6_sch.SchematicFieldV6 object at 0x7fa316fd1450>,
                <kibot.kicad.v6_sch.SchematicFieldV6 object at 0x7fa316fd14f0>,
                <kibot.kicad.v6_sch.SchematicFieldV6 object at 0x7fa316fd1590>,
                <kibot.kicad.v6_sch.SchematicFieldV6 object at 0x7fa316fd1630>],
 'fitted': True,
 'fixed': False,
 'footprint': 'PinSocket_1x01_P1.27mm_Vertical',
 'footprint_h': 0,
 'footprint_lib': 'Connector_PinSocket_1.27mm',
 'footprint_rot': 0.0,
 'footprint_w': 0,
 'footprint_x': 0,
 'footprint_y': 0,
 'has_pcb_info': False,
 'id': '690e8b56-305c-4068-84c5-0fb8b4f84db4',
 'in_bom': True,
 'in_bom_pcb': True,
 'in_pcb_only': False,
 'in_pos': True,
 'included': True,
 'is_power': False,
 'kicad_dnp': False,
 'lib': 'Connector_Generic',
 'lib_id': 'Connector_Generic:Conn_01x01',
 'lib_symbol': <kibot.kicad.v6_sch.LibComponent object at 0x7fa3170f5e50>,
 'local_name': None,
 'mirror': None,
 'name': 'Conn_01x01',
 'net_class': '',
 'net_name': '',
 'offset_footprint_rot': 0.0,
 'on_board': True,
 'p_path': '/f91fc3da-5f4a-447d-a72e-43c2dd640f87',
 'p_path_ori': '/f91fc3da-5f4a-447d-a72e-43c2dd640f87',
 'pad_properties': {},
 'parent_component': None,
 'parent_sheet': <kibot.kicad.v6_sch.SchematicV6 object at 0x7fa3170f5450>,
 'path': '/',
 'pin_alternates': {},
 'pins': OrderedDict({'1': '47e83719-3770-4906-ac42-a4b0567bfe2b'}),
 'pos_offset_x': None,
 'pos_offset_y': None,
 'project': 'iie_tp',
 'projects': [('iie_tp',
               [<kibot.kicad.v6_sch.SymbolInstance object at 0x7fa316f4b460>])],
 'qty': 1,
 'ref': 'J4',
 'ref_id': '',
 'ref_prefix': 'J',
 'ref_suffix': '4',
 'sheet_path': '/',
 'sheet_path_h': '/',
 'smd': False,
 'tht': False,
 'unit': 1,
 'unit_specified': True,
 'uuid': '690e8b56-305c-4068-84c5-0fb8b4f84db4',
 'uuid_ori': '690e8b56-305c-4068-84c5-0fb8b4f84db4',
 'value': 'Conn_01x01',
 'value_sort': None,
 'virtual': False,
 'x': 64.77,
 'y': 59.69} (kibot - xlsx_writer.py:607)
DEBUG:{'cfg': <kibot.out_bom.BoMOptions object at 0x7fa316b63390>,
 'components': [<kibot.kicad.v6_sch.SchematicComponentV6 object at 0x7fa316f71f90>,
                <kibot.kicad.v6_sch.SchematicComponentV6 object at 0x7fa316f260d0>,
                <kibot.kicad.v6_sch.SchematicComponentV6 object at 0x7fa316f279d0>],
 'field_names': ['Row',
                 'Description',
                 'Part',
                 'Part Lib',
                 'References',
                 'Value',
                 'Footprint',
                 'Footprint Lib',
                 'Quantity Per PCB',
                 'Build Quantity',
                 'Status',
                 'Datasheet',
                 'Sheetpath',
                 'Source BoM',
                 'desc',
                 'Row',
                 '${ITEM_NUMBER}'],
 'fields': {'${dnp}': '',
            '${exclude_from_board}': 'Excluded from board',
            '${exclude_from_sim}': '',
            '${item_number}': '9',
            '${quantity}': '3',
            'build quantity': '3',
            'datasheet': '~',
            'desc': 'Generic connector, single row, 01x02, script generated '
                    '(kicad-library-utils/schlib/autogen/connector/)',
            'description': '',
            'footprint': 'PhoenixContact_SPT_2.5_2-H-5.0_1x02_P5.0mm_Horizontal',
            'footprint full': 'Connector_Phoenix_SPT:PhoenixContact_SPT_2.5_2-H-5.0_1x02_P5.0mm_Horizontal',
            'footprint lib': 'Connector_Phoenix_SPT',
            'footprint populate': 'yes',
            'footprint rot': '0.0000',
            'footprint side': 'top',
            'footprint type': 'SMD',
            'footprint type nv': '',
            'footprint x': '0.0000',
            'footprint x-size': '0.0000',
            'footprint y': '0.0000',
            'footprint y-size': '0.0000',
            'net class': '',
            'net label': '',
            'net name': '',
            'part': 'Conn_01x02',
            'part lib': 'Connector_Generic',
            'quantity per pcb': '3',
            'references': 'J2 J5 J6',
            'row': '9',
            'sheetpath': '/',
            'source bom': 'iie_tp(3)',
            'status': ' ',
            'value': 'Conn_01x02'},
 'refs': {'J2iie_tp': <kibot.kicad.v6_sch.SchematicComponentV6 object at 0x7fa316f71f90>,
          'J5iie_tp': <kibot.kicad.v6_sch.SchematicComponentV6 object at 0x7fa316f260d0>,
          'J6iie_tp': <kibot.kicad.v6_sch.SchematicComponentV6 object at 0x7fa316f279d0>},
 'total': 3} (kibot - xlsx_writer.py:604)
DEBUG:-- Components (kibot - xlsx_writer.py:605)
DEBUG:{'all_instances': {'/f91fc3da-5f4a-447d-a72e-43c2dd640f87': <kibot.kicad.v6_sch.SymbolInstance object at 0x7fa316f7cd70>},
 'ang': 90,
 'annotation_error': False,
 'bottom': False,
 'convert': None,
 'datasheet': '~',
 'desc': '',
 'dfields': {'datasheet': <kibot.kicad.v6_sch.SchematicFieldV6 object at 0x7fa316f907d0>,
             'desc': <kibot.kicad.v6_sch.SchematicFieldV6 object at 0x7fa316f90690>,
             'footprint': <kibot.kicad.v6_sch.SchematicFieldV6 object at 0x7fa316f90870>,
             'part': <kibot.kicad.v6_sch.SchematicFieldV6 object at 0x7fa316f90730>,
             'reference': <kibot.kicad.v6_sch.SchematicFieldV6 object at 0x7fa316f90910>,
             'value': <kibot.kicad.v6_sch.SchematicFieldV6 object at 0x7fa316f909b0>},
 'dfields_bkp': {'datasheet': <kibot.kicad.v6_sch.SchematicFieldV6 object at 0x7fa316fd0d70>,
                 'description': <kibot.kicad.v6_sch.SchematicFieldV6 object at 0x7fa316fd0e10>,
                 'footprint': <kibot.kicad.v6_sch.SchematicFieldV6 object at 0x7fa316fd0cd0>,
                 'part': <kibot.kicad.v6_sch.SchematicFieldV6 object at 0x7fa316fd0eb0>,
                 'reference': <kibot.kicad.v6_sch.SchematicFieldV6 object at 0x7fa316fd0c30>,
                 'value': <kibot.kicad.v6_sch.SchematicFieldV6 object at 0x7fa316fd0b90>},
 'exclude_from_sim': False,
 'field_ref': 'J2',
 'fields': [<kibot.kicad.v6_sch.SchematicFieldV6 object at 0x7fa316f90910>,
            <kibot.kicad.v6_sch.SchematicFieldV6 object at 0x7fa316f909b0>,
            <kibot.kicad.v6_sch.SchematicFieldV6 object at 0x7fa316f90870>,
            <kibot.kicad.v6_sch.SchematicFieldV6 object at 0x7fa316f907d0>,
            <kibot.kicad.v6_sch.SchematicFieldV6 object at 0x7fa316f90690>,
            <kibot.kicad.v6_sch.SchematicFieldV6 object at 0x7fa316f90730>],
 'fields_autoplaced': False,
 'fields_bkp': [<kibot.kicad.v6_sch.SchematicFieldV6 object at 0x7fa316fd0c30>,
                <kibot.kicad.v6_sch.SchematicFieldV6 object at 0x7fa316fd0b90>,
                <kibot.kicad.v6_sch.SchematicFieldV6 object at 0x7fa316fd0cd0>,
                <kibot.kicad.v6_sch.SchematicFieldV6 object at 0x7fa316fd0d70>,
                <kibot.kicad.v6_sch.SchematicFieldV6 object at 0x7fa316fd0e10>,
                <kibot.kicad.v6_sch.SchematicFieldV6 object at 0x7fa316fd0eb0>],
 'fitted': True,
 'fixed': False,
 'footprint': 'PhoenixContact_SPT_2.5_2-H-5.0_1x02_P5.0mm_Horizontal',
 'footprint_h': 0,
 'footprint_lib': 'Connector_Phoenix_SPT',
 'footprint_rot': 0.0,
 'footprint_w': 0,
 'footprint_x': 0,
 'footprint_y': 0,
 'has_pcb_info': False,
 'id': 'ca713486-1b54-4b12-a3ff-acbd75f6969a',
 'in_bom': True,
 'in_bom_pcb': True,
 'in_pcb_only': False,
 'in_pos': True,
 'included': True,
 'is_power': False,
 'kicad_dnp': False,
 'lib': 'Connector_Generic',
 'lib_id': 'Connector_Generic:Conn_01x02',
 'lib_symbol': <kibot.kicad.v6_sch.LibComponent object at 0x7fa3170f60d0>,
 'local_name': None,
 'mirror': None,
 'name': 'Conn_01x02',
 'net_class': '',
 'net_name': '',
 'offset_footprint_rot': 0.0,
 'on_board': True,
 'p_path': '/f91fc3da-5f4a-447d-a72e-43c2dd640f87',
 'p_path_ori': '/f91fc3da-5f4a-447d-a72e-43c2dd640f87',
 'pad_properties': {},
 'parent_component': None,
 'parent_sheet': <kibot.kicad.v6_sch.SchematicV6 object at 0x7fa3170f5450>,
 'path': '/',
 'pin_alternates': {},
 'pins': OrderedDict([('2', '29025969-54e4-405a-8e2b-25ce1973c4b9'),
                      ('1', '4700bd2c-b7b6-4bc5-8b76-a60e6466e620')]),
 'pos_offset_x': None,
 'pos_offset_y': None,
 'project': 'iie_tp',
 'projects': [('',
               [<kibot.kicad.v6_sch.SymbolInstance object at 0x7fa316f7cd70>])],
 'qty': 1,
 'ref': 'J2',
 'ref_id': '',
 'ref_prefix': 'J',
 'ref_suffix': '2',
 'sheet_path': '/',
 'sheet_path_h': '/',
 'smd': False,
 'tht': False,
 'unit': 1,
 'unit_specified': True,
 'uuid': 'ca713486-1b54-4b12-a3ff-acbd75f6969a',
 'uuid_ori': 'ca713486-1b54-4b12-a3ff-acbd75f6969a',
 'value': 'Conn_01x02',
 'value_sort': None,
 'virtual': False,
 'x': 132.08,
 'y': 54.61} (kibot - xlsx_writer.py:607)
DEBUG:{'all_instances': {'/f91fc3da-5f4a-447d-a72e-43c2dd640f87': <kibot.kicad.v6_sch.SymbolInstance object at 0x7fa316f4a120>},
 'ang': 90,
 'annotation_error': False,
 'bottom': False,
 'convert': None,
 'datasheet': '~',
 'desc': '',
 'dfields': {'datasheet': <kibot.kicad.v6_sch.SchematicFieldV6 object at 0x7fa316f80f50>,
             'desc': <kibot.kicad.v6_sch.SchematicFieldV6 object at 0x7fa316f80e10>,
             'footprint': <kibot.kicad.v6_sch.SchematicFieldV6 object at 0x7fa316f80ff0>,
             'part': <kibot.kicad.v6_sch.SchematicFieldV6 object at 0x7fa316f80eb0>,
             'reference': <kibot.kicad.v6_sch.SchematicFieldV6 object at 0x7fa316f81090>,
             'value': <kibot.kicad.v6_sch.SchematicFieldV6 object at 0x7fa316f81130>},
 'dfields_bkp': {'datasheet': <kibot.kicad.v6_sch.SchematicFieldV6 object at 0x7fa316fd18b0>,
                 'description': <kibot.kicad.v6_sch.SchematicFieldV6 object at 0x7fa316fd1950>,
                 'footprint': <kibot.kicad.v6_sch.SchematicFieldV6 object at 0x7fa316fd1810>,
                 'part': <kibot.kicad.v6_sch.SchematicFieldV6 object at 0x7fa316fd19f0>,
                 'reference': <kibot.kicad.v6_sch.SchematicFieldV6 object at 0x7fa316fd1770>,
                 'value': <kibot.kicad.v6_sch.SchematicFieldV6 object at 0x7fa316fd16d0>},
 'exclude_from_sim': False,
 'field_ref': 'J5',
 'fields': [<kibot.kicad.v6_sch.SchematicFieldV6 object at 0x7fa316f81090>,
            <kibot.kicad.v6_sch.SchematicFieldV6 object at 0x7fa316f81130>,
            <kibot.kicad.v6_sch.SchematicFieldV6 object at 0x7fa316f80ff0>,
            <kibot.kicad.v6_sch.SchematicFieldV6 object at 0x7fa316f80f50>,
            <kibot.kicad.v6_sch.SchematicFieldV6 object at 0x7fa316f80e10>,
            <kibot.kicad.v6_sch.SchematicFieldV6 object at 0x7fa316f80eb0>],
 'fields_autoplaced': True,
 'fields_bkp': [<kibot.kicad.v6_sch.SchematicFieldV6 object at 0x7fa316fd1770>,
                <kibot.kicad.v6_sch.SchematicFieldV6 object at 0x7fa316fd16d0>,
                <kibot.kicad.v6_sch.SchematicFieldV6 object at 0x7fa316fd1810>,
                <kibot.kicad.v6_sch.SchematicFieldV6 object at 0x7fa316fd18b0>,
                <kibot.kicad.v6_sch.SchematicFieldV6 object at 0x7fa316fd1950>,
                <kibot.kicad.v6_sch.SchematicFieldV6 object at 0x7fa316fd19f0>],
 'fitted': True,
 'fixed': False,
 'footprint': 'PhoenixContact_SPT_2.5_2-H-5.0_1x02_P5.0mm_Horizontal',
 'footprint_h': 0,
 'footprint_lib': 'Connector_Phoenix_SPT',
 'footprint_rot': 0.0,
 'footprint_w': 0,
 'footprint_x': 0,
 'footprint_y': 0,
 'has_pcb_info': False,
 'id': '29965af1-73a9-4841-bc90-bf5a202501ef',
 'in_bom': True,
 'in_bom_pcb': True,
 'in_pcb_only': False,
 'in_pos': True,
 'included': True,
 'is_power': False,
 'kicad_dnp': False,
 'lib': 'Connector_Generic',
 'lib_id': 'Connector_Generic:Conn_01x02',
 'lib_symbol': <kibot.kicad.v6_sch.LibComponent object at 0x7fa3170f60d0>,
 'local_name': None,
 'mirror': None,
 'name': 'Conn_01x02',
 'net_class': '',
 'net_name': '',
 'offset_footprint_rot': 0.0,
 'on_board': True,
 'p_path': '/f91fc3da-5f4a-447d-a72e-43c2dd640f87',
 'p_path_ori': '/f91fc3da-5f4a-447d-a72e-43c2dd640f87',
 'pad_properties': {},
 'parent_component': None,
 'parent_sheet': <kibot.kicad.v6_sch.SchematicV6 object at 0x7fa3170f5450>,
 'path': '/',
 'pin_alternates': {},
 'pins': OrderedDict([('2', '9f32764e-0126-4530-8dd5-6d9c7bfc0d4b'),
                      ('1', '21c3a191-b4ff-4e55-bfc4-6a22918ecb95')]),
 'pos_offset_x': None,
 'pos_offset_y': None,
 'project': 'iie_tp',
 'projects': [('iie_tp',
               [<kibot.kicad.v6_sch.SymbolInstance object at 0x7fa316f4a120>])],
 'qty': 1,
 'ref': 'J5',
 'ref_id': '',
 'ref_prefix': 'J',
 'ref_suffix': '5',
 'sheet_path': '/',
 'sheet_path_h': '/',
 'smd': False,
 'tht': False,
 'unit': 1,
 'unit_specified': True,
 'uuid': '29965af1-73a9-4841-bc90-bf5a202501ef',
 'uuid_ori': '29965af1-73a9-4841-bc90-bf5a202501ef',
 'value': 'Conn_01x02',
 'value_sort': None,
 'virtual': False,
 'x': 157.48,
 'y': 54.61} (kibot - xlsx_writer.py:607)
DEBUG:{'all_instances': {'/f91fc3da-5f4a-447d-a72e-43c2dd640f87': <kibot.kicad.v6_sch.SymbolInstance object at 0x7fa316f4b2a0>},
 'ang': 90,
 'annotation_error': False,
 'bottom': False,
 'convert': None,
 'datasheet': '~',
 'desc': '',
 'dfields': {'datasheet': <kibot.kicad.v6_sch.SchematicFieldV6 object at 0x7fa316f2bd90>,
             'desc': <kibot.kicad.v6_sch.SchematicFieldV6 object at 0x7fa316f2bc50>,
             'footprint': <kibot.kicad.v6_sch.SchematicFieldV6 object at 0x7fa316f2be30>,
             'part': <kibot.kicad.v6_sch.SchematicFieldV6 object at 0x7fa316f2bcf0>,
             'reference': <kibot.kicad.v6_sch.SchematicFieldV6 object at 0x7fa316f2bed0>,
             'value': <kibot.kicad.v6_sch.SchematicFieldV6 object at 0x7fa316f2bf70>},
 'dfields_bkp': {'datasheet': <kibot.kicad.v6_sch.SchematicFieldV6 object at 0x7fa316fd1c70>,
                 'description': <kibot.kicad.v6_sch.SchematicFieldV6 object at 0x7fa316fd1d10>,
                 'footprint': <kibot.kicad.v6_sch.SchematicFieldV6 object at 0x7fa316fd1bd0>,
                 'part': <kibot.kicad.v6_sch.SchematicFieldV6 object at 0x7fa316fd1db0>,
                 'reference': <kibot.kicad.v6_sch.SchematicFieldV6 object at 0x7fa316fd1b30>,
                 'value': <kibot.kicad.v6_sch.SchematicFieldV6 object at 0x7fa316fd1a90>},
 'exclude_from_sim': False,
 'field_ref': 'J6',
 'fields': [<kibot.kicad.v6_sch.SchematicFieldV6 object at 0x7fa316f2bed0>,
            <kibot.kicad.v6_sch.SchematicFieldV6 object at 0x7fa316f2bf70>,
            <kibot.kicad.v6_sch.SchematicFieldV6 object at 0x7fa316f2be30>,
            <kibot.kicad.v6_sch.SchematicFieldV6 object at 0x7fa316f2bd90>,
            <kibot.kicad.v6_sch.SchematicFieldV6 object at 0x7fa316f2bc50>,
            <kibot.kicad.v6_sch.SchematicFieldV6 object at 0x7fa316f2bcf0>],
 'fields_autoplaced': False,
 'fields_bkp': [<kibot.kicad.v6_sch.SchematicFieldV6 object at 0x7fa316fd1b30>,
                <kibot.kicad.v6_sch.SchematicFieldV6 object at 0x7fa316fd1a90>,
                <kibot.kicad.v6_sch.SchematicFieldV6 object at 0x7fa316fd1bd0>,
                <kibot.kicad.v6_sch.SchematicFieldV6 object at 0x7fa316fd1c70>,
                <kibot.kicad.v6_sch.SchematicFieldV6 object at 0x7fa316fd1d10>,
                <kibot.kicad.v6_sch.SchematicFieldV6 object at 0x7fa316fd1db0>],
 'fitted': True,
 'fixed': False,
 'footprint': '',
 'footprint_h': 0,
 'footprint_lib': None,
 'footprint_rot': 0.0,
 'footprint_w': 0,
 'footprint_x': 0,
 'footprint_y': 0,
 'has_pcb_info': False,
 'id': '65c2bae6-911f-49a8-a330-f6027d371f14',
 'in_bom': True,
 'in_bom_pcb': True,
 'in_pcb_only': False,
 'in_pos': True,
 'included': True,
 'is_power': False,
 'kicad_dnp': False,
 'lib': 'Connector_Generic',
 'lib_id': 'Connector_Generic:Conn_01x02',
 'lib_symbol': <kibot.kicad.v6_sch.LibComponent object at 0x7fa3170f60d0>,
 'local_name': None,
 'mirror': None,
 'name': 'Conn_01x02',
 'net_class': '',
 'net_name': '',
 'offset_footprint_rot': 0.0,
 'on_board': True,
 'p_path': '/f91fc3da-5f4a-447d-a72e-43c2dd640f87',
 'p_path_ori': '/f91fc3da-5f4a-447d-a72e-43c2dd640f87',
 'pad_properties': {},
 'parent_component': None,
 'parent_sheet': <kibot.kicad.v6_sch.SchematicV6 object at 0x7fa3170f5450>,
 'path': '/',
 'pin_alternates': {},
 'pins': OrderedDict([('2', 'eb45e0c6-6651-4659-93bb-704378deff24'),
                      ('1', '993821ac-1b7b-4f61-95dd-9961f3468835')]),
 'pos_offset_x': None,
 'pos_offset_y': None,
 'project': 'iie_tp',
 'projects': [('',
               [<kibot.kicad.v6_sch.SymbolInstance object at 0x7fa316f4b2a0>])],
 'qty': 1,
 'ref': 'J6',
 'ref_id': '',
 'ref_prefix': 'J',
 'ref_suffix': '6',
 'sheet_path': '/',
 'sheet_path_h': '/',
 'smd': False,
 'tht': False,
 'unit': 1,
 'unit_specified': True,
 'uuid': '65c2bae6-911f-49a8-a330-f6027d371f14',
 'uuid_ori': '65c2bae6-911f-49a8-a330-f6027d371f14',
 'value': 'Conn_01x02',
 'value_sort': None,
 'virtual': False,
 'x': 124.46,
 'y': 109.22} (kibot - xlsx_writer.py:607)
DEBUG:{'cfg': <kibot.out_bom.BoMOptions object at 0x7fa316b63390>,
 'components': [<kibot.kicad.v6_sch.SchematicComponentV6 object at 0x7fa316f70050>,
                <kibot.kicad.v6_sch.SchematicComponentV6 object at 0x7fa316f27ed0>],
 'field_names': ['Row',
                 'Description',
                 'Part',
                 'Part Lib',
                 'References',
                 'Value',
                 'Footprint',
                 'Footprint Lib',
                 'Quantity Per PCB',
                 'Build Quantity',
                 'Status',
                 'Datasheet',
                 'Sheetpath',
                 'Source BoM',
                 'desc',
                 'Row',
                 '${ITEM_NUMBER}'],
 'fields': {'${dnp}': '',
            '${exclude_from_board}': 'Excluded from board',
            '${exclude_from_sim}': '',
            '${item_number}': '10',
            '${quantity}': '2',
            'build quantity': '2',
            'datasheet': '~',
            'desc': 'Generic connector, single row, 01x03, script generated '
                    '(kicad-library-utils/schlib/autogen/connector/)',
            'description': '',
            'footprint': 'PinHeader_1x03_P1.00mm_Vertical',
            'footprint full': 'Connector_PinHeader_1.00mm:PinHeader_1x03_P1.00mm_Vertical',
            'footprint lib': 'Connector_PinHeader_1.00mm',
            'footprint populate': 'yes',
            'footprint rot': '0.0000',
            'footprint side': 'top',
            'footprint type': 'SMD',
            'footprint type nv': '',
            'footprint x': '0.0000',
            'footprint x-size': '0.0000',
            'footprint y': '0.0000',
            'footprint y-size': '0.0000',
            'net class': '',
            'net label': '',
            'net name': '',
            'part': 'Conn_01x03',
            'part lib': 'Connector_Generic',
            'quantity per pcb': '2',
            'references': 'J1 J7',
            'row': '10',
            'sheetpath': '/',
            'source bom': 'iie_tp(2)',
            'status': ' ',
            'value': 'Conn_01x03'},
 'refs': {'J1iie_tp': <kibot.kicad.v6_sch.SchematicComponentV6 object at 0x7fa316f70050>,
          'J7iie_tp': <kibot.kicad.v6_sch.SchematicComponentV6 object at 0x7fa316f27ed0>},
 'total': 2} (kibot - xlsx_writer.py:604)
DEBUG:-- Components (kibot - xlsx_writer.py:605)
DEBUG:{'all_instances': {'/f91fc3da-5f4a-447d-a72e-43c2dd640f87': <kibot.kicad.v6_sch.SymbolInstance object at 0x7fa316f4bee0>},
 'ang': 90,
 'annotation_error': False,
 'bottom': False,
 'convert': None,
 'datasheet': '~',
 'desc': '',
 'dfields': {'datasheet': <kibot.kicad.v6_sch.SchematicFieldV6 object at 0x7fa316f56d50>,
             'desc': <kibot.kicad.v6_sch.SchematicFieldV6 object at 0x7fa316f56c10>,
             'footprint': <kibot.kicad.v6_sch.SchematicFieldV6 object at 0x7fa316f56df0>,
             'part': <kibot.kicad.v6_sch.SchematicFieldV6 object at 0x7fa316f56cb0>,
             'reference': <kibot.kicad.v6_sch.SchematicFieldV6 object at 0x7fa316f56e90>,
             'value': <kibot.kicad.v6_sch.SchematicFieldV6 object at 0x7fa316f56f30>},
 'dfields_bkp': {'datasheet': <kibot.kicad.v6_sch.SchematicFieldV6 object at 0x7fa316fd09b0>,
                 'description': <kibot.kicad.v6_sch.SchematicFieldV6 object at 0x7fa316fd0a50>,
                 'footprint': <kibot.kicad.v6_sch.SchematicFieldV6 object at 0x7fa316fd0910>,
                 'part': <kibot.kicad.v6_sch.SchematicFieldV6 object at 0x7fa316fd0af0>,
                 'reference': <kibot.kicad.v6_sch.SchematicFieldV6 object at 0x7fa316fd0870>,
                 'value': <kibot.kicad.v6_sch.SchematicFieldV6 object at 0x7fa316fd07d0>},
 'exclude_from_sim': False,
 'field_ref': 'J1',
 'fields': [<kibot.kicad.v6_sch.SchematicFieldV6 object at 0x7fa316f56e90>,
            <kibot.kicad.v6_sch.SchematicFieldV6 object at 0x7fa316f56f30>,
            <kibot.kicad.v6_sch.SchematicFieldV6 object at 0x7fa316f56df0>,
            <kibot.kicad.v6_sch.SchematicFieldV6 object at 0x7fa316f56d50>,
            <kibot.kicad.v6_sch.SchematicFieldV6 object at 0x7fa316f56c10>,
            <kibot.kicad.v6_sch.SchematicFieldV6 object at 0x7fa316f56cb0>],
 'fields_autoplaced': False,
 'fields_bkp': [<kibot.kicad.v6_sch.SchematicFieldV6 object at 0x7fa316fd0870>,
                <kibot.kicad.v6_sch.SchematicFieldV6 object at 0x7fa316fd07d0>,
                <kibot.kicad.v6_sch.SchematicFieldV6 object at 0x7fa316fd0910>,
                <kibot.kicad.v6_sch.SchematicFieldV6 object at 0x7fa316fd09b0>,
                <kibot.kicad.v6_sch.SchematicFieldV6 object at 0x7fa316fd0a50>,
                <kibot.kicad.v6_sch.SchematicFieldV6 object at 0x7fa316fd0af0>],
 'fitted': True,
 'fixed': False,
 'footprint': 'PinHeader_1x03_P1.00mm_Vertical',
 'footprint_h': 0,
 'footprint_lib': 'Connector_PinHeader_1.00mm',
 'footprint_rot': 0.0,
 'footprint_w': 0,
 'footprint_x': 0,
 'footprint_y': 0,
 'has_pcb_info': False,
 'id': '8c53de39-6117-429a-91eb-5c52ec9bced0',
 'in_bom': True,
 'in_bom_pcb': True,
 'in_pcb_only': False,
 'in_pos': True,
 'included': True,
 'is_power': False,
 'kicad_dnp': False,
 'lib': 'Connector_Generic',
 'lib_id': 'Connector_Generic:Conn_01x03',
 'lib_symbol': <kibot.kicad.v6_sch.LibComponent object at 0x7fa3170f6350>,
 'local_name': None,
 'mirror': None,
 'name': 'Conn_01x03',
 'net_class': '',
 'net_name': '',
 'offset_footprint_rot': 0.0,
 'on_board': True,
 'p_path': '/f91fc3da-5f4a-447d-a72e-43c2dd640f87',
 'p_path_ori': '/f91fc3da-5f4a-447d-a72e-43c2dd640f87',
 'pad_properties': {},
 'parent_component': None,
 'parent_sheet': <kibot.kicad.v6_sch.SchematicV6 object at 0x7fa3170f5450>,
 'path': '/',
 'pin_alternates': {},
 'pins': OrderedDict([('2', 'b1b7d303-7cb4-4abb-806d-897f5a63f8d5'),
                      ('1', '13289533-1e46-45ba-a71e-b1af6c956b8d'),
                      ('3', 'fa3c1105-f9fe-44fc-8550-2fbd62b7411c')]),
 'pos_offset_x': None,
 'pos_offset_y': None,
 'project': 'iie_tp',
 'projects': [('',
               [<kibot.kicad.v6_sch.SymbolInstance object at 0x7fa316f4bee0>])],
 'qty': 1,
 'ref': 'J1',
 'ref_id': '',
 'ref_prefix': 'J',
 'ref_suffix': '1',
 'sheet_path': '/',
 'sheet_path_h': '/',
 'smd': False,
 'tht': False,
 'unit': 1,
 'unit_specified': True,
 'uuid': '8c53de39-6117-429a-91eb-5c52ec9bced0',
 'uuid_ori': '8c53de39-6117-429a-91eb-5c52ec9bced0',
 'value': 'Conn_01x03',
 'value_sort': None,
 'virtual': False,
 'x': 73.66,
 'y': 36.83} (kibot - xlsx_writer.py:607)
DEBUG:{'all_instances': {'/f91fc3da-5f4a-447d-a72e-43c2dd640f87': <kibot.kicad.v6_sch.SymbolInstance object at 0x7fa316f4b620>},
 'ang': 0,
 'annotation_error': False,
 'bottom': False,
 'convert': None,
 'datasheet': '~',
 'desc': '',
 'dfields': {'datasheet': <kibot.kicad.v6_sch.SchematicFieldV6 object at 0x7fa316f29810>,
             'desc': <kibot.kicad.v6_sch.SchematicFieldV6 object at 0x7fa316f296d0>,
             'footprint': <kibot.kicad.v6_sch.SchematicFieldV6 object at 0x7fa316f298b0>,
             'part': <kibot.kicad.v6_sch.SchematicFieldV6 object at 0x7fa316f29770>,
             'reference': <kibot.kicad.v6_sch.SchematicFieldV6 object at 0x7fa316f29950>,
             'value': <kibot.kicad.v6_sch.SchematicFieldV6 object at 0x7fa316f299f0>},
 'dfields_bkp': {'datasheet': <kibot.kicad.v6_sch.SchematicFieldV6 object at 0x7fa316fd2030>,
                 'description': <kibot.kicad.v6_sch.SchematicFieldV6 object at 0x7fa316fd20d0>,
                 'footprint': <kibot.kicad.v6_sch.SchematicFieldV6 object at 0x7fa316fd1f90>,
                 'part': <kibot.kicad.v6_sch.SchematicFieldV6 object at 0x7fa316fd2170>,
                 'reference': <kibot.kicad.v6_sch.SchematicFieldV6 object at 0x7fa316fd1ef0>,
                 'value': <kibot.kicad.v6_sch.SchematicFieldV6 object at 0x7fa316fd1e50>},
 'exclude_from_sim': False,
 'field_ref': 'J7',
 'fields': [<kibot.kicad.v6_sch.SchematicFieldV6 object at 0x7fa316f29950>,
            <kibot.kicad.v6_sch.SchematicFieldV6 object at 0x7fa316f299f0>,
            <kibot.kicad.v6_sch.SchematicFieldV6 object at 0x7fa316f298b0>,
            <kibot.kicad.v6_sch.SchematicFieldV6 object at 0x7fa316f29810>,
            <kibot.kicad.v6_sch.SchematicFieldV6 object at 0x7fa316f296d0>,
            <kibot.kicad.v6_sch.SchematicFieldV6 object at 0x7fa316f29770>],
 'fields_autoplaced': True,
 'fields_bkp': [<kibot.kicad.v6_sch.SchematicFieldV6 object at 0x7fa316fd1ef0>,
                <kibot.kicad.v6_sch.SchematicFieldV6 object at 0x7fa316fd1e50>,
                <kibot.kicad.v6_sch.SchematicFieldV6 object at 0x7fa316fd1f90>,
                <kibot.kicad.v6_sch.SchematicFieldV6 object at 0x7fa316fd2030>,
                <kibot.kicad.v6_sch.SchematicFieldV6 object at 0x7fa316fd20d0>,
                <kibot.kicad.v6_sch.SchematicFieldV6 object at 0x7fa316fd2170>],
 'fitted': True,
 'fixed': False,
 'footprint': '',
 'footprint_h': 0,
 'footprint_lib': None,
 'footprint_rot': 0.0,
 'footprint_w': 0,
 'footprint_x': 0,
 'footprint_y': 0,
 'has_pcb_info': False,
 'id': '6c64bde6-04a5-45b4-af30-2760dea30232',
 'in_bom': True,
 'in_bom_pcb': True,
 'in_pcb_only': False,
 'in_pos': True,
 'included': True,
 'is_power': False,
 'kicad_dnp': False,
 'lib': 'Connector_Generic',
 'lib_id': 'Connector_Generic:Conn_01x03',
 'lib_symbol': <kibot.kicad.v6_sch.LibComponent object at 0x7fa3170f6350>,
 'local_name': None,
 'mirror': None,
 'name': 'Conn_01x03',
 'net_class': '',
 'net_name': '',
 'offset_footprint_rot': 0.0,
 'on_board': True,
 'p_path': '/f91fc3da-5f4a-447d-a72e-43c2dd640f87',
 'p_path_ori': '/f91fc3da-5f4a-447d-a72e-43c2dd640f87',
 'pad_properties': {},
 'parent_component': None,
 'parent_sheet': <kibot.kicad.v6_sch.SchematicV6 object at 0x7fa3170f5450>,
 'path': '/',
 'pin_alternates': {},
 'pins': OrderedDict([('2', 'fb54aba8-ac3e-4b6f-b8eb-4cef4af0e06b'),
                      ('1', '38c8fc46-ad65-4cae-9eef-82643071f8bb'),
                      ('3', '7f748f82-2a12-4af1-8f43-d2a9606ec14f')]),
 'pos_offset_x': None,
 'pos_offset_y': None,
 'project': 'iie_tp',
 'projects': [('',
               [<kibot.kicad.v6_sch.SymbolInstance object at 0x7fa316f4b620>])],
 'qty': 1,
 'ref': 'J7',
 'ref_id': '',
 'ref_prefix': 'J',
 'ref_suffix': '7',
 'sheet_path': '/',
 'sheet_path_h': '/',
 'smd': False,
 'tht': False,
 'unit': 1,
 'unit_specified': True,
 'uuid': '6c64bde6-04a5-45b4-af30-2760dea30232',
 'uuid_ori': '6c64bde6-04a5-45b4-af30-2760dea30232',
 'value': 'Conn_01x03',
 'value_sort': None,
 'virtual': False,
 'x': 204.47,
 'y': 133.35} (kibot - xlsx_writer.py:607)
DEBUG:{'cfg': <kibot.out_bom.BoMOptions object at 0x7fa316b63390>,
 'components': [<kibot.kicad.v6_sch.SchematicComponentV6 object at 0x7fa316f27890>],
 'field_names': ['Row',
                 'Description',
                 'Part',
                 'Part Lib',
                 'References',
                 'Value',
                 'Footprint',
                 'Footprint Lib',
                 'Quantity Per PCB',
                 'Build Quantity',
                 'Status',
                 'Datasheet',
                 'Sheetpath',
                 'Source BoM',
                 'desc',
                 'Row',
                 '${ITEM_NUMBER}'],
 'fields': {'${dnp}': '',
            '${exclude_from_board}': '',
            '${exclude_from_sim}': '',
            '${item_number}': '11',
            '${quantity}': '1',
            'build quantity': '1',
            'datasheet': '~',
            'desc': 'Speaker',
            'description': '',
            'footprint': '',
            'footprint full': '',
            'footprint lib': None,
            'footprint populate': 'yes',
            'footprint rot': '0.0000',
            'footprint side': 'top',
            'footprint type': 'SMD',
            'footprint type nv': '',
            'footprint x': '0.0000',
            'footprint x-size': '0.0000',
            'footprint y': '0.0000',
            'footprint y-size': '0.0000',
            'net class': '',
            'net label': '',
            'net name': '',
            'part': 'Speaker',
            'part lib': 'Device',
            'quantity per pcb': '1',
            'references': 'LS1',
            'row': '11',
            'sheetpath': '/',
            'source bom': 'iie_tp(1)',
            'status': ' ',
            'value': 'Speaker'},
 'refs': {'LS1iie_tp': <kibot.kicad.v6_sch.SchematicComponentV6 object at 0x7fa316f27890>},
 'total': 1} (kibot - xlsx_writer.py:604)
DEBUG:-- Components (kibot - xlsx_writer.py:605)
DEBUG:{'all_instances': {'/f91fc3da-5f4a-447d-a72e-43c2dd640f87': <kibot.kicad.v6_sch.SymbolInstance object at 0x7fa316f4b1c0>},
 'ang': 180,
 'annotation_error': False,
 'bottom': False,
 'convert': None,
 'datasheet': '~',
 'desc': '',
 'dfields': {'datasheet': <kibot.kicad.v6_sch.SchematicFieldV6 object at 0x7fa316f834d0>,
             'desc': <kibot.kicad.v6_sch.SchematicFieldV6 object at 0x7fa316f83390>,
             'footprint': <kibot.kicad.v6_sch.SchematicFieldV6 object at 0x7fa316f83570>,
             'part': <kibot.kicad.v6_sch.SchematicFieldV6 object at 0x7fa316f83430>,
             'reference': <kibot.kicad.v6_sch.SchematicFieldV6 object at 0x7fa316f83610>,
             'value': <kibot.kicad.v6_sch.SchematicFieldV6 object at 0x7fa316f836b0>},
 'dfields_bkp': {'datasheet': <kibot.kicad.v6_sch.SchematicFieldV6 object at 0x7fa316fd27b0>,
                 'description': <kibot.kicad.v6_sch.SchematicFieldV6 object at 0x7fa316fd2850>,
                 'footprint': <kibot.kicad.v6_sch.SchematicFieldV6 object at 0x7fa316fd2710>,
                 'part': <kibot.kicad.v6_sch.SchematicFieldV6 object at 0x7fa316fd28f0>,
                 'reference': <kibot.kicad.v6_sch.SchematicFieldV6 object at 0x7fa316fd2670>,
                 'value': <kibot.kicad.v6_sch.SchematicFieldV6 object at 0x7fa316fd25d0>},
 'exclude_from_sim': False,
 'field_ref': 'LS1',
 'fields': [<kibot.kicad.v6_sch.SchematicFieldV6 object at 0x7fa316f83610>,
            <kibot.kicad.v6_sch.SchematicFieldV6 object at 0x7fa316f836b0>,
            <kibot.kicad.v6_sch.SchematicFieldV6 object at 0x7fa316f83570>,
            <kibot.kicad.v6_sch.SchematicFieldV6 object at 0x7fa316f834d0>,
            <kibot.kicad.v6_sch.SchematicFieldV6 object at 0x7fa316f83390>,
            <kibot.kicad.v6_sch.SchematicFieldV6 object at 0x7fa316f83430>],
 'fields_autoplaced': True,
 'fields_bkp': [<kibot.kicad.v6_sch.SchematicFieldV6 object at 0x7fa316fd2670>,
                <kibot.kicad.v6_sch.SchematicFieldV6 object at 0x7fa316fd25d0>,
                <kibot.kicad.v6_sch.SchematicFieldV6 object at 0x7fa316fd2710>,
                <kibot.kicad.v6_sch.SchematicFieldV6 object at 0x7fa316fd27b0>,
                <kibot.kicad.v6_sch.SchematicFieldV6 object at 0x7fa316fd2850>,
                <kibot.kicad.v6_sch.SchematicFieldV6 object at 0x7fa316fd28f0>],
 'fitted': True,
 'fixed': False,
 'footprint': '',
 'footprint_h': 0,
 'footprint_lib': None,
 'footprint_rot': 0.0,
 'footprint_w': 0,
 'footprint_x': 0,
 'footprint_y': 0,
 'has_pcb_info': False,
 'id': '63f135e9-ba9e-4c2b-ac1f-7f226a5cccb9',
 'in_bom': True,
 'in_bom_pcb': True,
 'in_pcb_only': False,
 'in_pos': True,
 'included': True,
 'is_power': False,
 'kicad_dnp': False,
 'lib': 'Device',
 'lib_id': 'Device:Speaker',
 'lib_symbol': <kibot.kicad.v6_sch.LibComponent object at 0x7fa3170f7c50>,
 'local_name': None,
 'mirror': None,
 'name': 'Speaker',
 'net_class': '',
 'net_name': '',
 'offset_footprint_rot': 0.0,
 'on_board': True,
 'p_path': '/f91fc3da-5f4a-447d-a72e-43c2dd640f87',
 'p_path_ori': '/f91fc3da-5f4a-447d-a72e-43c2dd640f87',
 'pad_properties': {},
 'parent_component': None,
 'parent_sheet': <kibot.kicad.v6_sch.SchematicV6 object at 0x7fa3170f5450>,
 'path': '/',
 'pin_alternates': {},
 'pins': OrderedDict([('2', '9bf0cdc9-5a25-432f-a2c3-e5882bc9bbff'),
                      ('1', '63f589cd-3147-466a-9f6a-d95ba0d2adac')]),
 'pos_offset_x': None,
 'pos_offset_y': None,
 'project': 'iie_tp',
 'projects': [('',
               [<kibot.kicad.v6_sch.SymbolInstance object at 0x7fa316f4b1c0>])],
 'qty': 1,
 'ref': 'LS1',
 'ref_id': '',
 'ref_prefix': 'LS',
 'ref_suffix': '1',
 'sheet_path': '/',
 'sheet_path_h': '/',
 'smd': False,
 'tht': False,
 'unit': 1,
 'unit_specified': True,
 'uuid': '63f135e9-ba9e-4c2b-ac1f-7f226a5cccb9',
 'uuid_ori': '63f135e9-ba9e-4c2b-ac1f-7f226a5cccb9',
 'value': 'Speaker',
 'value_sort': None,
 'virtual': False,
 'x': 191.77,
 'y': 148.59} (kibot - xlsx_writer.py:607)
DEBUG:{'cfg': <kibot.out_bom.BoMOptions object at 0x7fa316b63390>,
 'components': [<kibot.kicad.v6_sch.SchematicComponentV6 object at 0x7fa316f72850>],
 'field_names': ['Row',
                 'Description',
                 'Part',
                 'Part Lib',
                 'References',
                 'Value',
                 'Footprint',
                 'Footprint Lib',
                 'Quantity Per PCB',
                 'Build Quantity',
                 'Status',
                 'Datasheet',
                 'Sheetpath',
                 'Source BoM',
                 'desc',
                 'Row',
                 '${ITEM_NUMBER}'],
 'fields': {'${dnp}': '',
            '${exclude_from_board}': '',
            '${exclude_from_sim}': '',
            '${item_number}': '12',
            '${quantity}': '1',
            'build quantity': '1',
            'datasheet': '~',
            'desc': 'Microphone',
            'description': '',
            'footprint': 'POM-2244P-C3310-2-R',
            'footprint full': 'Sensor_Audio:POM-2244P-C3310-2-R',
            'footprint lib': 'Sensor_Audio',
            'footprint populate': 'yes',
            'footprint rot': '0.0000',
            'footprint side': 'top',
            'footprint type': 'SMD',
            'footprint type nv': '',
            'footprint x': '0.0000',
            'footprint x-size': '0.0000',
            'footprint y': '0.0000',
            'footprint y-size': '0.0000',
            'net class': '',
            'net label': '',
            'net name': '',
            'part': 'Microphone',
            'part lib': 'Device',
            'quantity per pcb': '1',
            'references': 'MK1',
            'row': '12',
            'sheetpath': '/',
            'source bom': 'iie_tp(1)',
            'status': ' ',
            'value': 'Mic'},
 'refs': {'MK1iie_tp': <kibot.kicad.v6_sch.SchematicComponentV6 object at 0x7fa316f72850>},
 'total': 1} (kibot - xlsx_writer.py:604)
DEBUG:-- Components (kibot - xlsx_writer.py:605)
DEBUG:{'all_instances': {'/f91fc3da-5f4a-447d-a72e-43c2dd640f87': <kibot.kicad.v6_sch.SymbolInstance object at 0x7fa316f7d390>},
 'ang': 0,
 'annotation_error': False,
 'bottom': False,
 'convert': None,
 'datasheet': '~',
 'desc': '',
 'dfields': {'datasheet': <kibot.kicad.v6_sch.SchematicFieldV6 object at 0x7fa316f57890>,
             'desc': <kibot.kicad.v6_sch.SchematicFieldV6 object at 0x7fa316f57750>,
             'footprint': <kibot.kicad.v6_sch.SchematicFieldV6 object at 0x7fa316f57930>,
             'part': <kibot.kicad.v6_sch.SchematicFieldV6 object at 0x7fa316f577f0>,
             'reference': <kibot.kicad.v6_sch.SchematicFieldV6 object at 0x7fa316f579d0>,
             'value': <kibot.kicad.v6_sch.SchematicFieldV6 object at 0x7fa316f57a70>},
 'dfields_bkp': {'datasheet': <kibot.kicad.v6_sch.SchematicFieldV6 object at 0x7fa316fd2b70>,
                 'description': <kibot.kicad.v6_sch.SchematicFieldV6 object at 0x7fa316fd2c10>,
                 'footprint': <kibot.kicad.v6_sch.SchematicFieldV6 object at 0x7fa316fd2ad0>,
                 'part': <kibot.kicad.v6_sch.SchematicFieldV6 object at 0x7fa316fd2cb0>,
                 'reference': <kibot.kicad.v6_sch.SchematicFieldV6 object at 0x7fa316fd2a30>,
                 'value': <kibot.kicad.v6_sch.SchematicFieldV6 object at 0x7fa316fd2990>},
 'exclude_from_sim': False,
 'field_ref': 'MK1',
 'fields': [<kibot.kicad.v6_sch.SchematicFieldV6 object at 0x7fa316f579d0>,
            <kibot.kicad.v6_sch.SchematicFieldV6 object at 0x7fa316f57a70>,
            <kibot.kicad.v6_sch.SchematicFieldV6 object at 0x7fa316f57930>,
            <kibot.kicad.v6_sch.SchematicFieldV6 object at 0x7fa316f57890>,
            <kibot.kicad.v6_sch.SchematicFieldV6 object at 0x7fa316f57750>,
            <kibot.kicad.v6_sch.SchematicFieldV6 object at 0x7fa316f577f0>],
 'fields_autoplaced': True,
 'fields_bkp': [<kibot.kicad.v6_sch.SchematicFieldV6 object at 0x7fa316fd2a30>,
                <kibot.kicad.v6_sch.SchematicFieldV6 object at 0x7fa316fd2990>,
                <kibot.kicad.v6_sch.SchematicFieldV6 object at 0x7fa316fd2ad0>,
                <kibot.kicad.v6_sch.SchematicFieldV6 object at 0x7fa316fd2b70>,
                <kibot.kicad.v6_sch.SchematicFieldV6 object at 0x7fa316fd2c10>,
                <kibot.kicad.v6_sch.SchematicFieldV6 object at 0x7fa316fd2cb0>],
 'fitted': True,
 'fixed': False,
 'footprint': 'POM-2244P-C3310-2-R',
 'footprint_h': 0,
 'footprint_lib': 'Sensor_Audio',
 'footprint_rot': 0.0,
 'footprint_w': 0,
 'footprint_x': 0,
 'footprint_y': 0,
 'has_pcb_info': False,
 'id': 'ec10bf5f-7f41-448e-a249-e5f070d201fc',
 'in_bom': True,
 'in_bom_pcb': True,
 'in_pcb_only': False,
 'in_pos': True,
 'included': True,
 'is_power': False,
 'kicad_dnp': False,
 'lib': 'Device',
 'lib_id': 'Device:Microphone',
 'lib_symbol': <kibot.kicad.v6_sch.LibComponent object at 0x7fa3170f7250>,
 'local_name': None,
 'mirror': None,
 'name': 'Microphone',
 'net_class': '',
 'net_name': '',
 'offset_footprint_rot': 0.0,
 'on_board': True,
 'p_path': '/f91fc3da-5f4a-447d-a72e-43c2dd640f87',
 'p_path_ori': '/f91fc3da-5f4a-447d-a72e-43c2dd640f87',
 'pad_properties': {},
 'parent_component': None,
 'parent_sheet': <kibot.kicad.v6_sch.SchematicV6 object at 0x7fa3170f5450>,
 'path': '/',
 'pin_alternates': {},
 'pins': OrderedDict([('1', '54ea9744-ddf6-46b4-ba2d-6885974d67f8'),
                      ('2', '7ba21c43-6440-4134-8a88-a5bab137820b')]),
 'pos_offset_x': None,
 'pos_offset_y': None,
 'project': 'iie_tp',
 'projects': [('',
               [<kibot.kicad.v6_sch.SymbolInstance object at 0x7fa316f7d390>])],
 'qty': 1,
 'ref': 'MK1',
 'ref_id': '',
 'ref_prefix': 'MK',
 'ref_suffix': '1',
 'sheet_path': '/',
 'sheet_path_h': '/',
 'smd': False,
 'tht': False,
 'unit': 1,
 'unit_specified': True,
 'uuid': 'ec10bf5f-7f41-448e-a249-e5f070d201fc',
 'uuid_ori': 'ec10bf5f-7f41-448e-a249-e5f070d201fc',
 'value': 'Mic',
 'value_sort': None,
 'virtual': False,
 'x': 54.61,
 'y': 50.8} (kibot - xlsx_writer.py:607)
DEBUG:{'cfg': <kibot.out_bom.BoMOptions object at 0x7fa316b63390>,
 'components': [<kibot.kicad.v6_sch.SchematicComponentV6 object at 0x7fa316f711d0>,
                <kibot.kicad.v6_sch.SchematicComponentV6 object at 0x7fa316f702d0>,
                <kibot.kicad.v6_sch.SchematicComponentV6 object at 0x7fa316f27b10>,
                <kibot.kicad.v6_sch.SchematicComponentV6 object at 0x7fa316f25d10>,
                <kibot.kicad.v6_sch.SchematicComponentV6 object at 0x7fa316f70e10>,
                <kibot.kicad.v6_sch.SchematicComponentV6 object at 0x7fa316f71450>,
                <kibot.kicad.v6_sch.SchematicComponentV6 object at 0x7fa316f72210>,
                <kibot.kicad.v6_sch.SchematicComponentV6 object at 0x7fa316f716d0>,
                <kibot.kicad.v6_sch.SchematicComponentV6 object at 0x7fa316f25e50>,
                <kibot.kicad.v6_sch.SchematicComponentV6 object at 0x7fa316f71e50>,
                <kibot.kicad.v6_sch.SchematicComponentV6 object at 0x7fa316f26ad0>,
                <kibot.kicad.v6_sch.SchematicComponentV6 object at 0x7fa316f70690>,
                <kibot.kicad.v6_sch.SchematicComponentV6 object at 0x7fa316f26210>,
                <kibot.kicad.v6_sch.SchematicComponentV6 object at 0x7fa316f70a50>,
                <kibot.kicad.v6_sch.SchematicComponentV6 object at 0x7fa316f72710>,
                <kibot.kicad.v6_sch.SchematicComponentV6 object at 0x7fa316f71810>,
                <kibot.kicad.v6_sch.SchematicComponentV6 object at 0x7fa316f25810>,
                <kibot.kicad.v6_sch.SchematicComponentV6 object at 0x7fa316f70190>,
                <kibot.kicad.v6_sch.SchematicComponentV6 object at 0x7fa316f25a90>,
                <kibot.kicad.v6_sch.SchematicComponentV6 object at 0x7fa316f27d90>,
                <kibot.kicad.v6_sch.SchematicComponentV6 object at 0x7fa316f707d0>],
 'field_names': ['Row',
                 'Description',
                 'Part',
                 'Part Lib',
                 'References',
                 'Value',
                 'Footprint',
                 'Footprint Lib',
                 'Quantity Per PCB',
                 'Build Quantity',
                 'Status',
                 'Datasheet',
                 'Sheetpath',
                 'Source BoM',
                 'desc',
                 'Row',
                 '${ITEM_NUMBER}'],
 'fields': {'${dnp}': '',
            '${exclude_from_board}': 'Excluded from board',
            '${exclude_from_sim}': '',
            '${item_number}': '13',
            '${quantity}': '21',
            'build quantity': '21',
            'datasheet': '~',
            'desc': 'Resistor, US symbol',
            'description': '',
            'footprint': 'R_Axial_Power_L25.0mm_W6.4mm_P27.94mm',
            'footprint full': 'Resistor_THT:R_Axial_Power_L25.0mm_W6.4mm_P27.94mm',
            'footprint lib': 'Resistor_THT',
            'footprint populate': 'yes',
            'footprint rot': '0.0000',
            'footprint side': 'top',
            'footprint type': 'SMD',
            'footprint type nv': '',
            'footprint x': '0.0000',
            'footprint x-size': '0.0000',
            'footprint y': '0.0000',
            'footprint y-size': '0.0000',
            'net class': '',
            'net label': '',
            'net name': '',
            'part': 'R_US',
            'part lib': 'Device',
            'quantity per pcb': '21',
            'references': 'R5 R6 R7 R8 R9 R10 R11 R12 R13 R14 R15 R16 R17 R18 '
                          'R19 R20 R21 R22 R23 R24 R26',
            'row': '13',
            'sheetpath': '/',
            'source bom': 'iie_tp(21)',
            'status': ' ',
            'value': '2k2'},
 'refs': {'R10iie_tp': <kibot.kicad.v6_sch.SchematicComponentV6 object at 0x7fa316f71450>,
          'R11iie_tp': <kibot.kicad.v6_sch.SchematicComponentV6 object at 0x7fa316f72210>,
          'R12iie_tp': <kibot.kicad.v6_sch.SchematicComponentV6 object at 0x7fa316f716d0>,
          'R13iie_tp': <kibot.kicad.v6_sch.SchematicComponentV6 object at 0x7fa316f25e50>,
          'R14iie_tp': <kibot.kicad.v6_sch.SchematicComponentV6 object at 0x7fa316f71e50>,
          'R15iie_tp': <kibot.kicad.v6_sch.SchematicComponentV6 object at 0x7fa316f26ad0>,
          'R16iie_tp': <kibot.kicad.v6_sch.SchematicComponentV6 object at 0x7fa316f70690>,
          'R17iie_tp': <kibot.kicad.v6_sch.SchematicComponentV6 object at 0x7fa316f26210>,
          'R18iie_tp': <kibot.kicad.v6_sch.SchematicComponentV6 object at 0x7fa316f70a50>,
          'R19iie_tp': <kibot.kicad.v6_sch.SchematicComponentV6 object at 0x7fa316f72710>,
          'R20iie_tp': <kibot.kicad.v6_sch.SchematicComponentV6 object at 0x7fa316f71810>,
          'R21iie_tp': <kibot.kicad.v6_sch.SchematicComponentV6 object at 0x7fa316f25810>,
          'R22iie_tp': <kibot.kicad.v6_sch.SchematicComponentV6 object at 0x7fa316f70190>,
          'R23iie_tp': <kibot.kicad.v6_sch.SchematicComponentV6 object at 0x7fa316f25a90>,
          'R24iie_tp': <kibot.kicad.v6_sch.SchematicComponentV6 object at 0x7fa316f27d90>,
          'R26iie_tp': <kibot.kicad.v6_sch.SchematicComponentV6 object at 0x7fa316f707d0>,
          'R5iie_tp': <kibot.kicad.v6_sch.SchematicComponentV6 object at 0x7fa316f711d0>,
          'R6iie_tp': <kibot.kicad.v6_sch.SchematicComponentV6 object at 0x7fa316f702d0>,
          'R7iie_tp': <kibot.kicad.v6_sch.SchematicComponentV6 object at 0x7fa316f27b10>,
          'R8iie_tp': <kibot.kicad.v6_sch.SchematicComponentV6 object at 0x7fa316f25d10>,
          'R9iie_tp': <kibot.kicad.v6_sch.SchematicComponentV6 object at 0x7fa316f70e10>},
 'total': 21} (kibot - xlsx_writer.py:604)
DEBUG:-- Components (kibot - xlsx_writer.py:605)
DEBUG:{'all_instances': {'/f91fc3da-5f4a-447d-a72e-43c2dd640f87': <kibot.kicad.v6_sch.SymbolInstance object at 0x7fa316f7c3d0>},
 'ang': 0,
 'annotation_error': False,
 'bottom': False,
 'convert': None,
 'datasheet': '~',
 'desc': '',
 'dfields': {'datasheet': <kibot.kicad.v6_sch.SchematicFieldV6 object at 0x7fa316f6f4d0>,
             'desc': <kibot.kicad.v6_sch.SchematicFieldV6 object at 0x7fa316f6f390>,
             'footprint': <kibot.kicad.v6_sch.SchematicFieldV6 object at 0x7fa316f6f570>,
             'part': <kibot.kicad.v6_sch.SchematicFieldV6 object at 0x7fa316f6f430>,
             'reference': <kibot.kicad.v6_sch.SchematicFieldV6 object at 0x7fa316f6f610>,
             'value': <kibot.kicad.v6_sch.SchematicFieldV6 object at 0x7fa316f6f6b0>},
 'dfields_bkp': {'datasheet': <kibot.kicad.v6_sch.SchematicFieldV6 object at 0x7fa316fbbe30>,
                 'description': <kibot.kicad.v6_sch.SchematicFieldV6 object at 0x7fa316fbbed0>,
                 'footprint': <kibot.kicad.v6_sch.SchematicFieldV6 object at 0x7fa316fbbd90>,
                 'part': <kibot.kicad.v6_sch.SchematicFieldV6 object at 0x7fa316fbbf70>,
                 'reference': <kibot.kicad.v6_sch.SchematicFieldV6 object at 0x7fa316fbbcf0>,
                 'value': <kibot.kicad.v6_sch.SchematicFieldV6 object at 0x7fa316fbbc50>},
 'exclude_from_sim': False,
 'field_ref': 'R5',
 'fields': [<kibot.kicad.v6_sch.SchematicFieldV6 object at 0x7fa316f6f610>,
            <kibot.kicad.v6_sch.SchematicFieldV6 object at 0x7fa316f6f6b0>,
            <kibot.kicad.v6_sch.SchematicFieldV6 object at 0x7fa316f6f570>,
            <kibot.kicad.v6_sch.SchematicFieldV6 object at 0x7fa316f6f4d0>,
            <kibot.kicad.v6_sch.SchematicFieldV6 object at 0x7fa316f6f390>,
            <kibot.kicad.v6_sch.SchematicFieldV6 object at 0x7fa316f6f430>],
 'fields_autoplaced': False,
 'fields_bkp': [<kibot.kicad.v6_sch.SchematicFieldV6 object at 0x7fa316fbbcf0>,
                <kibot.kicad.v6_sch.SchematicFieldV6 object at 0x7fa316fbbc50>,
                <kibot.kicad.v6_sch.SchematicFieldV6 object at 0x7fa316fbbd90>,
                <kibot.kicad.v6_sch.SchematicFieldV6 object at 0x7fa316fbbe30>,
                <kibot.kicad.v6_sch.SchematicFieldV6 object at 0x7fa316fbbed0>,
                <kibot.kicad.v6_sch.SchematicFieldV6 object at 0x7fa316fbbf70>],
 'fitted': True,
 'fixed': False,
 'footprint': 'R_Axial_Power_L25.0mm_W6.4mm_P27.94mm',
 'footprint_h': 0,
 'footprint_lib': 'Resistor_THT',
 'footprint_rot': 0.0,
 'footprint_w': 0,
 'footprint_x': 0,
 'footprint_y': 0,
 'has_pcb_info': False,
 'id': '9419b931-67cb-4fbc-b647-fc059089cff3',
 'in_bom': True,
 'in_bom_pcb': True,
 'in_pcb_only': False,
 'in_pos': True,
 'included': True,
 'is_power': False,
 'kicad_dnp': False,
 'lib': 'Device',
 'lib_id': 'Device:R_US',
 'lib_symbol': <kibot.kicad.v6_sch.LibComponent object at 0x7fa3170f7b10>,
 'local_name': None,
 'mirror': None,
 'name': 'R_US',
 'net_class': '',
 'net_name': '',
 'offset_footprint_rot': 0.0,
 'on_board': True,
 'p_path': '/f91fc3da-5f4a-447d-a72e-43c2dd640f87',
 'p_path_ori': '/f91fc3da-5f4a-447d-a72e-43c2dd640f87',
 'pad_properties': {},
 'parent_component': None,
 'parent_sheet': <kibot.kicad.v6_sch.SchematicV6 object at 0x7fa3170f5450>,
 'path': '/',
 'pin_alternates': {},
 'pins': OrderedDict([('2', '1f87dc73-be3a-4c0b-8bca-a808790371b5'),
                      ('1', 'ec1b5421-dc8d-4eec-b8ed-7caae41eadec')]),
 'pos_offset_x': None,
 'pos_offset_y': None,
 'project': 'iie_tp',
 'projects': [('iie_tp',
               [<kibot.kicad.v6_sch.SymbolInstance object at 0x7fa316f7c3d0>])],
 'qty': 1,
 'ref': 'R5',
 'ref_id': '',
 'ref_prefix': 'R',
 'ref_suffix': '5',
 'sheet_path': '/',
 'sheet_path_h': '/',
 'smd': False,
 'tht': False,
 'unit': 1,
 'unit_specified': True,
 'uuid': '9419b931-67cb-4fbc-b647-fc059089cff3',
 'uuid_ori': '9419b931-67cb-4fbc-b647-fc059089cff3',
 'value': '2k2',
 'value_sort': <kibot.bom.units.ParsedValue object at 0x7fa316fa5a70>,
 'virtual': False,
 'x': 54.61,
 'y': 38.1} (kibot - xlsx_writer.py:607)
DEBUG:{'all_instances': {'/f91fc3da-5f4a-447d-a72e-43c2dd640f87': <kibot.kicad.v6_sch.SymbolInstance object at 0x7fa316f4b700>},
 'ang': 90,
 'annotation_error': False,
 'bottom': False,
 'convert': None,
 'datasheet': '~',
 'desc': '',
 'dfields': {'datasheet': <kibot.kicad.v6_sch.SchematicFieldV6 object at 0x7fa316f2a350>,
             'desc': <kibot.kicad.v6_sch.SchematicFieldV6 object at 0x7fa316f2a210>,
             'footprint': <kibot.kicad.v6_sch.SchematicFieldV6 object at 0x7fa316f2a3f0>,
             'part': <kibot.kicad.v6_sch.SchematicFieldV6 object at 0x7fa316f2a2b0>,
             'reference': <kibot.kicad.v6_sch.SchematicFieldV6 object at 0x7fa316f2a490>,
             'value': <kibot.kicad.v6_sch.SchematicFieldV6 object at 0x7fa316f2a530>},
 'dfields_bkp': {'datasheet': <kibot.kicad.v6_sch.SchematicFieldV6 object at 0x7fa316ec8230>,
                 'description': <kibot.kicad.v6_sch.SchematicFieldV6 object at 0x7fa316ec82d0>,
                 'footprint': <kibot.kicad.v6_sch.SchematicFieldV6 object at 0x7fa316ec8190>,
                 'part': <kibot.kicad.v6_sch.SchematicFieldV6 object at 0x7fa316ec8370>,
                 'reference': <kibot.kicad.v6_sch.SchematicFieldV6 object at 0x7fa316ec80f0>,
                 'value': <kibot.kicad.v6_sch.SchematicFieldV6 object at 0x7fa316ec8050>},
 'exclude_from_sim': False,
 'field_ref': 'R6',
 'fields': [<kibot.kicad.v6_sch.SchematicFieldV6 object at 0x7fa316f2a490>,
            <kibot.kicad.v6_sch.SchematicFieldV6 object at 0x7fa316f2a530>,
            <kibot.kicad.v6_sch.SchematicFieldV6 object at 0x7fa316f2a3f0>,
            <kibot.kicad.v6_sch.SchematicFieldV6 object at 0x7fa316f2a350>,
            <kibot.kicad.v6_sch.SchematicFieldV6 object at 0x7fa316f2a210>,
            <kibot.kicad.v6_sch.SchematicFieldV6 object at 0x7fa316f2a2b0>],
 'fields_autoplaced': True,
 'fields_bkp': [<kibot.kicad.v6_sch.SchematicFieldV6 object at 0x7fa316ec80f0>,
                <kibot.kicad.v6_sch.SchematicFieldV6 object at 0x7fa316ec8050>,
                <kibot.kicad.v6_sch.SchematicFieldV6 object at 0x7fa316ec8190>,
                <kibot.kicad.v6_sch.SchematicFieldV6 object at 0x7fa316ec8230>,
                <kibot.kicad.v6_sch.SchematicFieldV6 object at 0x7fa316ec82d0>,
                <kibot.kicad.v6_sch.SchematicFieldV6 object at 0x7fa316ec8370>],
 'fitted': True,
 'fixed': False,
 'footprint': '',
 'footprint_h': 0,
 'footprint_lib': None,
 'footprint_rot': 0.0,
 'footprint_w': 0,
 'footprint_x': 0,
 'footprint_y': 0,
 'has_pcb_info': False,
 'id': '7169aaa7-d9fa-4494-8c67-33b27dfd1186',
 'in_bom': True,
 'in_bom_pcb': True,
 'in_pcb_only': False,
 'in_pos': True,
 'included': True,
 'is_power': False,
 'kicad_dnp': False,
 'lib': 'Device',
 'lib_id': 'Device:R_US',
 'lib_symbol': <kibot.kicad.v6_sch.LibComponent object at 0x7fa3170f7b10>,
 'local_name': None,
 'mirror': None,
 'name': 'R_US',
 'net_class': '',
 'net_name': '',
 'offset_footprint_rot': 0.0,
 'on_board': True,
 'p_path': '/f91fc3da-5f4a-447d-a72e-43c2dd640f87',
 'p_path_ori': '/f91fc3da-5f4a-447d-a72e-43c2dd640f87',
 'pad_properties': {},
 'parent_component': None,
 'parent_sheet': <kibot.kicad.v6_sch.SchematicV6 object at 0x7fa3170f5450>,
 'path': '/',
 'pin_alternates': {},
 'pins': OrderedDict([('1', '7523bd33-2271-4dd6-b201-a38c1edc621b'),
                      ('2', '3e02c534-9d52-45bb-adf1-bbef6fcdcf7d')]),
 'pos_offset_x': None,
 'pos_offset_y': None,
 'project': 'iie_tp',
 'projects': [('',
               [<kibot.kicad.v6_sch.SymbolInstance object at 0x7fa316f4b700>])],
 'qty': 1,
 'ref': 'R6',
 'ref_id': '',
 'ref_prefix': 'R',
 'ref_suffix': '6',
 'sheet_path': '/',
 'sheet_path_h': '/',
 'smd': False,
 'tht': False,
 'unit': 1,
 'unit_specified': True,
 'uuid': '7169aaa7-d9fa-4494-8c67-33b27dfd1186',
 'uuid_ori': '7169aaa7-d9fa-4494-8c67-33b27dfd1186',
 'value': '2k2',
 'value_sort': <kibot.bom.units.ParsedValue object at 0x7fa316fa5a70>,
 'virtual': False,
 'x': 87.63,
 'y': 106.68} (kibot - xlsx_writer.py:607)
DEBUG:{'all_instances': {'/f91fc3da-5f4a-447d-a72e-43c2dd640f87': <kibot.kicad.v6_sch.SymbolInstance object at 0x7fa316f4b380>},
 'ang': 90,
 'annotation_error': False,
 'bottom': False,
 'convert': None,
 'datasheet': '~',
 'desc': '',
 'dfields': {'datasheet': <kibot.kicad.v6_sch.SchematicFieldV6 object at 0x7fa316f6cf50>,
             'desc': <kibot.kicad.v6_sch.SchematicFieldV6 object at 0x7fa316f6ce10>,
             'footprint': <kibot.kicad.v6_sch.SchematicFieldV6 object at 0x7fa316f6cff0>,
             'part': <kibot.kicad.v6_sch.SchematicFieldV6 object at 0x7fa316f6ceb0>,
             'reference': <kibot.kicad.v6_sch.SchematicFieldV6 object at 0x7fa316f6d090>,
             'value': <kibot.kicad.v6_sch.SchematicFieldV6 object at 0x7fa316f6d130>},
 'dfields_bkp': {'datasheet': <kibot.kicad.v6_sch.SchematicFieldV6 object at 0x7fa316ec85f0>,
                 'description': <kibot.kicad.v6_sch.SchematicFieldV6 object at 0x7fa316ec8690>,
                 'footprint': <kibot.kicad.v6_sch.SchematicFieldV6 object at 0x7fa316ec8550>,
                 'part': <kibot.kicad.v6_sch.SchematicFieldV6 object at 0x7fa316ec8730>,
                 'reference': <kibot.kicad.v6_sch.SchematicFieldV6 object at 0x7fa316ec84b0>,
                 'value': <kibot.kicad.v6_sch.SchematicFieldV6 object at 0x7fa316ec8410>},
 'exclude_from_sim': False,
 'field_ref': 'R7',
 'fields': [<kibot.kicad.v6_sch.SchematicFieldV6 object at 0x7fa316f6d090>,
            <kibot.kicad.v6_sch.SchematicFieldV6 object at 0x7fa316f6d130>,
            <kibot.kicad.v6_sch.SchematicFieldV6 object at 0x7fa316f6cff0>,
            <kibot.kicad.v6_sch.SchematicFieldV6 object at 0x7fa316f6cf50>,
            <kibot.kicad.v6_sch.SchematicFieldV6 object at 0x7fa316f6ce10>,
            <kibot.kicad.v6_sch.SchematicFieldV6 object at 0x7fa316f6ceb0>],
 'fields_autoplaced': True,
 'fields_bkp': [<kibot.kicad.v6_sch.SchematicFieldV6 object at 0x7fa316ec84b0>,
                <kibot.kicad.v6_sch.SchematicFieldV6 object at 0x7fa316ec8410>,
                <kibot.kicad.v6_sch.SchematicFieldV6 object at 0x7fa316ec8550>,
                <kibot.kicad.v6_sch.SchematicFieldV6 object at 0x7fa316ec85f0>,
                <kibot.kicad.v6_sch.SchematicFieldV6 object at 0x7fa316ec8690>,
                <kibot.kicad.v6_sch.SchematicFieldV6 object at 0x7fa316ec8730>],
 'fitted': True,
 'fixed': False,
 'footprint': '',
 'footprint_h': 0,
 'footprint_lib': None,
 'footprint_rot': 0.0,
 'footprint_w': 0,
 'footprint_x': 0,
 'footprint_y': 0,
 'has_pcb_info': False,
 'id': '689e59b2-6a0e-4f36-901b-828e7c05be21',
 'in_bom': True,
 'in_bom_pcb': True,
 'in_pcb_only': False,
 'in_pos': True,
 'included': True,
 'is_power': False,
 'kicad_dnp': False,
 'lib': 'Device',
 'lib_id': 'Device:R_US',
 'lib_symbol': <kibot.kicad.v6_sch.LibComponent object at 0x7fa3170f7b10>,
 'local_name': None,
 'mirror': None,
 'name': 'R_US',
 'net_class': '',
 'net_name': '',
 'offset_footprint_rot': 0.0,
 'on_board': True,
 'p_path': '/f91fc3da-5f4a-447d-a72e-43c2dd640f87',
 'p_path_ori': '/f91fc3da-5f4a-447d-a72e-43c2dd640f87',
 'pad_properties': {},
 'parent_component': None,
 'parent_sheet': <kibot.kicad.v6_sch.SchematicV6 object at 0x7fa3170f5450>,
 'path': '/',
 'pin_alternates': {},
 'pins': OrderedDict([('1', '7518ec84-0bb8-4ca7-87c6-e16b81c015e2'),
                      ('2', '5755b497-1f80-4704-a8e9-99e7281956e1')]),
 'pos_offset_x': None,
 'pos_offset_y': None,
 'project': 'iie_tp',
 'projects': [('iie_tp',
               [<kibot.kicad.v6_sch.SymbolInstance object at 0x7fa316f4b380>])],
 'qty': 1,
 'ref': 'R7',
 'ref_id': '',
 'ref_prefix': 'R',
 'ref_suffix': '7',
 'sheet_path': '/',
 'sheet_path_h': '/',
 'smd': False,
 'tht': False,
 'unit': 1,
 'unit_specified': True,
 'uuid': '689e59b2-6a0e-4f36-901b-828e7c05be21',
 'uuid_ori': '689e59b2-6a0e-4f36-901b-828e7c05be21',
 'value': '2k2',
 'value_sort': <kibot.bom.units.ParsedValue object at 0x7fa316fa5a70>,
 'virtual': False,
 'x': 97.79,
 'y': 106.68} (kibot - xlsx_writer.py:607)
DEBUG:{'all_instances': {'/f91fc3da-5f4a-447d-a72e-43c2dd640f87': <kibot.kicad.v6_sch.SymbolInstance object at 0x7fa316f49e80>},
 'ang': 270,
 'annotation_error': False,
 'bottom': False,
 'convert': None,
 'datasheet': '~',
 'desc': '',
 'dfields': {'datasheet': <kibot.kicad.v6_sch.SchematicFieldV6 object at 0x7fa316f90410>,
             'desc': <kibot.kicad.v6_sch.SchematicFieldV6 object at 0x7fa316f902d0>,
             'footprint': <kibot.kicad.v6_sch.SchematicFieldV6 object at 0x7fa316f904b0>,
             'part': <kibot.kicad.v6_sch.SchematicFieldV6 object at 0x7fa316f90370>,
             'reference': <kibot.kicad.v6_sch.SchematicFieldV6 object at 0x7fa316f90550>,
             'value': <kibot.kicad.v6_sch.SchematicFieldV6 object at 0x7fa316f905f0>},
 'dfields_bkp': {'datasheet': <kibot.kicad.v6_sch.SchematicFieldV6 object at 0x7fa316ec89b0>,
                 'description': <kibot.kicad.v6_sch.SchematicFieldV6 object at 0x7fa316ec8a50>,
                 'footprint': <kibot.kicad.v6_sch.SchematicFieldV6 object at 0x7fa316ec8910>,
                 'part': <kibot.kicad.v6_sch.SchematicFieldV6 object at 0x7fa316ec8af0>,
                 'reference': <kibot.kicad.v6_sch.SchematicFieldV6 object at 0x7fa316ec8870>,
                 'value': <kibot.kicad.v6_sch.SchematicFieldV6 object at 0x7fa316ec87d0>},
 'exclude_from_sim': False,
 'field_ref': 'R8',
 'fields': [<kibot.kicad.v6_sch.SchematicFieldV6 object at 0x7fa316f90550>,
            <kibot.kicad.v6_sch.SchematicFieldV6 object at 0x7fa316f905f0>,
            <kibot.kicad.v6_sch.SchematicFieldV6 object at 0x7fa316f904b0>,
            <kibot.kicad.v6_sch.SchematicFieldV6 object at 0x7fa316f90410>,
            <kibot.kicad.v6_sch.SchematicFieldV6 object at 0x7fa316f902d0>,
            <kibot.kicad.v6_sch.SchematicFieldV6 object at 0x7fa316f90370>],
 'fields_autoplaced': True,
 'fields_bkp': [<kibot.kicad.v6_sch.SchematicFieldV6 object at 0x7fa316ec8870>,
                <kibot.kicad.v6_sch.SchematicFieldV6 object at 0x7fa316ec87d0>,
                <kibot.kicad.v6_sch.SchematicFieldV6 object at 0x7fa316ec8910>,
                <kibot.kicad.v6_sch.SchematicFieldV6 object at 0x7fa316ec89b0>,
                <kibot.kicad.v6_sch.SchematicFieldV6 object at 0x7fa316ec8a50>,
                <kibot.kicad.v6_sch.SchematicFieldV6 object at 0x7fa316ec8af0>],
 'fitted': True,
 'fixed': False,
 'footprint': '',
 'footprint_h': 0,
 'footprint_lib': None,
 'footprint_rot': 0.0,
 'footprint_w': 0,
 'footprint_x': 0,
 'footprint_y': 0,
 'has_pcb_info': False,
 'id': '128f85d1-64f6-45da-84ac-15e0310e0024',
 'in_bom': True,
 'in_bom_pcb': True,
 'in_pcb_only': False,
 'in_pos': True,
 'included': True,
 'is_power': False,
 'kicad_dnp': False,
 'lib': 'Device',
 'lib_id': 'Device:R_US',
 'lib_symbol': <kibot.kicad.v6_sch.LibComponent object at 0x7fa3170f7b10>,
 'local_name': None,
 'mirror': None,
 'name': 'R_US',
 'net_class': '',
 'net_name': '',
 'offset_footprint_rot': 0.0,
 'on_board': True,
 'p_path': '/f91fc3da-5f4a-447d-a72e-43c2dd640f87',
 'p_path_ori': '/f91fc3da-5f4a-447d-a72e-43c2dd640f87',
 'pad_properties': {},
 'parent_component': None,
 'parent_sheet': <kibot.kicad.v6_sch.SchematicV6 object at 0x7fa3170f5450>,
 'path': '/',
 'pin_alternates': {},
 'pins': OrderedDict([('1', 'f39abf2b-5bea-4591-ae61-f13f1a71a1ee'),
                      ('2', '7c58d551-20d9-4009-a770-183d4167caea')]),
 'pos_offset_x': None,
 'pos_offset_y': None,
 'project': 'iie_tp',
 'projects': [('iie_tp',
               [<kibot.kicad.v6_sch.SymbolInstance object at 0x7fa316f49e80>])],
 'qty': 1,
 'ref': 'R8',
 'ref_id': '',
 'ref_prefix': 'R',
 'ref_suffix': '8',
 'sheet_path': '/',
 'sheet_path_h': '/',
 'smd': False,
 'tht': False,
 'unit': 1,
 'unit_specified': True,
 'uuid': '128f85d1-64f6-45da-84ac-15e0310e0024',
 'uuid_ori': '128f85d1-64f6-45da-84ac-15e0310e0024',
 'value': '2k2',
 'value_sort': <kibot.bom.units.ParsedValue object at 0x7fa316fa5a70>,
 'virtual': False,
 'x': 87.63,
 'y': 116.84} (kibot - xlsx_writer.py:607)
DEBUG:{'all_instances': {'/f91fc3da-5f4a-447d-a72e-43c2dd640f87': <kibot.kicad.v6_sch.SymbolInstance object at 0x7fa316f7c130>},
 'ang': 270,
 'annotation_error': False,
 'bottom': False,
 'convert': None,
 'datasheet': '~',
 'desc': '',
 'dfields': {'datasheet': <kibot.kicad.v6_sch.SchematicFieldV6 object at 0x7fa316f6e5d0>,
             'desc': <kibot.kicad.v6_sch.SchematicFieldV6 object at 0x7fa316f6e490>,
             'footprint': <kibot.kicad.v6_sch.SchematicFieldV6 object at 0x7fa316f6e670>,
             'part': <kibot.kicad.v6_sch.SchematicFieldV6 object at 0x7fa316f6e530>,
             'reference': <kibot.kicad.v6_sch.SchematicFieldV6 object at 0x7fa316f6e710>,
             'value': <kibot.kicad.v6_sch.SchematicFieldV6 object at 0x7fa316f6e7b0>},
 'dfields_bkp': {'datasheet': <kibot.kicad.v6_sch.SchematicFieldV6 object at 0x7fa316ec8d70>,
                 'description': <kibot.kicad.v6_sch.SchematicFieldV6 object at 0x7fa316ec8e10>,
                 'footprint': <kibot.kicad.v6_sch.SchematicFieldV6 object at 0x7fa316ec8cd0>,
                 'part': <kibot.kicad.v6_sch.SchematicFieldV6 object at 0x7fa316ec8eb0>,
                 'reference': <kibot.kicad.v6_sch.SchematicFieldV6 object at 0x7fa316ec8c30>,
                 'value': <kibot.kicad.v6_sch.SchematicFieldV6 object at 0x7fa316ec8b90>},
 'exclude_from_sim': False,
 'field_ref': 'R9',
 'fields': [<kibot.kicad.v6_sch.SchematicFieldV6 object at 0x7fa316f6e710>,
            <kibot.kicad.v6_sch.SchematicFieldV6 object at 0x7fa316f6e7b0>,
            <kibot.kicad.v6_sch.SchematicFieldV6 object at 0x7fa316f6e670>,
            <kibot.kicad.v6_sch.SchematicFieldV6 object at 0x7fa316f6e5d0>,
            <kibot.kicad.v6_sch.SchematicFieldV6 object at 0x7fa316f6e490>,
            <kibot.kicad.v6_sch.SchematicFieldV6 object at 0x7fa316f6e530>],
 'fields_autoplaced': True,
 'fields_bkp': [<kibot.kicad.v6_sch.SchematicFieldV6 object at 0x7fa316ec8c30>,
                <kibot.kicad.v6_sch.SchematicFieldV6 object at 0x7fa316ec8b90>,
                <kibot.kicad.v6_sch.SchematicFieldV6 object at 0x7fa316ec8cd0>,
                <kibot.kicad.v6_sch.SchematicFieldV6 object at 0x7fa316ec8d70>,
                <kibot.kicad.v6_sch.SchematicFieldV6 object at 0x7fa316ec8e10>,
                <kibot.kicad.v6_sch.SchematicFieldV6 object at 0x7fa316ec8eb0>],
 'fitted': True,
 'fixed': False,
 'footprint': '',
 'footprint_h': 0,
 'footprint_lib': None,
 'footprint_rot': 0.0,
 'footprint_w': 0,
 'footprint_x': 0,
 'footprint_y': 0,
 'has_pcb_info': False,
 'id': '92936b72-77f6-4f2b-90d4-98490a4d23dc',
 'in_bom': True,
 'in_bom_pcb': True,
 'in_pcb_only': False,
 'in_pos': True,
 'included': True,
 'is_power': False,
 'kicad_dnp': False,
 'lib': 'Device',
 'lib_id': 'Device:R_US',
 'lib_symbol': <kibot.kicad.v6_sch.LibComponent object at 0x7fa3170f7b10>,
 'local_name': None,
 'mirror': None,
 'name': 'R_US',
 'net_class': '',
 'net_name': '',
 'offset_footprint_rot': 0.0,
 'on_board': True,
 'p_path': '/f91fc3da-5f4a-447d-a72e-43c2dd640f87',
 'p_path_ori': '/f91fc3da-5f4a-447d-a72e-43c2dd640f87',
 'pad_properties': {},
 'parent_component': None,
 'parent_sheet': <kibot.kicad.v6_sch.SchematicV6 object at 0x7fa3170f5450>,
 'path': '/',
 'pin_alternates': {},
 'pins': OrderedDict([('1', 'c3d77d05-70e9-4005-bcd6-a81fbf12ef52'),
                      ('2', 'd433c47c-f893-4091-938e-22ae831414bd')]),
 'pos_offset_x': None,
 'pos_offset_y': None,
 'project': 'iie_tp',
 'projects': [('iie_tp',
               [<kibot.kicad.v6_sch.SymbolInstance object at 0x7fa316f7c130>])],
 'qty': 1,
 'ref': 'R9',
 'ref_id': '',
 'ref_prefix': 'R',
 'ref_suffix': '9',
 'sheet_path': '/',
 'sheet_path_h': '/',
 'smd': False,
 'tht': False,
 'unit': 1,
 'unit_specified': True,
 'uuid': '92936b72-77f6-4f2b-90d4-98490a4d23dc',
 'uuid_ori': '92936b72-77f6-4f2b-90d4-98490a4d23dc',
 'value': '2k2',
 'value_sort': <kibot.bom.units.ParsedValue object at 0x7fa316fa5a70>,
 'virtual': False,
 'x': 97.79,
 'y': 116.84} (kibot - xlsx_writer.py:607)
DEBUG:{'all_instances': {'/f91fc3da-5f4a-447d-a72e-43c2dd640f87': <kibot.kicad.v6_sch.SymbolInstance object at 0x7fa316f7c590>},
 'ang': 90,
 'annotation_error': False,
 'bottom': False,
 'convert': None,
 'datasheet': '~',
 'desc': '',
 'dfields': {'datasheet': <kibot.kicad.v6_sch.SchematicFieldV6 object at 0x7fa316f2b610>,
             'desc': <kibot.kicad.v6_sch.SchematicFieldV6 object at 0x7fa316f2b4d0>,
             'footprint': <kibot.kicad.v6_sch.SchematicFieldV6 object at 0x7fa316f2b6b0>,
             'part': <kibot.kicad.v6_sch.SchematicFieldV6 object at 0x7fa316f2b570>,
             'reference': <kibot.kicad.v6_sch.SchematicFieldV6 object at 0x7fa316f2b750>,
             'value': <kibot.kicad.v6_sch.SchematicFieldV6 object at 0x7fa316f2b7f0>},
 'dfields_bkp': {'datasheet': <kibot.kicad.v6_sch.SchematicFieldV6 object at 0x7fa316fd32f0>,
                 'description': <kibot.kicad.v6_sch.SchematicFieldV6 object at 0x7fa316fd3390>,
                 'footprint': <kibot.kicad.v6_sch.SchematicFieldV6 object at 0x7fa316fd3250>,
                 'part': <kibot.kicad.v6_sch.SchematicFieldV6 object at 0x7fa316fd3430>,
                 'reference': <kibot.kicad.v6_sch.SchematicFieldV6 object at 0x7fa316fd31b0>,
                 'value': <kibot.kicad.v6_sch.SchematicFieldV6 object at 0x7fa316fd3110>},
 'exclude_from_sim': False,
 'field_ref': 'R10',
 'fields': [<kibot.kicad.v6_sch.SchematicFieldV6 object at 0x7fa316f2b750>,
            <kibot.kicad.v6_sch.SchematicFieldV6 object at 0x7fa316f2b7f0>,
            <kibot.kicad.v6_sch.SchematicFieldV6 object at 0x7fa316f2b6b0>,
            <kibot.kicad.v6_sch.SchematicFieldV6 object at 0x7fa316f2b610>,
            <kibot.kicad.v6_sch.SchematicFieldV6 object at 0x7fa316f2b4d0>,
            <kibot.kicad.v6_sch.SchematicFieldV6 object at 0x7fa316f2b570>],
 'fields_autoplaced': True,
 'fields_bkp': [<kibot.kicad.v6_sch.SchematicFieldV6 object at 0x7fa316fd31b0>,
                <kibot.kicad.v6_sch.SchematicFieldV6 object at 0x7fa316fd3110>,
                <kibot.kicad.v6_sch.SchematicFieldV6 object at 0x7fa316fd3250>,
                <kibot.kicad.v6_sch.SchematicFieldV6 object at 0x7fa316fd32f0>,
                <kibot.kicad.v6_sch.SchematicFieldV6 object at 0x7fa316fd3390>,
                <kibot.kicad.v6_sch.SchematicFieldV6 object at 0x7fa316fd3430>],
 'fitted': True,
 'fixed': False,
 'footprint': '',
 'footprint_h': 0,
 'footprint_lib': None,
 'footprint_rot': 0.0,
 'footprint_w': 0,
 'footprint_x': 0,
 'footprint_y': 0,
 'has_pcb_info': False,
 'id': '96d48e51-9f7b-46a1-aab0-e3b26762a92d',
 'in_bom': True,
 'in_bom_pcb': True,
 'in_pcb_only': False,
 'in_pos': True,
 'included': True,
 'is_power': False,
 'kicad_dnp': False,
 'lib': 'Device',
 'lib_id': 'Device:R_US',
 'lib_symbol': <kibot.kicad.v6_sch.LibComponent object at 0x7fa3170f7b10>,
 'local_name': None,
 'mirror': None,
 'name': 'R_US',
 'net_class': '',
 'net_name': '',
 'offset_footprint_rot': 0.0,
 'on_board': True,
 'p_path': '/f91fc3da-5f4a-447d-a72e-43c2dd640f87',
 'p_path_ori': '/f91fc3da-5f4a-447d-a72e-43c2dd640f87',
 'pad_properties': {},
 'parent_component': None,
 'parent_sheet': <kibot.kicad.v6_sch.SchematicV6 object at 0x7fa3170f5450>,
 'path': '/',
 'pin_alternates': {},
 'pins': OrderedDict([('1', '265f58c0-0a40-4824-913d-0f906a55ae1d'),
                      ('2', '6c27e490-7513-48a1-abc6-396afbba96c6')]),
 'pos_offset_x': None,
 'pos_offset_y': None,
 'project': 'iie_tp',
 'projects': [('iie_tp',
               [<kibot.kicad.v6_sch.SymbolInstance object at 0x7fa316f7c590>])],
 'qty': 1,
 'ref': 'R10',
 'ref_id': '',
 'ref_prefix': 'R',
 'ref_suffix': '10',
 'sheet_path': '/',
 'sheet_path_h': '/',
 'smd': False,
 'tht': False,
 'unit': 1,
 'unit_specified': True,
 'uuid': '96d48e51-9f7b-46a1-aab0-e3b26762a92d',
 'uuid_ori': '96d48e51-9f7b-46a1-aab0-e3b26762a92d',
 'value': '2k2',
 'value_sort': <kibot.bom.units.ParsedValue object at 0x7fa316fa5a70>,
 'virtual': False,
 'x': 87.63,
 'y': 127} (kibot - xlsx_writer.py:607)
DEBUG:{'all_instances': {'/f91fc3da-5f4a-447d-a72e-43c2dd640f87': <kibot.kicad.v6_sch.SymbolInstance object at 0x7fa316f7cf30>},
 'ang': 270,
 'annotation_error': False,
 'bottom': False,
 'convert': None,
 'datasheet': '~',
 'desc': '',
 'dfields': {'datasheet': <kibot.kicad.v6_sch.SchematicFieldV6 object at 0x7fa316f6c410>,
             'desc': <kibot.kicad.v6_sch.SchematicFieldV6 object at 0x7fa316f6c2d0>,
             'footprint': <kibot.kicad.v6_sch.SchematicFieldV6 object at 0x7fa316f6c4b0>,
             'part': <kibot.kicad.v6_sch.SchematicFieldV6 object at 0x7fa316f6c370>,
             'reference': <kibot.kicad.v6_sch.SchematicFieldV6 object at 0x7fa316f6c550>,
             'value': <kibot.kicad.v6_sch.SchematicFieldV6 object at 0x7fa316f6c5f0>},
 'dfields_bkp': {'datasheet': <kibot.kicad.v6_sch.SchematicFieldV6 object at 0x7fa316fd36b0>,
                 'description': <kibot.kicad.v6_sch.SchematicFieldV6 object at 0x7fa316fd3750>,
                 'footprint': <kibot.kicad.v6_sch.SchematicFieldV6 object at 0x7fa316fd3610>,
                 'part': <kibot.kicad.v6_sch.SchematicFieldV6 object at 0x7fa316fd37f0>,
                 'reference': <kibot.kicad.v6_sch.SchematicFieldV6 object at 0x7fa316fd3570>,
                 'value': <kibot.kicad.v6_sch.SchematicFieldV6 object at 0x7fa316fd34d0>},
 'exclude_from_sim': False,
 'field_ref': 'R11',
 'fields': [<kibot.kicad.v6_sch.SchematicFieldV6 object at 0x7fa316f6c550>,
            <kibot.kicad.v6_sch.SchematicFieldV6 object at 0x7fa316f6c5f0>,
            <kibot.kicad.v6_sch.SchematicFieldV6 object at 0x7fa316f6c4b0>,
            <kibot.kicad.v6_sch.SchematicFieldV6 object at 0x7fa316f6c410>,
            <kibot.kicad.v6_sch.SchematicFieldV6 object at 0x7fa316f6c2d0>,
            <kibot.kicad.v6_sch.SchematicFieldV6 object at 0x7fa316f6c370>],
 'fields_autoplaced': True,
 'fields_bkp': [<kibot.kicad.v6_sch.SchematicFieldV6 object at 0x7fa316fd3570>,
                <kibot.kicad.v6_sch.SchematicFieldV6 object at 0x7fa316fd34d0>,
                <kibot.kicad.v6_sch.SchematicFieldV6 object at 0x7fa316fd3610>,
                <kibot.kicad.v6_sch.SchematicFieldV6 object at 0x7fa316fd36b0>,
                <kibot.kicad.v6_sch.SchematicFieldV6 object at 0x7fa316fd3750>,
                <kibot.kicad.v6_sch.SchematicFieldV6 object at 0x7fa316fd37f0>],
 'fitted': True,
 'fixed': False,
 'footprint': '',
 'footprint_h': 0,
 'footprint_lib': None,
 'footprint_rot': 0.0,
 'footprint_w': 0,
 'footprint_x': 0,
 'footprint_y': 0,
 'has_pcb_info': False,
 'id': 'ceed1f30-dfca-4b4d-a071-a7b6d0e027e6',
 'in_bom': True,
 'in_bom_pcb': True,
 'in_pcb_only': False,
 'in_pos': True,
 'included': True,
 'is_power': False,
 'kicad_dnp': False,
 'lib': 'Device',
 'lib_id': 'Device:R_US',
 'lib_symbol': <kibot.kicad.v6_sch.LibComponent object at 0x7fa3170f7b10>,
 'local_name': None,
 'mirror': None,
 'name': 'R_US',
 'net_class': '',
 'net_name': '',
 'offset_footprint_rot': 0.0,
 'on_board': True,
 'p_path': '/f91fc3da-5f4a-447d-a72e-43c2dd640f87',
 'p_path_ori': '/f91fc3da-5f4a-447d-a72e-43c2dd640f87',
 'pad_properties': {},
 'parent_component': None,
 'parent_sheet': <kibot.kicad.v6_sch.SchematicV6 object at 0x7fa3170f5450>,
 'path': '/',
 'pin_alternates': {},
 'pins': OrderedDict([('1', 'd72c7b8a-4b22-463d-b44f-671835c8d11b'),
                      ('2', '844837ed-6a84-427e-95cd-70ff0a17692e')]),
 'pos_offset_x': None,
 'pos_offset_y': None,
 'project': 'iie_tp',
 'projects': [('iie_tp',
               [<kibot.kicad.v6_sch.SymbolInstance object at 0x7fa316f7cf30>])],
 'qty': 1,
 'ref': 'R11',
 'ref_id': '',
 'ref_prefix': 'R',
 'ref_suffix': '11',
 'sheet_path': '/',
 'sheet_path_h': '/',
 'smd': False,
 'tht': False,
 'unit': 1,
 'unit_specified': True,
 'uuid': 'ceed1f30-dfca-4b4d-a071-a7b6d0e027e6',
 'uuid_ori': 'ceed1f30-dfca-4b4d-a071-a7b6d0e027e6',
 'value': '2k2',
 'value_sort': <kibot.bom.units.ParsedValue object at 0x7fa316fa5a70>,
 'virtual': False,
 'x': 87.63,
 'y': 137.16} (kibot - xlsx_writer.py:607)
DEBUG:{'all_instances': {'/f91fc3da-5f4a-447d-a72e-43c2dd640f87': <kibot.kicad.v6_sch.SymbolInstance object at 0x7fa316f7c750>},
 'ang': 90,
 'annotation_error': False,
 'bottom': False,
 'convert': None,
 'datasheet': '~',
 'desc': '',
 'dfields': {'datasheet': <kibot.kicad.v6_sch.SchematicFieldV6 object at 0x7fa316f6d310>,
             'desc': <kibot.kicad.v6_sch.SchematicFieldV6 object at 0x7fa316f6d1d0>,
             'footprint': <kibot.kicad.v6_sch.SchematicFieldV6 object at 0x7fa316f6d3b0>,
             'part': <kibot.kicad.v6_sch.SchematicFieldV6 object at 0x7fa316f6d270>,
             'reference': <kibot.kicad.v6_sch.SchematicFieldV6 object at 0x7fa316f6d450>,
             'value': <kibot.kicad.v6_sch.SchematicFieldV6 object at 0x7fa316f6d4f0>},
 'dfields_bkp': {'datasheet': <kibot.kicad.v6_sch.SchematicFieldV6 object at 0x7fa316fd3a70>,
                 'description': <kibot.kicad.v6_sch.SchematicFieldV6 object at 0x7fa316fd3b10>,
                 'footprint': <kibot.kicad.v6_sch.SchematicFieldV6 object at 0x7fa316fd39d0>,
                 'part': <kibot.kicad.v6_sch.SchematicFieldV6 object at 0x7fa316fd3bb0>,
                 'reference': <kibot.kicad.v6_sch.SchematicFieldV6 object at 0x7fa316fd3930>,
                 'value': <kibot.kicad.v6_sch.SchematicFieldV6 object at 0x7fa316fd3890>},
 'exclude_from_sim': False,
 'field_ref': 'R12',
 'fields': [<kibot.kicad.v6_sch.SchematicFieldV6 object at 0x7fa316f6d450>,
            <kibot.kicad.v6_sch.SchematicFieldV6 object at 0x7fa316f6d4f0>,
            <kibot.kicad.v6_sch.SchematicFieldV6 object at 0x7fa316f6d3b0>,
            <kibot.kicad.v6_sch.SchematicFieldV6 object at 0x7fa316f6d310>,
            <kibot.kicad.v6_sch.SchematicFieldV6 object at 0x7fa316f6d1d0>,
            <kibot.kicad.v6_sch.SchematicFieldV6 object at 0x7fa316f6d270>],
 'fields_autoplaced': True,
 'fields_bkp': [<kibot.kicad.v6_sch.SchematicFieldV6 object at 0x7fa316fd3930>,
                <kibot.kicad.v6_sch.SchematicFieldV6 object at 0x7fa316fd3890>,
                <kibot.kicad.v6_sch.SchematicFieldV6 object at 0x7fa316fd39d0>,
                <kibot.kicad.v6_sch.SchematicFieldV6 object at 0x7fa316fd3a70>,
                <kibot.kicad.v6_sch.SchematicFieldV6 object at 0x7fa316fd3b10>,
                <kibot.kicad.v6_sch.SchematicFieldV6 object at 0x7fa316fd3bb0>],
 'fitted': True,
 'fixed': False,
 'footprint': '',
 'footprint_h': 0,
 'footprint_lib': None,
 'footprint_rot': 0.0,
 'footprint_w': 0,
 'footprint_x': 0,
 'footprint_y': 0,
 'has_pcb_info': False,
 'id': '9c689ad6-a576-45a0-8d53-ad7cc266ef1c',
 'in_bom': True,
 'in_bom_pcb': True,
 'in_pcb_only': False,
 'in_pos': True,
 'included': True,
 'is_power': False,
 'kicad_dnp': False,
 'lib': 'Device',
 'lib_id': 'Device:R_US',
 'lib_symbol': <kibot.kicad.v6_sch.LibComponent object at 0x7fa3170f7b10>,
 'local_name': None,
 'mirror': None,
 'name': 'R_US',
 'net_class': '',
 'net_name': '',
 'offset_footprint_rot': 0.0,
 'on_board': True,
 'p_path': '/f91fc3da-5f4a-447d-a72e-43c2dd640f87',
 'p_path_ori': '/f91fc3da-5f4a-447d-a72e-43c2dd640f87',
 'pad_properties': {},
 'parent_component': None,
 'parent_sheet': <kibot.kicad.v6_sch.SchematicV6 object at 0x7fa3170f5450>,
 'path': '/',
 'pin_alternates': {},
 'pins': OrderedDict([('1', '1ab938bc-cef7-4bad-8008-a9e680021a63'),
                      ('2', '70b14e3c-9366-447b-b255-822fce4e783a')]),
 'pos_offset_x': None,
 'pos_offset_y': None,
 'project': 'iie_tp',
 'projects': [('iie_tp',
               [<kibot.kicad.v6_sch.SymbolInstance object at 0x7fa316f7c750>])],
 'qty': 1,
 'ref': 'R12',
 'ref_id': '',
 'ref_prefix': 'R',
 'ref_suffix': '12',
 'sheet_path': '/',
 'sheet_path_h': '/',
 'smd': False,
 'tht': False,
 'unit': 1,
 'unit_specified': True,
 'uuid': '9c689ad6-a576-45a0-8d53-ad7cc266ef1c',
 'uuid_ori': '9c689ad6-a576-45a0-8d53-ad7cc266ef1c',
 'value': '2k2',
 'value_sort': <kibot.bom.units.ParsedValue object at 0x7fa316fa5a70>,
 'virtual': False,
 'x': 97.79,
 'y': 127} (kibot - xlsx_writer.py:607)
DEBUG:{'all_instances': {'/f91fc3da-5f4a-447d-a72e-43c2dd640f87': <kibot.kicad.v6_sch.SymbolInstance object at 0x7fa316f49f60>},
 'ang': 270,
 'annotation_error': False,
 'bottom': False,
 'convert': None,
 'datasheet': '~',
 'desc': '',
 'dfields': {'datasheet': <kibot.kicad.v6_sch.SchematicFieldV6 object at 0x7fa316f82210>,
             'desc': <kibot.kicad.v6_sch.SchematicFieldV6 object at 0x7fa316f820d0>,
             'footprint': <kibot.kicad.v6_sch.SchematicFieldV6 object at 0x7fa316f822b0>,
             'part': <kibot.kicad.v6_sch.SchematicFieldV6 object at 0x7fa316f82170>,
             'reference': <kibot.kicad.v6_sch.SchematicFieldV6 object at 0x7fa316f82350>,
             'value': <kibot.kicad.v6_sch.SchematicFieldV6 object at 0x7fa316f823f0>},
 'dfields_bkp': {'datasheet': <kibot.kicad.v6_sch.SchematicFieldV6 object at 0x7fa316fd3e30>,
                 'description': <kibot.kicad.v6_sch.SchematicFieldV6 object at 0x7fa316fd3ed0>,
                 'footprint': <kibot.kicad.v6_sch.SchematicFieldV6 object at 0x7fa316fd3d90>,
                 'part': <kibot.kicad.v6_sch.SchematicFieldV6 object at 0x7fa316fd3f70>,
                 'reference': <kibot.kicad.v6_sch.SchematicFieldV6 object at 0x7fa316fd3cf0>,
                 'value': <kibot.kicad.v6_sch.SchematicFieldV6 object at 0x7fa316fd3c50>},
 'exclude_from_sim': False,
 'field_ref': 'R13',
 'fields': [<kibot.kicad.v6_sch.SchematicFieldV6 object at 0x7fa316f82350>,
            <kibot.kicad.v6_sch.SchematicFieldV6 object at 0x7fa316f823f0>,
            <kibot.kicad.v6_sch.SchematicFieldV6 object at 0x7fa316f822b0>,
            <kibot.kicad.v6_sch.SchematicFieldV6 object at 0x7fa316f82210>,
            <kibot.kicad.v6_sch.SchematicFieldV6 object at 0x7fa316f820d0>,
            <kibot.kicad.v6_sch.SchematicFieldV6 object at 0x7fa316f82170>],
 'fields_autoplaced': True,
 'fields_bkp': [<kibot.kicad.v6_sch.SchematicFieldV6 object at 0x7fa316fd3cf0>,
                <kibot.kicad.v6_sch.SchematicFieldV6 object at 0x7fa316fd3c50>,
                <kibot.kicad.v6_sch.SchematicFieldV6 object at 0x7fa316fd3d90>,
                <kibot.kicad.v6_sch.SchematicFieldV6 object at 0x7fa316fd3e30>,
                <kibot.kicad.v6_sch.SchematicFieldV6 object at 0x7fa316fd3ed0>,
                <kibot.kicad.v6_sch.SchematicFieldV6 object at 0x7fa316fd3f70>],
 'fitted': True,
 'fixed': False,
 'footprint': '',
 'footprint_h': 0,
 'footprint_lib': None,
 'footprint_rot': 0.0,
 'footprint_w': 0,
 'footprint_x': 0,
 'footprint_y': 0,
 'has_pcb_info': False,
 'id': '1c4da6f2-0f6f-48bc-8419-b12d4d7ce31d',
 'in_bom': True,
 'in_bom_pcb': True,
 'in_pcb_only': False,
 'in_pos': True,
 'included': True,
 'is_power': False,
 'kicad_dnp': False,
 'lib': 'Device',
 'lib_id': 'Device:R_US',
 'lib_symbol': <kibot.kicad.v6_sch.LibComponent object at 0x7fa3170f7b10>,
 'local_name': None,
 'mirror': None,
 'name': 'R_US',
 'net_class': '',
 'net_name': '',
 'offset_footprint_rot': 0.0,
 'on_board': True,
 'p_path': '/f91fc3da-5f4a-447d-a72e-43c2dd640f87',
 'p_path_ori': '/f91fc3da-5f4a-447d-a72e-43c2dd640f87',
 'pad_properties': {},
 'parent_component': None,
 'parent_sheet': <kibot.kicad.v6_sch.SchematicV6 object at 0x7fa3170f5450>,
 'path': '/',
 'pin_alternates': {},
 'pins': OrderedDict([('1', 'e23f7b73-0efd-4654-9c97-297429eb4d7c'),
                      ('2', 'cda9d35f-2347-4bff-83b6-191abd3fc9bb')]),
 'pos_offset_x': None,
 'pos_offset_y': None,
 'project': 'iie_tp',
 'projects': [('iie_tp',
               [<kibot.kicad.v6_sch.SymbolInstance object at 0x7fa316f49f60>])],
 'qty': 1,
 'ref': 'R13',
 'ref_id': '',
 'ref_prefix': 'R',
 'ref_suffix': '13',
 'sheet_path': '/',
 'sheet_path_h': '/',
 'smd': False,
 'tht': False,
 'unit': 1,
 'unit_specified': True,
 'uuid': '1c4da6f2-0f6f-48bc-8419-b12d4d7ce31d',
 'uuid_ori': '1c4da6f2-0f6f-48bc-8419-b12d4d7ce31d',
 'value': '2k2',
 'value_sort': <kibot.bom.units.ParsedValue object at 0x7fa316fa5a70>,
 'virtual': False,
 'x': 97.79,
 'y': 137.16} (kibot - xlsx_writer.py:607)
DEBUG:{'all_instances': {'/f91fc3da-5f4a-447d-a72e-43c2dd640f87': <kibot.kicad.v6_sch.SymbolInstance object at 0x7fa316f7cc90>},
 'ang': 90,
 'annotation_error': False,
 'bottom': False,
 'convert': None,
 'datasheet': '~',
 'desc': '',
 'dfields': {'datasheet': <kibot.kicad.v6_sch.SchematicFieldV6 object at 0x7fa316f6c050>,
             'desc': <kibot.kicad.v6_sch.SchematicFieldV6 object at 0x7fa316f57ed0>,
             'footprint': <kibot.kicad.v6_sch.SchematicFieldV6 object at 0x7fa316f6c0f0>,
             'part': <kibot.kicad.v6_sch.SchematicFieldV6 object at 0x7fa316f57f70>,
             'reference': <kibot.kicad.v6_sch.SchematicFieldV6 object at 0x7fa316f6c190>,
             'value': <kibot.kicad.v6_sch.SchematicFieldV6 object at 0x7fa316f6c230>},
 'dfields_bkp': {'datasheet': <kibot.kicad.v6_sch.SchematicFieldV6 object at 0x7fa316fb8230>,
                 'description': <kibot.kicad.v6_sch.SchematicFieldV6 object at 0x7fa316fb82d0>,
                 'footprint': <kibot.kicad.v6_sch.SchematicFieldV6 object at 0x7fa316fb8190>,
                 'part': <kibot.kicad.v6_sch.SchematicFieldV6 object at 0x7fa316fb8370>,
                 'reference': <kibot.kicad.v6_sch.SchematicFieldV6 object at 0x7fa316fb80f0>,
                 'value': <kibot.kicad.v6_sch.SchematicFieldV6 object at 0x7fa316fb8050>},
 'exclude_from_sim': False,
 'field_ref': 'R14',
 'fields': [<kibot.kicad.v6_sch.SchematicFieldV6 object at 0x7fa316f6c190>,
            <kibot.kicad.v6_sch.SchematicFieldV6 object at 0x7fa316f6c230>,
            <kibot.kicad.v6_sch.SchematicFieldV6 object at 0x7fa316f6c0f0>,
            <kibot.kicad.v6_sch.SchematicFieldV6 object at 0x7fa316f6c050>,
            <kibot.kicad.v6_sch.SchematicFieldV6 object at 0x7fa316f57ed0>,
            <kibot.kicad.v6_sch.SchematicFieldV6 object at 0x7fa316f57f70>],
 'fields_autoplaced': True,
 'fields_bkp': [<kibot.kicad.v6_sch.SchematicFieldV6 object at 0x7fa316fb80f0>,
                <kibot.kicad.v6_sch.SchematicFieldV6 object at 0x7fa316fb8050>,
                <kibot.kicad.v6_sch.SchematicFieldV6 object at 0x7fa316fb8190>,
                <kibot.kicad.v6_sch.SchematicFieldV6 object at 0x7fa316fb8230>,
                <kibot.kicad.v6_sch.SchematicFieldV6 object at 0x7fa316fb82d0>,
                <kibot.kicad.v6_sch.SchematicFieldV6 object at 0x7fa316fb8370>],
 'fitted': True,
 'fixed': False,
 'footprint': '',
 'footprint_h': 0,
 'footprint_lib': None,
 'footprint_rot': 0.0,
 'footprint_w': 0,
 'footprint_x': 0,
 'footprint_y': 0,
 'has_pcb_info': False,
 'id': 'c3d1dabe-821e-4729-a6f8-84d5a41ce7e0',
 'in_bom': True,
 'in_bom_pcb': True,
 'in_pcb_only': False,
 'in_pos': True,
 'included': True,
 'is_power': False,
 'kicad_dnp': False,
 'lib': 'Device',
 'lib_id': 'Device:R_US',
 'lib_symbol': <kibot.kicad.v6_sch.LibComponent object at 0x7fa3170f7b10>,
 'local_name': None,
 'mirror': None,
 'name': 'R_US',
 'net_class': '',
 'net_name': '',
 'offset_footprint_rot': 0.0,
 'on_board': True,
 'p_path': '/f91fc3da-5f4a-447d-a72e-43c2dd640f87',
 'p_path_ori': '/f91fc3da-5f4a-447d-a72e-43c2dd640f87',
 'pad_properties': {},
 'parent_component': None,
 'parent_sheet': <kibot.kicad.v6_sch.SchematicV6 object at 0x7fa3170f5450>,
 'path': '/',
 'pin_alternates': {},
 'pins': OrderedDict([('1', '3859527c-e021-458d-adc9-dfd0c67b6acc'),
                      ('2', 'fccf948e-264c-45df-ab2f-d01bf02abdb6')]),
 'pos_offset_x': None,
 'pos_offset_y': None,
 'project': 'iie_tp',
 'projects': [('iie_tp',
               [<kibot.kicad.v6_sch.SymbolInstance object at 0x7fa316f7cc90>])],
 'qty': 1,
 'ref': 'R14',
 'ref_id': '',
 'ref_prefix': 'R',
 'ref_suffix': '14',
 'sheet_path': '/',
 'sheet_path_h': '/',
 'smd': False,
 'tht': False,
 'unit': 1,
 'unit_specified': True,
 'uuid': 'c3d1dabe-821e-4729-a6f8-84d5a41ce7e0',
 'uuid_ori': 'c3d1dabe-821e-4729-a6f8-84d5a41ce7e0',
 'value': '2k2',
 'value_sort': <kibot.bom.units.ParsedValue object at 0x7fa316fa5a70>,
 'virtual': False,
 'x': 87.63,
 'y': 147.32} (kibot - xlsx_writer.py:607)
DEBUG:{'all_instances': {'/f91fc3da-5f4a-447d-a72e-43c2dd640f87': <kibot.kicad.v6_sch.SymbolInstance object at 0x7fa316f4a820>},
 'ang': 270,
 'annotation_error': False,
 'bottom': False,
 'convert': None,
 'datasheet': '~',
 'desc': '',
 'dfields': {'datasheet': <kibot.kicad.v6_sch.SchematicFieldV6 object at 0x7fa316f90f50>,
             'desc': <kibot.kicad.v6_sch.SchematicFieldV6 object at 0x7fa316f90e10>,
             'footprint': <kibot.kicad.v6_sch.SchematicFieldV6 object at 0x7fa316f90ff0>,
             'part': <kibot.kicad.v6_sch.SchematicFieldV6 object at 0x7fa316f90eb0>,
             'reference': <kibot.kicad.v6_sch.SchematicFieldV6 object at 0x7fa316f91090>,
             'value': <kibot.kicad.v6_sch.SchematicFieldV6 object at 0x7fa316f91130>},
 'dfields_bkp': {'datasheet': <kibot.kicad.v6_sch.SchematicFieldV6 object at 0x7fa316fb85f0>,
                 'description': <kibot.kicad.v6_sch.SchematicFieldV6 object at 0x7fa316fb8690>,
                 'footprint': <kibot.kicad.v6_sch.SchematicFieldV6 object at 0x7fa316fb8550>,
                 'part': <kibot.kicad.v6_sch.SchematicFieldV6 object at 0x7fa316fb8730>,
                 'reference': <kibot.kicad.v6_sch.SchematicFieldV6 object at 0x7fa316fb84b0>,
                 'value': <kibot.kicad.v6_sch.SchematicFieldV6 object at 0x7fa316fb8410>},
 'exclude_from_sim': False,
 'field_ref': 'R15',
 'fields': [<kibot.kicad.v6_sch.SchematicFieldV6 object at 0x7fa316f91090>,
            <kibot.kicad.v6_sch.SchematicFieldV6 object at 0x7fa316f91130>,
            <kibot.kicad.v6_sch.SchematicFieldV6 object at 0x7fa316f90ff0>,
            <kibot.kicad.v6_sch.SchematicFieldV6 object at 0x7fa316f90f50>,
            <kibot.kicad.v6_sch.SchematicFieldV6 object at 0x7fa316f90e10>,
            <kibot.kicad.v6_sch.SchematicFieldV6 object at 0x7fa316f90eb0>],
 'fields_autoplaced': True,
 'fields_bkp': [<kibot.kicad.v6_sch.SchematicFieldV6 object at 0x7fa316fb84b0>,
                <kibot.kicad.v6_sch.SchematicFieldV6 object at 0x7fa316fb8410>,
                <kibot.kicad.v6_sch.SchematicFieldV6 object at 0x7fa316fb8550>,
                <kibot.kicad.v6_sch.SchematicFieldV6 object at 0x7fa316fb85f0>,
                <kibot.kicad.v6_sch.SchematicFieldV6 object at 0x7fa316fb8690>,
                <kibot.kicad.v6_sch.SchematicFieldV6 object at 0x7fa316fb8730>],
 'fitted': True,
 'fixed': False,
 'footprint': '',
 'footprint_h': 0,
 'footprint_lib': None,
 'footprint_rot': 0.0,
 'footprint_w': 0,
 'footprint_x': 0,
 'footprint_y': 0,
 'has_pcb_info': False,
 'id': '3211fa72-d7f6-465b-bacb-5d15cadf544d',
 'in_bom': True,
 'in_bom_pcb': True,
 'in_pcb_only': False,
 'in_pos': True,
 'included': True,
 'is_power': False,
 'kicad_dnp': False,
 'lib': 'Device',
 'lib_id': 'Device:R_US',
 'lib_symbol': <kibot.kicad.v6_sch.LibComponent object at 0x7fa3170f7b10>,
 'local_name': None,
 'mirror': None,
 'name': 'R_US',
 'net_class': '',
 'net_name': '',
 'offset_footprint_rot': 0.0,
 'on_board': True,
 'p_path': '/f91fc3da-5f4a-447d-a72e-43c2dd640f87',
 'p_path_ori': '/f91fc3da-5f4a-447d-a72e-43c2dd640f87',
 'pad_properties': {},
 'parent_component': None,
 'parent_sheet': <kibot.kicad.v6_sch.SchematicV6 object at 0x7fa3170f5450>,
 'path': '/',
 'pin_alternates': {},
 'pins': OrderedDict([('1', 'b95b6a96-8fb2-471c-aef3-5577432bcce0'),
                      ('2', 'e6596f96-26a9-4cd6-b069-cb0b3bd04edc')]),
 'pos_offset_x': None,
 'pos_offset_y': None,
 'project': 'iie_tp',
 'projects': [('iie_tp',
               [<kibot.kicad.v6_sch.SymbolInstance object at 0x7fa316f4a820>])],
 'qty': 1,
 'ref': 'R15',
 'ref_id': '',
 'ref_prefix': 'R',
 'ref_suffix': '15',
 'sheet_path': '/',
 'sheet_path_h': '/',
 'smd': False,
 'tht': False,
 'unit': 1,
 'unit_specified': True,
 'uuid': '3211fa72-d7f6-465b-bacb-5d15cadf544d',
 'uuid_ori': '3211fa72-d7f6-465b-bacb-5d15cadf544d',
 'value': '2k2',
 'value_sort': <kibot.bom.units.ParsedValue object at 0x7fa316fa5a70>,
 'virtual': False,
 'x': 87.63,
 'y': 157.48} (kibot - xlsx_writer.py:607)
DEBUG:{'all_instances': {'/f91fc3da-5f4a-447d-a72e-43c2dd640f87': <kibot.kicad.v6_sch.SymbolInstance object at 0x7fa316f4b9a0>},
 'ang': 90,
 'annotation_error': False,
 'bottom': False,
 'convert': None,
 'datasheet': '~',
 'desc': '',
 'dfields': {'datasheet': <kibot.kicad.v6_sch.SchematicFieldV6 object at 0x7fa316f2b250>,
             'desc': <kibot.kicad.v6_sch.SchematicFieldV6 object at 0x7fa316f2b110>,
             'footprint': <kibot.kicad.v6_sch.SchematicFieldV6 object at 0x7fa316f2b2f0>,
             'part': <kibot.kicad.v6_sch.SchematicFieldV6 object at 0x7fa316f2b1b0>,
             'reference': <kibot.kicad.v6_sch.SchematicFieldV6 object at 0x7fa316f2b390>,
             'value': <kibot.kicad.v6_sch.SchematicFieldV6 object at 0x7fa316f2b430>},
 'dfields_bkp': {'datasheet': <kibot.kicad.v6_sch.SchematicFieldV6 object at 0x7fa316fb89b0>,
                 'description': <kibot.kicad.v6_sch.SchematicFieldV6 object at 0x7fa316fb8a50>,
                 'footprint': <kibot.kicad.v6_sch.SchematicFieldV6 object at 0x7fa316fb8910>,
                 'part': <kibot.kicad.v6_sch.SchematicFieldV6 object at 0x7fa316fb8af0>,
                 'reference': <kibot.kicad.v6_sch.SchematicFieldV6 object at 0x7fa316fb8870>,
                 'value': <kibot.kicad.v6_sch.SchematicFieldV6 object at 0x7fa316fb87d0>},
 'exclude_from_sim': False,
 'field_ref': 'R16',
 'fields': [<kibot.kicad.v6_sch.SchematicFieldV6 object at 0x7fa316f2b390>,
            <kibot.kicad.v6_sch.SchematicFieldV6 object at 0x7fa316f2b430>,
            <kibot.kicad.v6_sch.SchematicFieldV6 object at 0x7fa316f2b2f0>,
            <kibot.kicad.v6_sch.SchematicFieldV6 object at 0x7fa316f2b250>,
            <kibot.kicad.v6_sch.SchematicFieldV6 object at 0x7fa316f2b110>,
            <kibot.kicad.v6_sch.SchematicFieldV6 object at 0x7fa316f2b1b0>],
 'fields_autoplaced': True,
 'fields_bkp': [<kibot.kicad.v6_sch.SchematicFieldV6 object at 0x7fa316fb8870>,
                <kibot.kicad.v6_sch.SchematicFieldV6 object at 0x7fa316fb87d0>,
                <kibot.kicad.v6_sch.SchematicFieldV6 object at 0x7fa316fb8910>,
                <kibot.kicad.v6_sch.SchematicFieldV6 object at 0x7fa316fb89b0>,
                <kibot.kicad.v6_sch.SchematicFieldV6 object at 0x7fa316fb8a50>,
                <kibot.kicad.v6_sch.SchematicFieldV6 object at 0x7fa316fb8af0>],
 'fitted': True,
 'fixed': False,
 'footprint': '',
 'footprint_h': 0,
 'footprint_lib': None,
 'footprint_rot': 0.0,
 'footprint_w': 0,
 'footprint_x': 0,
 'footprint_y': 0,
 'has_pcb_info': False,
 'id': '7504ad67-b71b-4429-917f-8574847b884c',
 'in_bom': True,
 'in_bom_pcb': True,
 'in_pcb_only': False,
 'in_pos': True,
 'included': True,
 'is_power': False,
 'kicad_dnp': False,
 'lib': 'Device',
 'lib_id': 'Device:R_US',
 'lib_symbol': <kibot.kicad.v6_sch.LibComponent object at 0x7fa3170f7b10>,
 'local_name': None,
 'mirror': None,
 'name': 'R_US',
 'net_class': '',
 'net_name': '',
 'offset_footprint_rot': 0.0,
 'on_board': True,
 'p_path': '/f91fc3da-5f4a-447d-a72e-43c2dd640f87',
 'p_path_ori': '/f91fc3da-5f4a-447d-a72e-43c2dd640f87',
 'pad_properties': {},
 'parent_component': None,
 'parent_sheet': <kibot.kicad.v6_sch.SchematicV6 object at 0x7fa3170f5450>,
 'path': '/',
 'pin_alternates': {},
 'pins': OrderedDict([('1', 'e1473407-700e-4b0a-9854-518cde7ee903'),
                      ('2', 'e182d992-105f-4099-bc46-c7fb13191549')]),
 'pos_offset_x': None,
 'pos_offset_y': None,
 'project': 'iie_tp',
 'projects': [('iie_tp',
               [<kibot.kicad.v6_sch.SymbolInstance object at 0x7fa316f4b9a0>])],
 'qty': 1,
 'ref': 'R16',
 'ref_id': '',
 'ref_prefix': 'R',
 'ref_suffix': '16',
 'sheet_path': '/',
 'sheet_path_h': '/',
 'smd': False,
 'tht': False,
 'unit': 1,
 'unit_specified': True,
 'uuid': '7504ad67-b71b-4429-917f-8574847b884c',
 'uuid_ori': '7504ad67-b71b-4429-917f-8574847b884c',
 'value': '2k2',
 'value_sort': <kibot.bom.units.ParsedValue object at 0x7fa316fa5a70>,
 'virtual': False,
 'x': 97.79,
 'y': 147.32} (kibot - xlsx_writer.py:607)
DEBUG:{'all_instances': {'/f91fc3da-5f4a-447d-a72e-43c2dd640f87': <kibot.kicad.v6_sch.SymbolInstance object at 0x7fa316f4a200>},
 'ang': 270,
 'annotation_error': False,
 'bottom': False,
 'convert': None,
 'datasheet': '~',
 'desc': '',
 'dfields': {'datasheet': <kibot.kicad.v6_sch.SchematicFieldV6 object at 0x7fa316f81310>,
             'desc': <kibot.kicad.v6_sch.SchematicFieldV6 object at 0x7fa316f811d0>,
             'footprint': <kibot.kicad.v6_sch.SchematicFieldV6 object at 0x7fa316f813b0>,
             'part': <kibot.kicad.v6_sch.SchematicFieldV6 object at 0x7fa316f81270>,
             'reference': <kibot.kicad.v6_sch.SchematicFieldV6 object at 0x7fa316f81450>,
             'value': <kibot.kicad.v6_sch.SchematicFieldV6 object at 0x7fa316f814f0>},
 'dfields_bkp': {'datasheet': <kibot.kicad.v6_sch.SchematicFieldV6 object at 0x7fa316fb8d70>,
                 'description': <kibot.kicad.v6_sch.SchematicFieldV6 object at 0x7fa316fb8e10>,
                 'footprint': <kibot.kicad.v6_sch.SchematicFieldV6 object at 0x7fa316fb8cd0>,
                 'part': <kibot.kicad.v6_sch.SchematicFieldV6 object at 0x7fa316fb8eb0>,
                 'reference': <kibot.kicad.v6_sch.SchematicFieldV6 object at 0x7fa316fb8c30>,
                 'value': <kibot.kicad.v6_sch.SchematicFieldV6 object at 0x7fa316fb8b90>},
 'exclude_from_sim': False,
 'field_ref': 'R17',
 'fields': [<kibot.kicad.v6_sch.SchematicFieldV6 object at 0x7fa316f81450>,
            <kibot.kicad.v6_sch.SchematicFieldV6 object at 0x7fa316f814f0>,
            <kibot.kicad.v6_sch.SchematicFieldV6 object at 0x7fa316f813b0>,
            <kibot.kicad.v6_sch.SchematicFieldV6 object at 0x7fa316f81310>,
            <kibot.kicad.v6_sch.SchematicFieldV6 object at 0x7fa316f811d0>,
            <kibot.kicad.v6_sch.SchematicFieldV6 object at 0x7fa316f81270>],
 'fields_autoplaced': True,
 'fields_bkp': [<kibot.kicad.v6_sch.SchematicFieldV6 object at 0x7fa316fb8c30>,
                <kibot.kicad.v6_sch.SchematicFieldV6 object at 0x7fa316fb8b90>,
                <kibot.kicad.v6_sch.SchematicFieldV6 object at 0x7fa316fb8cd0>,
                <kibot.kicad.v6_sch.SchematicFieldV6 object at 0x7fa316fb8d70>,
                <kibot.kicad.v6_sch.SchematicFieldV6 object at 0x7fa316fb8e10>,
                <kibot.kicad.v6_sch.SchematicFieldV6 object at 0x7fa316fb8eb0>],
 'fitted': True,
 'fixed': False,
 'footprint': '',
 'footprint_h': 0,
 'footprint_lib': None,
 'footprint_rot': 0.0,
 'footprint_w': 0,
 'footprint_x': 0,
 'footprint_y': 0,
 'has_pcb_info': False,
 'id': '29eea12d-00dc-4558-856a-f11c9c24a67c',
 'in_bom': True,
 'in_bom_pcb': True,
 'in_pcb_only': False,
 'in_pos': True,
 'included': True,
 'is_power': False,
 'kicad_dnp': False,
 'lib': 'Device',
 'lib_id': 'Device:R_US',
 'lib_symbol': <kibot.kicad.v6_sch.LibComponent object at 0x7fa3170f7b10>,
 'local_name': None,
 'mirror': None,
 'name': 'R_US',
 'net_class': '',
 'net_name': '',
 'offset_footprint_rot': 0.0,
 'on_board': True,
 'p_path': '/f91fc3da-5f4a-447d-a72e-43c2dd640f87',
 'p_path_ori': '/f91fc3da-5f4a-447d-a72e-43c2dd640f87',
 'pad_properties': {},
 'parent_component': None,
 'parent_sheet': <kibot.kicad.v6_sch.SchematicV6 object at 0x7fa3170f5450>,
 'path': '/',
 'pin_alternates': {},
 'pins': OrderedDict([('1', '6c2b9150-e956-4156-9a57-e2e80e61cb55'),
                      ('2', '26d0597d-8ecb-4da1-affb-4fc1267500b8')]),
 'pos_offset_x': None,
 'pos_offset_y': None,
 'project': 'iie_tp',
 'projects': [('iie_tp',
               [<kibot.kicad.v6_sch.SymbolInstance object at 0x7fa316f4a200>])],
 'qty': 1,
 'ref': 'R17',
 'ref_id': '',
 'ref_prefix': 'R',
 'ref_suffix': '17',
 'sheet_path': '/',
 'sheet_path_h': '/',
 'smd': False,
 'tht': False,
 'unit': 1,
 'unit_specified': True,
 'uuid': '29eea12d-00dc-4558-856a-f11c9c24a67c',
 'uuid_ori': '29eea12d-00dc-4558-856a-f11c9c24a67c',
 'value': '2k2',
 'value_sort': <kibot.bom.units.ParsedValue object at 0x7fa316fa5a70>,
 'virtual': False,
 'x': 97.79,
 'y': 157.48} (kibot - xlsx_writer.py:607)
DEBUG:{'all_instances': {'/f91fc3da-5f4a-447d-a72e-43c2dd640f87': <kibot.kicad.v6_sch.SymbolInstance object at 0x7fa316f4bc40>},
 'ang': 0,
 'annotation_error': False,
 'bottom': False,
 'convert': None,
 'datasheet': '~',
 'desc': '',
 'dfields': {'datasheet': <kibot.kicad.v6_sch.SchematicFieldV6 object at 0x7fa316f83c50>,
             'desc': <kibot.kicad.v6_sch.SchematicFieldV6 object at 0x7fa316f83b10>,
             'footprint': <kibot.kicad.v6_sch.SchematicFieldV6 object at 0x7fa316f83cf0>,
             'part': <kibot.kicad.v6_sch.SchematicFieldV6 object at 0x7fa316f83bb0>,
             'reference': <kibot.kicad.v6_sch.SchematicFieldV6 object at 0x7fa316f83d90>,
             'value': <kibot.kicad.v6_sch.SchematicFieldV6 object at 0x7fa316f83e30>},
 'dfields_bkp': {'datasheet': <kibot.kicad.v6_sch.SchematicFieldV6 object at 0x7fa316fb9130>,
                 'description': <kibot.kicad.v6_sch.SchematicFieldV6 object at 0x7fa316fb91d0>,
                 'footprint': <kibot.kicad.v6_sch.SchematicFieldV6 object at 0x7fa316fb9090>,
                 'part': <kibot.kicad.v6_sch.SchematicFieldV6 object at 0x7fa316fb9270>,
                 'reference': <kibot.kicad.v6_sch.SchematicFieldV6 object at 0x7fa316fb8ff0>,
                 'value': <kibot.kicad.v6_sch.SchematicFieldV6 object at 0x7fa316fb8f50>},
 'exclude_from_sim': False,
 'field_ref': 'R18',
 'fields': [<kibot.kicad.v6_sch.SchematicFieldV6 object at 0x7fa316f83d90>,
            <kibot.kicad.v6_sch.SchematicFieldV6 object at 0x7fa316f83e30>,
            <kibot.kicad.v6_sch.SchematicFieldV6 object at 0x7fa316f83cf0>,
            <kibot.kicad.v6_sch.SchematicFieldV6 object at 0x7fa316f83c50>,
            <kibot.kicad.v6_sch.SchematicFieldV6 object at 0x7fa316f83b10>,
            <kibot.kicad.v6_sch.SchematicFieldV6 object at 0x7fa316f83bb0>],
 'fields_autoplaced': True,
 'fields_bkp': [<kibot.kicad.v6_sch.SchematicFieldV6 object at 0x7fa316fb8ff0>,
                <kibot.kicad.v6_sch.SchematicFieldV6 object at 0x7fa316fb8f50>,
                <kibot.kicad.v6_sch.SchematicFieldV6 object at 0x7fa316fb9090>,
                <kibot.kicad.v6_sch.SchematicFieldV6 object at 0x7fa316fb9130>,
                <kibot.kicad.v6_sch.SchematicFieldV6 object at 0x7fa316fb91d0>,
                <kibot.kicad.v6_sch.SchematicFieldV6 object at 0x7fa316fb9270>],
 'fitted': True,
 'fixed': False,
 'footprint': '',
 'footprint_h': 0,
 'footprint_lib': None,
 'footprint_rot': 0.0,
 'footprint_w': 0,
 'footprint_x': 0,
 'footprint_y': 0,
 'has_pcb_info': False,
 'id': '7fed6a36-4029-4b31-8fca-a8c6dffd545a',
 'in_bom': True,
 'in_bom_pcb': True,
 'in_pcb_only': False,
 'in_pos': True,
 'included': True,
 'is_power': False,
 'kicad_dnp': False,
 'lib': 'Device',
 'lib_id': 'Device:R_US',
 'lib_symbol': <kibot.kicad.v6_sch.LibComponent object at 0x7fa3170f7b10>,
 'local_name': None,
 'mirror': None,
 'name': 'R_US',
 'net_class': '',
 'net_name': '',
 'offset_footprint_rot': 0.0,
 'on_board': True,
 'p_path': '/f91fc3da-5f4a-447d-a72e-43c2dd640f87',
 'p_path_ori': '/f91fc3da-5f4a-447d-a72e-43c2dd640f87',
 'pad_properties': {},
 'parent_component': None,
 'parent_sheet': <kibot.kicad.v6_sch.SchematicV6 object at 0x7fa3170f5450>,
 'path': '/',
 'pin_alternates': {},
 'pins': OrderedDict([('1', '9ec78623-77c6-4141-8258-487a64b546a2'),
                      ('2', 'e0c7dbb9-debf-431e-a632-e7560c7409b6')]),
 'pos_offset_x': None,
 'pos_offset_y': None,
 'project': 'iie_tp',
 'projects': [('',
               [<kibot.kicad.v6_sch.SymbolInstance object at 0x7fa316f4bc40>])],
 'qty': 1,
 'ref': 'R18',
 'ref_id': '',
 'ref_prefix': 'R',
 'ref_suffix': '18',
 'sheet_path': '/',
 'sheet_path_h': '/',
 'smd': False,
 'tht': False,
 'unit': 1,
 'unit_specified': True,
 'uuid': '7fed6a36-4029-4b31-8fca-a8c6dffd545a',
 'uuid_ori': '7fed6a36-4029-4b31-8fca-a8c6dffd545a',
 'value': '2k2',
 'value_sort': <kibot.bom.units.ParsedValue object at 0x7fa316fa5a70>,
 'virtual': False,
 'x': 105.41,
 'y': 111.76} (kibot - xlsx_writer.py:607)
DEBUG:{'all_instances': {'/f91fc3da-5f4a-447d-a72e-43c2dd640f87': <kibot.kicad.v6_sch.SymbolInstance object at 0x7fa316f7d2b0>},
 'ang': 0,
 'annotation_error': False,
 'bottom': False,
 'convert': None,
 'datasheet': '~',
 'desc': '',
 'dfields': {'datasheet': <kibot.kicad.v6_sch.SchematicFieldV6 object at 0x7fa316f81a90>,
             'desc': <kibot.kicad.v6_sch.SchematicFieldV6 object at 0x7fa316f81950>,
             'footprint': <kibot.kicad.v6_sch.SchematicFieldV6 object at 0x7fa316f81b30>,
             'part': <kibot.kicad.v6_sch.SchematicFieldV6 object at 0x7fa316f819f0>,
             'reference': <kibot.kicad.v6_sch.SchematicFieldV6 object at 0x7fa316f81bd0>,
             'value': <kibot.kicad.v6_sch.SchematicFieldV6 object at 0x7fa316f81c70>},
 'dfields_bkp': {'datasheet': <kibot.kicad.v6_sch.SchematicFieldV6 object at 0x7fa316fb94f0>,
                 'description': <kibot.kicad.v6_sch.SchematicFieldV6 object at 0x7fa316fb9590>,
                 'footprint': <kibot.kicad.v6_sch.SchematicFieldV6 object at 0x7fa316fb9450>,
                 'part': <kibot.kicad.v6_sch.SchematicFieldV6 object at 0x7fa316fb9630>,
                 'reference': <kibot.kicad.v6_sch.SchematicFieldV6 object at 0x7fa316fb93b0>,
                 'value': <kibot.kicad.v6_sch.SchematicFieldV6 object at 0x7fa316fb9310>},
 'exclude_from_sim': False,
 'field_ref': 'R19',
 'fields': [<kibot.kicad.v6_sch.SchematicFieldV6 object at 0x7fa316f81bd0>,
            <kibot.kicad.v6_sch.SchematicFieldV6 object at 0x7fa316f81c70>,
            <kibot.kicad.v6_sch.SchematicFieldV6 object at 0x7fa316f81b30>,
            <kibot.kicad.v6_sch.SchematicFieldV6 object at 0x7fa316f81a90>,
            <kibot.kicad.v6_sch.SchematicFieldV6 object at 0x7fa316f81950>,
            <kibot.kicad.v6_sch.SchematicFieldV6 object at 0x7fa316f819f0>],
 'fields_autoplaced': True,
 'fields_bkp': [<kibot.kicad.v6_sch.SchematicFieldV6 object at 0x7fa316fb93b0>,
                <kibot.kicad.v6_sch.SchematicFieldV6 object at 0x7fa316fb9310>,
                <kibot.kicad.v6_sch.SchematicFieldV6 object at 0x7fa316fb9450>,
                <kibot.kicad.v6_sch.SchematicFieldV6 object at 0x7fa316fb94f0>,
                <kibot.kicad.v6_sch.SchematicFieldV6 object at 0x7fa316fb9590>,
                <kibot.kicad.v6_sch.SchematicFieldV6 object at 0x7fa316fb9630>],
 'fitted': True,
 'fixed': False,
 'footprint': '',
 'footprint_h': 0,
 'footprint_lib': None,
 'footprint_rot': 0.0,
 'footprint_w': 0,
 'footprint_x': 0,
 'footprint_y': 0,
 'has_pcb_info': False,
 'id': 'e7d09a0b-21bb-4459-80a8-6d58a4649206',
 'in_bom': True,
 'in_bom_pcb': True,
 'in_pcb_only': False,
 'in_pos': True,
 'included': True,
 'is_power': False,
 'kicad_dnp': False,
 'lib': 'Device',
 'lib_id': 'Device:R_US',
 'lib_symbol': <kibot.kicad.v6_sch.LibComponent object at 0x7fa3170f7b10>,
 'local_name': None,
 'mirror': None,
 'name': 'R_US',
 'net_class': '',
 'net_name': '',
 'offset_footprint_rot': 0.0,
 'on_board': True,
 'p_path': '/f91fc3da-5f4a-447d-a72e-43c2dd640f87',
 'p_path_ori': '/f91fc3da-5f4a-447d-a72e-43c2dd640f87',
 'pad_properties': {},
 'parent_component': None,
 'parent_sheet': <kibot.kicad.v6_sch.SchematicV6 object at 0x7fa3170f5450>,
 'path': '/',
 'pin_alternates': {},
 'pins': OrderedDict([('1', '42549868-a643-47cc-885f-ca1beb7b5a2c'),
                      ('2', '43bef3d3-ebf1-483b-9444-9b1d592ebb49')]),
 'pos_offset_x': None,
 'pos_offset_y': None,
 'project': 'iie_tp',
 'projects': [('iie_tp',
               [<kibot.kicad.v6_sch.SymbolInstance object at 0x7fa316f7d2b0>])],
 'qty': 1,
 'ref': 'R19',
 'ref_id': '',
 'ref_prefix': 'R',
 'ref_suffix': '19',
 'sheet_path': '/',
 'sheet_path_h': '/',
 'smd': False,
 'tht': False,
 'unit': 1,
 'unit_specified': True,
 'uuid': 'e7d09a0b-21bb-4459-80a8-6d58a4649206',
 'uuid_ori': 'e7d09a0b-21bb-4459-80a8-6d58a4649206',
 'value': '2k2',
 'value_sort': <kibot.bom.units.ParsedValue object at 0x7fa316fa5a70>,
 'virtual': False,
 'x': 105.41,
 'y': 121.92} (kibot - xlsx_writer.py:607)
DEBUG:{'all_instances': {'/f91fc3da-5f4a-447d-a72e-43c2dd640f87': <kibot.kicad.v6_sch.SymbolInstance object at 0x7fa316f7c830>},
 'ang': 0,
 'annotation_error': False,
 'bottom': False,
 'convert': None,
 'datasheet': '~',
 'desc': '',
 'dfields': {'datasheet': <kibot.kicad.v6_sch.SchematicFieldV6 object at 0x7fa316f83110>,
             'desc': <kibot.kicad.v6_sch.SchematicFieldV6 object at 0x7fa316f82fd0>,
             'footprint': <kibot.kicad.v6_sch.SchematicFieldV6 object at 0x7fa316f831b0>,
             'part': <kibot.kicad.v6_sch.SchematicFieldV6 object at 0x7fa316f83070>,
             'reference': <kibot.kicad.v6_sch.SchematicFieldV6 object at 0x7fa316f83250>,
             'value': <kibot.kicad.v6_sch.SchematicFieldV6 object at 0x7fa316f832f0>},
 'dfields_bkp': {'datasheet': <kibot.kicad.v6_sch.SchematicFieldV6 object at 0x7fa316fb9c70>,
                 'description': <kibot.kicad.v6_sch.SchematicFieldV6 object at 0x7fa316fb9d10>,
                 'footprint': <kibot.kicad.v6_sch.SchematicFieldV6 object at 0x7fa316fb9bd0>,
                 'part': <kibot.kicad.v6_sch.SchematicFieldV6 object at 0x7fa316fb9db0>,
                 'reference': <kibot.kicad.v6_sch.SchematicFieldV6 object at 0x7fa316fb9b30>,
                 'value': <kibot.kicad.v6_sch.SchematicFieldV6 object at 0x7fa316fb9a90>},
 'exclude_from_sim': False,
 'field_ref': 'R20',
 'fields': [<kibot.kicad.v6_sch.SchematicFieldV6 object at 0x7fa316f83250>,
            <kibot.kicad.v6_sch.SchematicFieldV6 object at 0x7fa316f832f0>,
            <kibot.kicad.v6_sch.SchematicFieldV6 object at 0x7fa316f831b0>,
            <kibot.kicad.v6_sch.SchematicFieldV6 object at 0x7fa316f83110>,
            <kibot.kicad.v6_sch.SchematicFieldV6 object at 0x7fa316f82fd0>,
            <kibot.kicad.v6_sch.SchematicFieldV6 object at 0x7fa316f83070>],
 'fields_autoplaced': True,
 'fields_bkp': [<kibot.kicad.v6_sch.SchematicFieldV6 object at 0x7fa316fb9b30>,
                <kibot.kicad.v6_sch.SchematicFieldV6 object at 0x7fa316fb9a90>,
                <kibot.kicad.v6_sch.SchematicFieldV6 object at 0x7fa316fb9bd0>,
                <kibot.kicad.v6_sch.SchematicFieldV6 object at 0x7fa316fb9c70>,
                <kibot.kicad.v6_sch.SchematicFieldV6 object at 0x7fa316fb9d10>,
                <kibot.kicad.v6_sch.SchematicFieldV6 object at 0x7fa316fb9db0>],
 'fitted': True,
 'fixed': False,
 'footprint': '',
 'footprint_h': 0,
 'footprint_lib': None,
 'footprint_rot': 0.0,
 'footprint_w': 0,
 'footprint_x': 0,
 'footprint_y': 0,
 'has_pcb_info': False,
 'id': 'a2808c13-44ce-4482-be85-5f1d95d63bda',
 'in_bom': True,
 'in_bom_pcb': True,
 'in_pcb_only': False,
 'in_pos': True,
 'included': True,
 'is_power': False,
 'kicad_dnp': False,
 'lib': 'Device',
 'lib_id': 'Device:R_US',
 'lib_symbol': <kibot.kicad.v6_sch.LibComponent object at 0x7fa3170f7b10>,
 'local_name': None,
 'mirror': None,
 'name': 'R_US',
 'net_class': '',
 'net_name': '',
 'offset_footprint_rot': 0.0,
 'on_board': True,
 'p_path': '/f91fc3da-5f4a-447d-a72e-43c2dd640f87',
 'p_path_ori': '/f91fc3da-5f4a-447d-a72e-43c2dd640f87',
 'pad_properties': {},
 'parent_component': None,
 'parent_sheet': <kibot.kicad.v6_sch.SchematicV6 object at 0x7fa3170f5450>,
 'path': '/',
 'pin_alternates': {},
 'pins': OrderedDict([('1', '3287794e-8c30-4689-9c6b-e3920cde3cc8'),
                      ('2', 'e838e4cd-ceaf-4fc4-b693-398d2574e453')]),
 'pos_offset_x': None,
 'pos_offset_y': None,
 'project': 'iie_tp',
 'projects': [('iie_tp',
               [<kibot.kicad.v6_sch.SymbolInstance object at 0x7fa316f7c830>])],
 'qty': 1,
 'ref': 'R20',
 'ref_id': '',
 'ref_prefix': 'R',
 'ref_suffix': '20',
 'sheet_path': '/',
 'sheet_path_h': '/',
 'smd': False,
 'tht': False,
 'unit': 1,
 'unit_specified': True,
 'uuid': 'a2808c13-44ce-4482-be85-5f1d95d63bda',
 'uuid_ori': 'a2808c13-44ce-4482-be85-5f1d95d63bda',
 'value': '2k2',
 'value_sort': <kibot.bom.units.ParsedValue object at 0x7fa316fa5a70>,
 'virtual': False,
 'x': 105.41,
 'y': 132.08} (kibot - xlsx_writer.py:607)
DEBUG:{'all_instances': {'/f91fc3da-5f4a-447d-a72e-43c2dd640f87': <kibot.kicad.v6_sch.SymbolInstance object at 0x7fa316f49b00>},
 'ang': 0,
 'annotation_error': False,
 'bottom': False,
 'convert': None,
 'datasheet': '~',
 'desc': '',
 'dfields': {'datasheet': <kibot.kicad.v6_sch.SchematicFieldV6 object at 0x7fa316f556d0>,
             'desc': <kibot.kicad.v6_sch.SchematicFieldV6 object at 0x7fa316f55590>,
             'footprint': <kibot.kicad.v6_sch.SchematicFieldV6 object at 0x7fa316f55770>,
             'part': <kibot.kicad.v6_sch.SchematicFieldV6 object at 0x7fa316f55630>,
             'reference': <kibot.kicad.v6_sch.SchematicFieldV6 object at 0x7fa316f55810>,
             'value': <kibot.kicad.v6_sch.SchematicFieldV6 object at 0x7fa316f558b0>},
 'dfields_bkp': {'datasheet': <kibot.kicad.v6_sch.SchematicFieldV6 object at 0x7fa316fba030>,
                 'description': <kibot.kicad.v6_sch.SchematicFieldV6 object at 0x7fa316fba0d0>,
                 'footprint': <kibot.kicad.v6_sch.SchematicFieldV6 object at 0x7fa316fb9f90>,
                 'part': <kibot.kicad.v6_sch.SchematicFieldV6 object at 0x7fa316fba170>,
                 'reference': <kibot.kicad.v6_sch.SchematicFieldV6 object at 0x7fa316fb9ef0>,
                 'value': <kibot.kicad.v6_sch.SchematicFieldV6 object at 0x7fa316fb9e50>},
 'exclude_from_sim': False,
 'field_ref': 'R21',
 'fields': [<kibot.kicad.v6_sch.SchematicFieldV6 object at 0x7fa316f55810>,
            <kibot.kicad.v6_sch.SchematicFieldV6 object at 0x7fa316f558b0>,
            <kibot.kicad.v6_sch.SchematicFieldV6 object at 0x7fa316f55770>,
            <kibot.kicad.v6_sch.SchematicFieldV6 object at 0x7fa316f556d0>,
            <kibot.kicad.v6_sch.SchematicFieldV6 object at 0x7fa316f55590>,
            <kibot.kicad.v6_sch.SchematicFieldV6 object at 0x7fa316f55630>],
 'fields_autoplaced': True,
 'fields_bkp': [<kibot.kicad.v6_sch.SchematicFieldV6 object at 0x7fa316fb9ef0>,
                <kibot.kicad.v6_sch.SchematicFieldV6 object at 0x7fa316fb9e50>,
                <kibot.kicad.v6_sch.SchematicFieldV6 object at 0x7fa316fb9f90>,
                <kibot.kicad.v6_sch.SchematicFieldV6 object at 0x7fa316fba030>,
                <kibot.kicad.v6_sch.SchematicFieldV6 object at 0x7fa316fba0d0>,
                <kibot.kicad.v6_sch.SchematicFieldV6 object at 0x7fa316fba170>],
 'fitted': True,
 'fixed': False,
 'footprint': '',
 'footprint_h': 0,
 'footprint_lib': None,
 'footprint_rot': 0.0,
 'footprint_w': 0,
 'footprint_x': 0,
 'footprint_y': 0,
 'has_pcb_info': False,
 'id': '026cb564-0159-408d-ac56-ed7932f31331',
 'in_bom': True,
 'in_bom_pcb': True,
 'in_pcb_only': False,
 'in_pos': True,
 'included': True,
 'is_power': False,
 'kicad_dnp': False,
 'lib': 'Device',
 'lib_id': 'Device:R_US',
 'lib_symbol': <kibot.kicad.v6_sch.LibComponent object at 0x7fa3170f7b10>,
 'local_name': None,
 'mirror': None,
 'name': 'R_US',
 'net_class': '',
 'net_name': '',
 'offset_footprint_rot': 0.0,
 'on_board': True,
 'p_path': '/f91fc3da-5f4a-447d-a72e-43c2dd640f87',
 'p_path_ori': '/f91fc3da-5f4a-447d-a72e-43c2dd640f87',
 'pad_properties': {},
 'parent_component': None,
 'parent_sheet': <kibot.kicad.v6_sch.SchematicV6 object at 0x7fa3170f5450>,
 'path': '/',
 'pin_alternates': {},
 'pins': OrderedDict([('1', '32fc8b92-a6af-460f-9392-815872d5be46'),
                      ('2', '65d30958-d859-455a-8918-b172d34f8c60')]),
 'pos_offset_x': None,
 'pos_offset_y': None,
 'project': 'iie_tp',
 'projects': [('iie_tp',
               [<kibot.kicad.v6_sch.SymbolInstance object at 0x7fa316f49b00>])],
 'qty': 1,
 'ref': 'R21',
 'ref_id': '',
 'ref_prefix': 'R',
 'ref_suffix': '21',
 'sheet_path': '/',
 'sheet_path_h': '/',
 'smd': False,
 'tht': False,
 'unit': 1,
 'unit_specified': True,
 'uuid': '026cb564-0159-408d-ac56-ed7932f31331',
 'uuid_ori': '026cb564-0159-408d-ac56-ed7932f31331',
 'value': '2k2',
 'value_sort': <kibot.bom.units.ParsedValue object at 0x7fa316fa5a70>,
 'virtual': False,
 'x': 105.41,
 'y': 142.24} (kibot - xlsx_writer.py:607)
DEBUG:{'all_instances': {'/f91fc3da-5f4a-447d-a72e-43c2dd640f87': <kibot.kicad.v6_sch.SymbolInstance object at 0x7fa316f4be00>},
 'ang': 0,
 'annotation_error': False,
 'bottom': False,
 'convert': None,
 'datasheet': '~',
 'desc': '',
 'dfields': {'datasheet': <kibot.kicad.v6_sch.SchematicFieldV6 object at 0x7fa316f6e210>,
             'desc': <kibot.kicad.v6_sch.SchematicFieldV6 object at 0x7fa316f6e0d0>,
             'footprint': <kibot.kicad.v6_sch.SchematicFieldV6 object at 0x7fa316f6e2b0>,
             'part': <kibot.kicad.v6_sch.SchematicFieldV6 object at 0x7fa316f6e170>,
             'reference': <kibot.kicad.v6_sch.SchematicFieldV6 object at 0x7fa316f6e350>,
             'value': <kibot.kicad.v6_sch.SchematicFieldV6 object at 0x7fa316f6e3f0>},
 'dfields_bkp': {'datasheet': <kibot.kicad.v6_sch.SchematicFieldV6 object at 0x7fa316fba3f0>,
                 'description': <kibot.kicad.v6_sch.SchematicFieldV6 object at 0x7fa316fba490>,
                 'footprint': <kibot.kicad.v6_sch.SchematicFieldV6 object at 0x7fa316fba350>,
                 'part': <kibot.kicad.v6_sch.SchematicFieldV6 object at 0x7fa316fba530>,
                 'reference': <kibot.kicad.v6_sch.SchematicFieldV6 object at 0x7fa316fba2b0>,
                 'value': <kibot.kicad.v6_sch.SchematicFieldV6 object at 0x7fa316fba210>},
 'exclude_from_sim': False,
 'field_ref': 'R22',
 'fields': [<kibot.kicad.v6_sch.SchematicFieldV6 object at 0x7fa316f6e350>,
            <kibot.kicad.v6_sch.SchematicFieldV6 object at 0x7fa316f6e3f0>,
            <kibot.kicad.v6_sch.SchematicFieldV6 object at 0x7fa316f6e2b0>,
            <kibot.kicad.v6_sch.SchematicFieldV6 object at 0x7fa316f6e210>,
            <kibot.kicad.v6_sch.SchematicFieldV6 object at 0x7fa316f6e0d0>,
            <kibot.kicad.v6_sch.SchematicFieldV6 object at 0x7fa316f6e170>],
 'fields_autoplaced': True,
 'fields_bkp': [<kibot.kicad.v6_sch.SchematicFieldV6 object at 0x7fa316fba2b0>,
                <kibot.kicad.v6_sch.SchematicFieldV6 object at 0x7fa316fba210>,
                <kibot.kicad.v6_sch.SchematicFieldV6 object at 0x7fa316fba350>,
                <kibot.kicad.v6_sch.SchematicFieldV6 object at 0x7fa316fba3f0>,
                <kibot.kicad.v6_sch.SchematicFieldV6 object at 0x7fa316fba490>,
                <kibot.kicad.v6_sch.SchematicFieldV6 object at 0x7fa316fba530>],
 'fitted': True,
 'fixed': False,
 'footprint': '',
 'footprint_h': 0,
 'footprint_lib': None,
 'footprint_rot': 0.0,
 'footprint_w': 0,
 'footprint_x': 0,
 'footprint_y': 0,
 'has_pcb_info': False,
 'id': '8aec6899-1b25-4f25-b803-2881dc3f216c',
 'in_bom': True,
 'in_bom_pcb': True,
 'in_pcb_only': False,
 'in_pos': True,
 'included': True,
 'is_power': False,
 'kicad_dnp': False,
 'lib': 'Device',
 'lib_id': 'Device:R_US',
 'lib_symbol': <kibot.kicad.v6_sch.LibComponent object at 0x7fa3170f7b10>,
 'local_name': None,
 'mirror': None,
 'name': 'R_US',
 'net_class': '',
 'net_name': '',
 'offset_footprint_rot': 0.0,
 'on_board': True,
 'p_path': '/f91fc3da-5f4a-447d-a72e-43c2dd640f87',
 'p_path_ori': '/f91fc3da-5f4a-447d-a72e-43c2dd640f87',
 'pad_properties': {},
 'parent_component': None,
 'parent_sheet': <kibot.kicad.v6_sch.SchematicV6 object at 0x7fa3170f5450>,
 'path': '/',
 'pin_alternates': {},
 'pins': OrderedDict([('1', '74c47a2f-6b66-4f9c-b08f-5b33c3448ad1'),
                      ('2', '816f929e-5fca-452a-8d3c-b0136296c461')]),
 'pos_offset_x': None,
 'pos_offset_y': None,
 'project': 'iie_tp',
 'projects': [('iie_tp',
               [<kibot.kicad.v6_sch.SymbolInstance object at 0x7fa316f4be00>])],
 'qty': 1,
 'ref': 'R22',
 'ref_id': '',
 'ref_prefix': 'R',
 'ref_suffix': '22',
 'sheet_path': '/',
 'sheet_path_h': '/',
 'smd': False,
 'tht': False,
 'unit': 1,
 'unit_specified': True,
 'uuid': '8aec6899-1b25-4f25-b803-2881dc3f216c',
 'uuid_ori': '8aec6899-1b25-4f25-b803-2881dc3f216c',
 'value': '2k2',
 'value_sort': <kibot.bom.units.ParsedValue object at 0x7fa316fa5a70>,
 'virtual': False,
 'x': 105.41,
 'y': 152.4} (kibot - xlsx_writer.py:607)
DEBUG:{'all_instances': {'/f91fc3da-5f4a-447d-a72e-43c2dd640f87': <kibot.kicad.v6_sch.SymbolInstance object at 0x7fa316f49cc0>},
 'ang': 270,
 'annotation_error': False,
 'bottom': False,
 'convert': None,
 'datasheet': '~',
 'desc': '',
 'dfields': {'datasheet': <kibot.kicad.v6_sch.SchematicFieldV6 object at 0x7fa316f2b9d0>,
             'desc': <kibot.kicad.v6_sch.SchematicFieldV6 object at 0x7fa316f2b890>,
             'footprint': <kibot.kicad.v6_sch.SchematicFieldV6 object at 0x7fa316f2ba70>,
             'part': <kibot.kicad.v6_sch.SchematicFieldV6 object at 0x7fa316f2b930>,
             'reference': <kibot.kicad.v6_sch.SchematicFieldV6 object at 0x7fa316f2bb10>,
             'value': <kibot.kicad.v6_sch.SchematicFieldV6 object at 0x7fa316f2bbb0>},
 'dfields_bkp': {'datasheet': <kibot.kicad.v6_sch.SchematicFieldV6 object at 0x7fa316fba7b0>,
                 'description': <kibot.kicad.v6_sch.SchematicFieldV6 object at 0x7fa316fba850>,
                 'footprint': <kibot.kicad.v6_sch.SchematicFieldV6 object at 0x7fa316fba710>,
                 'part': <kibot.kicad.v6_sch.SchematicFieldV6 object at 0x7fa316fba8f0>,
                 'reference': <kibot.kicad.v6_sch.SchematicFieldV6 object at 0x7fa316fba670>,
                 'value': <kibot.kicad.v6_sch.SchematicFieldV6 object at 0x7fa316fba5d0>},
 'exclude_from_sim': False,
 'field_ref': 'R23',
 'fields': [<kibot.kicad.v6_sch.SchematicFieldV6 object at 0x7fa316f2bb10>,
            <kibot.kicad.v6_sch.SchematicFieldV6 object at 0x7fa316f2bbb0>,
            <kibot.kicad.v6_sch.SchematicFieldV6 object at 0x7fa316f2ba70>,
            <kibot.kicad.v6_sch.SchematicFieldV6 object at 0x7fa316f2b9d0>,
            <kibot.kicad.v6_sch.SchematicFieldV6 object at 0x7fa316f2b890>,
            <kibot.kicad.v6_sch.SchematicFieldV6 object at 0x7fa316f2b930>],
 'fields_autoplaced': True,
 'fields_bkp': [<kibot.kicad.v6_sch.SchematicFieldV6 object at 0x7fa316fba670>,
                <kibot.kicad.v6_sch.SchematicFieldV6 object at 0x7fa316fba5d0>,
                <kibot.kicad.v6_sch.SchematicFieldV6 object at 0x7fa316fba710>,
                <kibot.kicad.v6_sch.SchematicFieldV6 object at 0x7fa316fba7b0>,
                <kibot.kicad.v6_sch.SchematicFieldV6 object at 0x7fa316fba850>,
                <kibot.kicad.v6_sch.SchematicFieldV6 object at 0x7fa316fba8f0>],
 'fitted': True,
 'fixed': False,
 'footprint': '',
 'footprint_h': 0,
 'footprint_lib': None,
 'footprint_rot': 0.0,
 'footprint_w': 0,
 'footprint_x': 0,
 'footprint_y': 0,
 'has_pcb_info': False,
 'id': '0744d2a0-7698-4398-bff4-96530c85a088',
 'in_bom': True,
 'in_bom_pcb': True,
 'in_pcb_only': False,
 'in_pos': True,
 'included': True,
 'is_power': False,
 'kicad_dnp': False,
 'lib': 'Device',
 'lib_id': 'Device:R_US',
 'lib_symbol': <kibot.kicad.v6_sch.LibComponent object at 0x7fa3170f7b10>,
 'local_name': None,
 'mirror': None,
 'name': 'R_US',
 'net_class': '',
 'net_name': '',
 'offset_footprint_rot': 0.0,
 'on_board': True,
 'p_path': '/f91fc3da-5f4a-447d-a72e-43c2dd640f87',
 'p_path_ori': '/f91fc3da-5f4a-447d-a72e-43c2dd640f87',
 'pad_properties': {},
 'parent_component': None,
 'parent_sheet': <kibot.kicad.v6_sch.SchematicV6 object at 0x7fa3170f5450>,
 'path': '/',
 'pin_alternates': {},
 'pins': OrderedDict([('1', '332d77ef-4bd8-42dc-ac16-c9c5748768f3'),
                      ('2', '2b067058-f475-4d4b-9018-d9d0d72dee1b')]),
 'pos_offset_x': None,
 'pos_offset_y': None,
 'project': 'iie_tp',
 'projects': [('iie_tp',
               [<kibot.kicad.v6_sch.SymbolInstance object at 0x7fa316f49cc0>])],
 'qty': 1,
 'ref': 'R23',
 'ref_id': '',
 'ref_prefix': 'R',
 'ref_suffix': '23',
 'sheet_path': '/',
 'sheet_path_h': '/',
 'smd': False,
 'tht': False,
 'unit': 1,
 'unit_specified': True,
 'uuid': '0744d2a0-7698-4398-bff4-96530c85a088',
 'uuid_ori': '0744d2a0-7698-4398-bff4-96530c85a088',
 'value': '2k2',
 'value_sort': <kibot.bom.units.ParsedValue object at 0x7fa316fa5a70>,
 'virtual': False,
 'x': 116.84,
 'y': 157.48} (kibot - xlsx_writer.py:607)
DEBUG:{'all_instances': {'/f91fc3da-5f4a-447d-a72e-43c2dd640f87': <kibot.kicad.v6_sch.SymbolInstance object at 0x7fa316f4b540>},
 'ang': 270,
 'annotation_error': False,
 'bottom': False,
 'convert': None,
 'datasheet': '~',
 'desc': '',
 'dfields': {'datasheet': <kibot.kicad.v6_sch.SchematicFieldV6 object at 0x7fa316f6ed50>,
             'desc': <kibot.kicad.v6_sch.SchematicFieldV6 object at 0x7fa316f6ec10>,
             'footprint': <kibot.kicad.v6_sch.SchematicFieldV6 object at 0x7fa316f6edf0>,
             'part': <kibot.kicad.v6_sch.SchematicFieldV6 object at 0x7fa316f6ecb0>,
             'reference': <kibot.kicad.v6_sch.SchematicFieldV6 object at 0x7fa316f6ee90>,
             'value': <kibot.kicad.v6_sch.SchematicFieldV6 object at 0x7fa316f6ef30>},
 'dfields_bkp': {'datasheet': <kibot.kicad.v6_sch.SchematicFieldV6 object at 0x7fa316fbab70>,
                 'description': <kibot.kicad.v6_sch.SchematicFieldV6 object at 0x7fa316fbac10>,
                 'footprint': <kibot.kicad.v6_sch.SchematicFieldV6 object at 0x7fa316fbaad0>,
                 'part': <kibot.kicad.v6_sch.SchematicFieldV6 object at 0x7fa316fbacb0>,
                 'reference': <kibot.kicad.v6_sch.SchematicFieldV6 object at 0x7fa316fbaa30>,
                 'value': <kibot.kicad.v6_sch.SchematicFieldV6 object at 0x7fa316fba990>},
 'exclude_from_sim': False,
 'field_ref': 'R24',
 'fields': [<kibot.kicad.v6_sch.SchematicFieldV6 object at 0x7fa316f6ee90>,
            <kibot.kicad.v6_sch.SchematicFieldV6 object at 0x7fa316f6ef30>,
            <kibot.kicad.v6_sch.SchematicFieldV6 object at 0x7fa316f6edf0>,
            <kibot.kicad.v6_sch.SchematicFieldV6 object at 0x7fa316f6ed50>,
            <kibot.kicad.v6_sch.SchematicFieldV6 object at 0x7fa316f6ec10>,
            <kibot.kicad.v6_sch.SchematicFieldV6 object at 0x7fa316f6ecb0>],
 'fields_autoplaced': True,
 'fields_bkp': [<kibot.kicad.v6_sch.SchematicFieldV6 object at 0x7fa316fbaa30>,
                <kibot.kicad.v6_sch.SchematicFieldV6 object at 0x7fa316fba990>,
                <kibot.kicad.v6_sch.SchematicFieldV6 object at 0x7fa316fbaad0>,
                <kibot.kicad.v6_sch.SchematicFieldV6 object at 0x7fa316fbab70>,
                <kibot.kicad.v6_sch.SchematicFieldV6 object at 0x7fa316fbac10>,
                <kibot.kicad.v6_sch.SchematicFieldV6 object at 0x7fa316fbacb0>],
 'fitted': True,
 'fixed': False,
 'footprint': '',
 'footprint_h': 0,
 'footprint_lib': None,
 'footprint_rot': 0.0,
 'footprint_w': 0,
 'footprint_x': 0,
 'footprint_y': 0,
 'has_pcb_info': False,
 'id': '6af88551-7af2-4463-b394-2a6a7c2cacfb',
 'in_bom': True,
 'in_bom_pcb': True,
 'in_pcb_only': False,
 'in_pos': True,
 'included': True,
 'is_power': False,
 'kicad_dnp': False,
 'lib': 'Device',
 'lib_id': 'Device:R_US',
 'lib_symbol': <kibot.kicad.v6_sch.LibComponent object at 0x7fa3170f7b10>,
 'local_name': None,
 'mirror': None,
 'name': 'R_US',
 'net_class': '',
 'net_name': '',
 'offset_footprint_rot': 0.0,
 'on_board': True,
 'p_path': '/f91fc3da-5f4a-447d-a72e-43c2dd640f87',
 'p_path_ori': '/f91fc3da-5f4a-447d-a72e-43c2dd640f87',
 'pad_properties': {},
 'parent_component': None,
 'parent_sheet': <kibot.kicad.v6_sch.SchematicV6 object at 0x7fa3170f5450>,
 'path': '/',
 'pin_alternates': {},
 'pins': OrderedDict([('1', 'c2ea3b5d-7d92-4ee6-bf0d-8b3181379382'),
                      ('2', '14373cea-4479-4142-9197-4f7ed8380e31')]),
 'pos_offset_x': None,
 'pos_offset_y': None,
 'project': 'iie_tp',
 'projects': [('iie_tp',
               [<kibot.kicad.v6_sch.SymbolInstance object at 0x7fa316f4b540>])],
 'qty': 1,
 'ref': 'R24',
 'ref_id': '',
 'ref_prefix': 'R',
 'ref_suffix': '24',
 'sheet_path': '/',
 'sheet_path_h': '/',
 'smd': False,
 'tht': False,
 'unit': 1,
 'unit_specified': True,
 'uuid': '6af88551-7af2-4463-b394-2a6a7c2cacfb',
 'uuid_ori': '6af88551-7af2-4463-b394-2a6a7c2cacfb',
 'value': '2k2',
 'value_sort': <kibot.bom.units.ParsedValue object at 0x7fa316fa5a70>,
 'virtual': False,
 'x': 127,
 'y': 157.48} (kibot - xlsx_writer.py:607)
DEBUG:{'all_instances': {'/f91fc3da-5f4a-447d-a72e-43c2dd640f87': <kibot.kicad.v6_sch.SymbolInstance object at 0x7fa316f4ba80>},
 'ang': 180,
 'annotation_error': False,
 'bottom': False,
 'convert': None,
 'datasheet': '~',
 'desc': '',
 'dfields': {'datasheet': <kibot.kicad.v6_sch.SchematicFieldV6 object at 0x7fa316f816d0>,
             'desc': <kibot.kicad.v6_sch.SchematicFieldV6 object at 0x7fa316f81590>,
             'footprint': <kibot.kicad.v6_sch.SchematicFieldV6 object at 0x7fa316f81770>,
             'part': <kibot.kicad.v6_sch.SchematicFieldV6 object at 0x7fa316f81630>,
             'reference': <kibot.kicad.v6_sch.SchematicFieldV6 object at 0x7fa316f81810>,
             'value': <kibot.kicad.v6_sch.SchematicFieldV6 object at 0x7fa316f818b0>},
 'dfields_bkp': {'datasheet': <kibot.kicad.v6_sch.SchematicFieldV6 object at 0x7fa316fbb2f0>,
                 'description': <kibot.kicad.v6_sch.SchematicFieldV6 object at 0x7fa316fbb390>,
                 'footprint': <kibot.kicad.v6_sch.SchematicFieldV6 object at 0x7fa316fbb250>,
                 'part': <kibot.kicad.v6_sch.SchematicFieldV6 object at 0x7fa316fbb430>,
                 'reference': <kibot.kicad.v6_sch.SchematicFieldV6 object at 0x7fa316fbb1b0>,
                 'value': <kibot.kicad.v6_sch.SchematicFieldV6 object at 0x7fa316fbb110>},
 'exclude_from_sim': False,
 'field_ref': 'R26',
 'fields': [<kibot.kicad.v6_sch.SchematicFieldV6 object at 0x7fa316f81810>,
            <kibot.kicad.v6_sch.SchematicFieldV6 object at 0x7fa316f818b0>,
            <kibot.kicad.v6_sch.SchematicFieldV6 object at 0x7fa316f81770>,
            <kibot.kicad.v6_sch.SchematicFieldV6 object at 0x7fa316f816d0>,
            <kibot.kicad.v6_sch.SchematicFieldV6 object at 0x7fa316f81590>,
            <kibot.kicad.v6_sch.SchematicFieldV6 object at 0x7fa316f81630>],
 'fields_autoplaced': True,
 'fields_bkp': [<kibot.kicad.v6_sch.SchematicFieldV6 object at 0x7fa316fbb1b0>,
                <kibot.kicad.v6_sch.SchematicFieldV6 object at 0x7fa316fbb110>,
                <kibot.kicad.v6_sch.SchematicFieldV6 object at 0x7fa316fbb250>,
                <kibot.kicad.v6_sch.SchematicFieldV6 object at 0x7fa316fbb2f0>,
                <kibot.kicad.v6_sch.SchematicFieldV6 object at 0x7fa316fbb390>,
                <kibot.kicad.v6_sch.SchematicFieldV6 object at 0x7fa316fbb430>],
 'fitted': True,
 'fixed': False,
 'footprint': '',
 'footprint_h': 0,
 'footprint_lib': None,
 'footprint_rot': 0.0,
 'footprint_w': 0,
 'footprint_x': 0,
 'footprint_y': 0,
 'has_pcb_info': False,
 'id': '7872e9b9-8974-442a-8cd9-08565a7eebf1',
 'in_bom': True,
 'in_bom_pcb': True,
 'in_pcb_only': False,
 'in_pos': True,
 'included': True,
 'is_power': False,
 'kicad_dnp': False,
 'lib': 'Device',
 'lib_id': 'Device:R_US',
 'lib_symbol': <kibot.kicad.v6_sch.LibComponent object at 0x7fa3170f7b10>,
 'local_name': None,
 'mirror': None,
 'name': 'R_US',
 'net_class': '',
 'net_name': '',
 'offset_footprint_rot': 0.0,
 'on_board': True,
 'p_path': '/f91fc3da-5f4a-447d-a72e-43c2dd640f87',
 'p_path_ori': '/f91fc3da-5f4a-447d-a72e-43c2dd640f87',
 'pad_properties': {},
 'parent_component': None,
 'parent_sheet': <kibot.kicad.v6_sch.SchematicV6 object at 0x7fa3170f5450>,
 'path': '/',
 'pin_alternates': {},
 'pins': OrderedDict([('2', 'fedd536b-2a18-475a-8d25-bea175eabbeb'),
                      ('1', '16eba10e-b445-472f-bf27-8dc52d15ea11')]),
 'pos_offset_x': None,
 'pos_offset_y': None,
 'project': 'iie_tp',
 'projects': [('',
               [<kibot.kicad.v6_sch.SymbolInstance object at 0x7fa316f4ba80>])],
 'qty': 1,
 'ref': 'R26',
 'ref_id': '',
 'ref_prefix': 'R',
 'ref_suffix': '26',
 'sheet_path': '/',
 'sheet_path_h': '/',
 'smd': False,
 'tht': False,
 'unit': 1,
 'unit_specified': True,
 'uuid': '7872e9b9-8974-442a-8cd9-08565a7eebf1',
 'uuid_ori': '7872e9b9-8974-442a-8cd9-08565a7eebf1',
 'value': '2k2',
 'value_sort': <kibot.bom.units.ParsedValue object at 0x7fa316fa5a70>,
 'virtual': False,
 'x': 168.91,
 'y': 138.43} (kibot - xlsx_writer.py:607)
DEBUG:{'cfg': <kibot.out_bom.BoMOptions object at 0x7fa316b63390>,
 'components': [<kibot.kicad.v6_sch.SchematicComponentV6 object at 0x7fa316f25f90>],
 'field_names': ['Row',
                 'Description',
                 'Part',
                 'Part Lib',
                 'References',
                 'Value',
                 'Footprint',
                 'Footprint Lib',
                 'Quantity Per PCB',
                 'Build Quantity',
                 'Status',
                 'Datasheet',
                 'Sheetpath',
                 'Source BoM',
                 'desc',
                 'Row',
                 '${ITEM_NUMBER}'],
 'fields': {'${dnp}': '',
            '${exclude_from_board}': '',
            '${exclude_from_sim}': '',
            '${item_number}': '14',
            '${quantity}': '1',
            'build quantity': '1',
            'datasheet': '~',
            'desc': 'Resistor, US symbol',
            'description': '',
            'footprint': 'R_Axial_Power_L25.0mm_W6.4mm_P27.94mm',
            'footprint full': 'Resistor_THT:R_Axial_Power_L25.0mm_W6.4mm_P27.94mm',
            'footprint lib': 'Resistor_THT',
            'footprint populate': 'yes',
            'footprint rot': '0.0000',
            'footprint side': 'top',
            'footprint type': 'SMD',
            'footprint type nv': '',
            'footprint x': '0.0000',
            'footprint x-size': '0.0000',
            'footprint y': '0.0000',
            'footprint y-size': '0.0000',
            'net class': '',
            'net label': '',
            'net name': '',
            'part': 'R_US',
            'part lib': 'Device',
            'quantity per pcb': '1',
            'references': 'R1',
            'row': '14',
            'sheetpath': '/',
            'source bom': 'iie_tp(1)',
            'status': ' ',
            'value': '4k7'},
 'refs': {'R1iie_tp': <kibot.kicad.v6_sch.SchematicComponentV6 object at 0x7fa316f25f90>},
 'total': 1} (kibot - xlsx_writer.py:604)
DEBUG:-- Components (kibot - xlsx_writer.py:605)
DEBUG:{'all_instances': {'/f91fc3da-5f4a-447d-a72e-43c2dd640f87': <kibot.kicad.v6_sch.SymbolInstance object at 0x7fa316f4a040>},
 'ang': 90,
 'annotation_error': False,
 'bottom': False,
 'convert': None,
 'datasheet': '~',
 'desc': '',
 'dfields': {'datasheet': <kibot.kicad.v6_sch.SchematicFieldV6 object at 0x7fa316f6cb90>,
             'desc': <kibot.kicad.v6_sch.SchematicFieldV6 object at 0x7fa316f6ca50>,
             'footprint': <kibot.kicad.v6_sch.SchematicFieldV6 object at 0x7fa316f6cc30>,
             'part': <kibot.kicad.v6_sch.SchematicFieldV6 object at 0x7fa316f6caf0>,
             'reference': <kibot.kicad.v6_sch.SchematicFieldV6 object at 0x7fa316f6ccd0>,
             'value': <kibot.kicad.v6_sch.SchematicFieldV6 object at 0x7fa316f6cd70>},
 'dfields_bkp': {'datasheet': <kibot.kicad.v6_sch.SchematicFieldV6 object at 0x7fa316fd2f30>,
                 'description': <kibot.kicad.v6_sch.SchematicFieldV6 object at 0x7fa316fd2fd0>,
                 'footprint': <kibot.kicad.v6_sch.SchematicFieldV6 object at 0x7fa316fd2e90>,
                 'part': <kibot.kicad.v6_sch.SchematicFieldV6 object at 0x7fa316fd3070>,
                 'reference': <kibot.kicad.v6_sch.SchematicFieldV6 object at 0x7fa316fd2df0>,
                 'value': <kibot.kicad.v6_sch.SchematicFieldV6 object at 0x7fa316fd2d50>},
 'exclude_from_sim': False,
 'field_ref': 'R1',
 'fields': [<kibot.kicad.v6_sch.SchematicFieldV6 object at 0x7fa316f6ccd0>,
            <kibot.kicad.v6_sch.SchematicFieldV6 object at 0x7fa316f6cd70>,
            <kibot.kicad.v6_sch.SchematicFieldV6 object at 0x7fa316f6cc30>,
            <kibot.kicad.v6_sch.SchematicFieldV6 object at 0x7fa316f6cb90>,
            <kibot.kicad.v6_sch.SchematicFieldV6 object at 0x7fa316f6ca50>,
            <kibot.kicad.v6_sch.SchematicFieldV6 object at 0x7fa316f6caf0>],
 'fields_autoplaced': True,
 'fields_bkp': [<kibot.kicad.v6_sch.SchematicFieldV6 object at 0x7fa316fd2df0>,
                <kibot.kicad.v6_sch.SchematicFieldV6 object at 0x7fa316fd2d50>,
                <kibot.kicad.v6_sch.SchematicFieldV6 object at 0x7fa316fd2e90>,
                <kibot.kicad.v6_sch.SchematicFieldV6 object at 0x7fa316fd2f30>,
                <kibot.kicad.v6_sch.SchematicFieldV6 object at 0x7fa316fd2fd0>,
                <kibot.kicad.v6_sch.SchematicFieldV6 object at 0x7fa316fd3070>],
 'fitted': True,
 'fixed': False,
 'footprint': 'R_Axial_Power_L25.0mm_W6.4mm_P27.94mm',
 'footprint_h': 0,
 'footprint_lib': 'Resistor_THT',
 'footprint_rot': 0.0,
 'footprint_w': 0,
 'footprint_x': 0,
 'footprint_y': 0,
 'has_pcb_info': False,
 'id': '287fcce2-7fc0-493d-9d4b-9d853b2b446b',
 'in_bom': True,
 'in_bom_pcb': True,
 'in_pcb_only': False,
 'in_pos': True,
 'included': True,
 'is_power': False,
 'kicad_dnp': False,
 'lib': 'Device',
 'lib_id': 'Device:R_US',
 'lib_symbol': <kibot.kicad.v6_sch.LibComponent object at 0x7fa3170f7b10>,
 'local_name': None,
 'mirror': None,
 'name': 'R_US',
 'net_class': '',
 'net_name': '',
 'offset_footprint_rot': 0.0,
 'on_board': True,
 'p_path': '/f91fc3da-5f4a-447d-a72e-43c2dd640f87',
 'p_path_ori': '/f91fc3da-5f4a-447d-a72e-43c2dd640f87',
 'pad_properties': {},
 'parent_component': None,
 'parent_sheet': <kibot.kicad.v6_sch.SchematicV6 object at 0x7fa3170f5450>,
 'path': '/',
 'pin_alternates': {},
 'pins': OrderedDict([('2', '9f15ba94-4e66-4c4f-a744-9028a901a63c'),
                      ('1', '8b7712df-3060-4d93-b38a-68d078aada60')]),
 'pos_offset_x': None,
 'pos_offset_y': None,
 'project': 'iie_tp',
 'projects': [('',
               [<kibot.kicad.v6_sch.SymbolInstance object at 0x7fa316f4a040>])],
 'qty': 1,
 'ref': 'R1',
 'ref_id': '',
 'ref_prefix': 'R',
 'ref_suffix': '1',
 'sheet_path': '/',
 'sheet_path_h': '/',
 'smd': False,
 'tht': False,
 'unit': 1,
 'unit_specified': True,
 'uuid': '287fcce2-7fc0-493d-9d4b-9d853b2b446b',
 'uuid_ori': '287fcce2-7fc0-493d-9d4b-9d853b2b446b',
 'value': '4k7',
 'value_sort': <kibot.bom.units.ParsedValue object at 0x7fa316fa5ba0>,
 'virtual': False,
 'x': 97.79,
 'y': 43.18} (kibot - xlsx_writer.py:607)
DEBUG:{'cfg': <kibot.out_bom.BoMOptions object at 0x7fa316b63390>,
 'components': [<kibot.kicad.v6_sch.SchematicComponentV6 object at 0x7fa316f26490>],
 'field_names': ['Row',
                 'Description',
                 'Part',
                 'Part Lib',
                 'References',
                 'Value',
                 'Footprint',
                 'Footprint Lib',
                 'Quantity Per PCB',
                 'Build Quantity',
                 'Status',
                 'Datasheet',
                 'Sheetpath',
                 'Source BoM',
                 'desc',
                 'Row',
                 '${ITEM_NUMBER}'],
 'fields': {'${dnp}': '',
            '${exclude_from_board}': '',
            '${exclude_from_sim}': '',
            '${item_number}': '15',
            '${quantity}': '1',
            'build quantity': '1',
            'datasheet': '~',
            'desc': 'Resistor, US symbol',
            'description': '',
            'footprint': 'R_Axial_Power_L25.0mm_W6.4mm_P27.94mm',
            'footprint full': 'Resistor_THT:R_Axial_Power_L25.0mm_W6.4mm_P27.94mm',
            'footprint lib': 'Resistor_THT',
            'footprint populate': 'yes',
            'footprint rot': '0.0000',
            'footprint side': 'top',
            'footprint type': 'SMD',
            'footprint type nv': '',
            'footprint x': '0.0000',
            'footprint x-size': '0.0000',
            'footprint y': '0.0000',
            'footprint y-size': '0.0000',
            'net class': '',
            'net label': '',
            'net name': '',
            'part': 'R_US',
            'part lib': 'Device',
            'quantity per pcb': '1',
            'references': 'R4',
            'row': '15',
            'sheetpath': '/',
            'source bom': 'iie_tp(1)',
            'status': ' ',
            'value': '8k2'},
 'refs': {'R4iie_tp': <kibot.kicad.v6_sch.SchematicComponentV6 object at 0x7fa316f26490>},
 'total': 1} (kibot - xlsx_writer.py:604)
DEBUG:-- Components (kibot - xlsx_writer.py:605)
DEBUG:{'all_instances': {'/f91fc3da-5f4a-447d-a72e-43c2dd640f87': <kibot.kicad.v6_sch.SymbolInstance object at 0x7fa316f4a3c0>},
 'ang': 90,
 'annotation_error': False,
 'bottom': False,
 'convert': None,
 'datasheet': '~',
 'desc': '',
 'dfields': {'datasheet': <kibot.kicad.v6_sch.SchematicFieldV6 object at 0x7fa316f29bd0>,
             'desc': <kibot.kicad.v6_sch.SchematicFieldV6 object at 0x7fa316f29a90>,
             'footprint': <kibot.kicad.v6_sch.SchematicFieldV6 object at 0x7fa316f29c70>,
             'part': <kibot.kicad.v6_sch.SchematicFieldV6 object at 0x7fa316f29b30>,
             'reference': <kibot.kicad.v6_sch.SchematicFieldV6 object at 0x7fa316f29d10>,
             'value': <kibot.kicad.v6_sch.SchematicFieldV6 object at 0x7fa316f29db0>},
 'dfields_bkp': {'datasheet': <kibot.kicad.v6_sch.SchematicFieldV6 object at 0x7fa316fbba70>,
                 'description': <kibot.kicad.v6_sch.SchematicFieldV6 object at 0x7fa316fbbb10>,
                 'footprint': <kibot.kicad.v6_sch.SchematicFieldV6 object at 0x7fa316fbb9d0>,
                 'part': <kibot.kicad.v6_sch.SchematicFieldV6 object at 0x7fa316fbbbb0>,
                 'reference': <kibot.kicad.v6_sch.SchematicFieldV6 object at 0x7fa316fbb930>,
                 'value': <kibot.kicad.v6_sch.SchematicFieldV6 object at 0x7fa316fbb890>},
 'exclude_from_sim': False,
 'field_ref': 'R4',
 'fields': [<kibot.kicad.v6_sch.SchematicFieldV6 object at 0x7fa316f29d10>,
            <kibot.kicad.v6_sch.SchematicFieldV6 object at 0x7fa316f29db0>,
            <kibot.kicad.v6_sch.SchematicFieldV6 object at 0x7fa316f29c70>,
            <kibot.kicad.v6_sch.SchematicFieldV6 object at 0x7fa316f29bd0>,
            <kibot.kicad.v6_sch.SchematicFieldV6 object at 0x7fa316f29a90>,
            <kibot.kicad.v6_sch.SchematicFieldV6 object at 0x7fa316f29b30>],
 'fields_autoplaced': True,
 'fields_bkp': [<kibot.kicad.v6_sch.SchematicFieldV6 object at 0x7fa316fbb930>,
                <kibot.kicad.v6_sch.SchematicFieldV6 object at 0x7fa316fbb890>,
                <kibot.kicad.v6_sch.SchematicFieldV6 object at 0x7fa316fbb9d0>,
                <kibot.kicad.v6_sch.SchematicFieldV6 object at 0x7fa316fbba70>,
                <kibot.kicad.v6_sch.SchematicFieldV6 object at 0x7fa316fbbb10>,
                <kibot.kicad.v6_sch.SchematicFieldV6 object at 0x7fa316fbbbb0>],
 'fitted': True,
 'fixed': False,
 'footprint': 'R_Axial_Power_L25.0mm_W6.4mm_P27.94mm',
 'footprint_h': 0,
 'footprint_lib': 'Resistor_THT',
 'footprint_rot': 0.0,
 'footprint_w': 0,
 'footprint_x': 0,
 'footprint_y': 0,
 'has_pcb_info': False,
 'id': '2a30bf5f-c93c-49e8-946b-245ef37c324f',
 'in_bom': True,
 'in_bom_pcb': True,
 'in_pcb_only': False,
 'in_pos': True,
 'included': True,
 'is_power': False,
 'kicad_dnp': False,
 'lib': 'Device',
 'lib_id': 'Device:R_US',
 'lib_symbol': <kibot.kicad.v6_sch.LibComponent object at 0x7fa3170f7b10>,
 'local_name': None,
 'mirror': None,
 'name': 'R_US',
 'net_class': '',
 'net_name': '',
 'offset_footprint_rot': 0.0,
 'on_board': True,
 'p_path': '/f91fc3da-5f4a-447d-a72e-43c2dd640f87',
 'p_path_ori': '/f91fc3da-5f4a-447d-a72e-43c2dd640f87',
 'pad_properties': {},
 'parent_component': None,
 'parent_sheet': <kibot.kicad.v6_sch.SchematicV6 object at 0x7fa3170f5450>,
 'path': '/',
 'pin_alternates': {},
 'pins': OrderedDict([('2', '6dbadfff-484a-4aea-8bd6-1a8fddcd731b'),
                      ('1', '44d84bff-07fc-463e-bd85-afcc4df37c34')]),
 'pos_offset_x': None,
 'pos_offset_y': None,
 'project': 'iie_tp',
 'projects': [('',
               [<kibot.kicad.v6_sch.SymbolInstance object at 0x7fa316f4a3c0>])],
 'qty': 1,
 'ref': 'R4',
 'ref_id': '',
 'ref_prefix': 'R',
 'ref_suffix': '4',
 'sheet_path': '/',
 'sheet_path_h': '/',
 'smd': False,
 'tht': False,
 'unit': 1,
 'unit_specified': True,
 'uuid': '2a30bf5f-c93c-49e8-946b-245ef37c324f',
 'uuid_ori': '2a30bf5f-c93c-49e8-946b-245ef37c324f',
 'value': '8k2',
 'value_sort': <kibot.bom.units.ParsedValue object at 0x7fa317012be0>,
 'virtual': False,
 'x': 140.97,
 'y': 62.23} (kibot - xlsx_writer.py:607)
DEBUG:{'cfg': <kibot.out_bom.BoMOptions object at 0x7fa316b63390>,
 'components': [<kibot.kicad.v6_sch.SchematicComponentV6 object at 0x7fa316f71590>,
                <kibot.kicad.v6_sch.SchematicComponentV6 object at 0x7fa316f71090>,
                <kibot.kicad.v6_sch.SchematicComponentV6 object at 0x7fa316f72490>],
 'field_names': ['Row',
                 'Description',
                 'Part',
                 'Part Lib',
                 'References',
                 'Value',
                 'Footprint',
                 'Footprint Lib',
                 'Quantity Per PCB',
                 'Build Quantity',
                 'Status',
                 'Datasheet',
                 'Sheetpath',
                 'Source BoM',
                 'desc',
                 'Row',
                 '${ITEM_NUMBER}'],
 'fields': {'${dnp}': '',
            '${exclude_from_board}': 'Excluded from board',
            '${exclude_from_sim}': '',
            '${item_number}': '16',
            '${quantity}': '3',
            'build quantity': '3',
            'datasheet': '~',
            'desc': 'Potentiometer, US symbol',
            'description': '',
            'footprint': 'Potentiometer_Bourns_3296W_Vertical',
            'footprint full': 'Potentiometer_THT:Potentiometer_Bourns_3296W_Vertical',
            'footprint lib': 'Potentiometer_THT',
            'footprint populate': 'yes',
            'footprint rot': '0.0000',
            'footprint side': 'top',
            'footprint type': 'SMD',
            'footprint type nv': '',
            'footprint x': '0.0000',
            'footprint x-size': '0.0000',
            'footprint y': '0.0000',
            'footprint y-size': '0.0000',
            'net class': '',
            'net label': '',
            'net name': '',
            'part': 'R_Potentiometer_US',
            'part lib': 'Device',
            'quantity per pcb': '3',
            'references': 'R2 R3 R25',
            'row': '16',
            'sheetpath': '/',
            'source bom': 'iie_tp(3)',
            'status': ' ',
            'value': '100k'},
 'refs': {'R25iie_tp': <kibot.kicad.v6_sch.SchematicComponentV6 object at 0x7fa316f72490>,
          'R2iie_tp': <kibot.kicad.v6_sch.SchematicComponentV6 object at 0x7fa316f71590>,
          'R3iie_tp': <kibot.kicad.v6_sch.SchematicComponentV6 object at 0x7fa316f71090>},
 'total': 3} (kibot - xlsx_writer.py:604)
DEBUG:-- Components (kibot - xlsx_writer.py:605)
DEBUG:{'all_instances': {'/f91fc3da-5f4a-447d-a72e-43c2dd640f87': <kibot.kicad.v6_sch.SymbolInstance object at 0x7fa316f7c670>},
 'ang': 90,
 'annotation_error': False,
 'bottom': False,
 'convert': None,
 'datasheet': '~',
 'desc': '',
 'dfields': {'datasheet': <kibot.kicad.v6_sch.SchematicFieldV6 object at 0x7fa316f2ae90>,
             'desc': <kibot.kicad.v6_sch.SchematicFieldV6 object at 0x7fa316f2ad50>,
             'footprint': <kibot.kicad.v6_sch.SchematicFieldV6 object at 0x7fa316f2af30>,
             'part': <kibot.kicad.v6_sch.SchematicFieldV6 object at 0x7fa316f2adf0>,
             'reference': <kibot.kicad.v6_sch.SchematicFieldV6 object at 0x7fa316f2afd0>,
             'value': <kibot.kicad.v6_sch.SchematicFieldV6 object at 0x7fa316f2b070>},
 'dfields_bkp': {'datasheet': <kibot.kicad.v6_sch.SchematicFieldV6 object at 0x7fa316fb98b0>,
                 'description': <kibot.kicad.v6_sch.SchematicFieldV6 object at 0x7fa316fb9950>,
                 'footprint': <kibot.kicad.v6_sch.SchematicFieldV6 object at 0x7fa316fb9810>,
                 'part': <kibot.kicad.v6_sch.SchematicFieldV6 object at 0x7fa316fb99f0>,
                 'reference': <kibot.kicad.v6_sch.SchematicFieldV6 object at 0x7fa316fb9770>,
                 'value': <kibot.kicad.v6_sch.SchematicFieldV6 object at 0x7fa316fb96d0>},
 'exclude_from_sim': False,
 'field_ref': 'R2',
 'fields': [<kibot.kicad.v6_sch.SchematicFieldV6 object at 0x7fa316f2afd0>,
            <kibot.kicad.v6_sch.SchematicFieldV6 object at 0x7fa316f2b070>,
            <kibot.kicad.v6_sch.SchematicFieldV6 object at 0x7fa316f2af30>,
            <kibot.kicad.v6_sch.SchematicFieldV6 object at 0x7fa316f2ae90>,
            <kibot.kicad.v6_sch.SchematicFieldV6 object at 0x7fa316f2ad50>,
            <kibot.kicad.v6_sch.SchematicFieldV6 object at 0x7fa316f2adf0>],
 'fields_autoplaced': True,
 'fields_bkp': [<kibot.kicad.v6_sch.SchematicFieldV6 object at 0x7fa316fb9770>,
                <kibot.kicad.v6_sch.SchematicFieldV6 object at 0x7fa316fb96d0>,
                <kibot.kicad.v6_sch.SchematicFieldV6 object at 0x7fa316fb9810>,
                <kibot.kicad.v6_sch.SchematicFieldV6 object at 0x7fa316fb98b0>,
                <kibot.kicad.v6_sch.SchematicFieldV6 object at 0x7fa316fb9950>,
                <kibot.kicad.v6_sch.SchematicFieldV6 object at 0x7fa316fb99f0>],
 'fitted': True,
 'fixed': False,
 'footprint': 'Potentiometer_Bourns_3296W_Vertical',
 'footprint_h': 0,
 'footprint_lib': 'Potentiometer_THT',
 'footprint_rot': 0.0,
 'footprint_w': 0,
 'footprint_x': 0,
 'footprint_y': 0,
 'has_pcb_info': False,
 'id': '99509f81-a468-4fdf-bf6d-4a1ef47f154e',
 'in_bom': True,
 'in_bom_pcb': True,
 'in_pcb_only': False,
 'in_pos': True,
 'included': True,
 'is_power': False,
 'kicad_dnp': False,
 'lib': 'Device',
 'lib_id': 'Device:R_Potentiometer_US',
 'lib_symbol': <kibot.kicad.v6_sch.LibComponent object at 0x7fa3170f7750>,
 'local_name': None,
 'mirror': None,
 'name': 'R_Potentiometer_US',
 'net_class': '',
 'net_name': '',
 'offset_footprint_rot': 0.0,
 'on_board': True,
 'p_path': '/f91fc3da-5f4a-447d-a72e-43c2dd640f87',
 'p_path_ori': '/f91fc3da-5f4a-447d-a72e-43c2dd640f87',
 'pad_properties': {},
 'parent_component': None,
 'parent_sheet': <kibot.kicad.v6_sch.SchematicV6 object at 0x7fa3170f5450>,
 'path': '/',
 'pin_alternates': {},
 'pins': OrderedDict([('2', '5a12fb1e-a462-476c-8346-08117adf676b'),
                      ('1', 'd881008c-9d6a-4c62-b5b2-55e5708b3b9c'),
                      ('3', 'a501417c-14b7-456b-9f40-b1cb3030bb2b')]),
 'pos_offset_x': None,
 'pos_offset_y': None,
 'project': 'iie_tp',
 'projects': [('iie_tp',
               [<kibot.kicad.v6_sch.SymbolInstance object at 0x7fa316f7c670>])],
 'qty': 1,
 'ref': 'R2',
 'ref_id': '',
 'ref_prefix': 'R',
 'ref_suffix': '2',
 'sheet_path': '/',
 'sheet_path_h': '/',
 'smd': False,
 'tht': False,
 'unit': 1,
 'unit_specified': True,
 'uuid': '99509f81-a468-4fdf-bf6d-4a1ef47f154e',
 'uuid_ori': '99509f81-a468-4fdf-bf6d-4a1ef47f154e',
 'value': '100k',
 'value_sort': <kibot.bom.units.ParsedValue object at 0x7fa316d05130>,
 'virtual': False,
 'x': 111.76,
 'y': 43.18} (kibot - xlsx_writer.py:607)
DEBUG:{'all_instances': {'/f91fc3da-5f4a-447d-a72e-43c2dd640f87': <kibot.kicad.v6_sch.SymbolInstance object at 0x7fa316f7c2f0>},
 'ang': 0,
 'annotation_error': False,
 'bottom': False,
 'convert': None,
 'datasheet': '~',
 'desc': '',
 'dfields': {'datasheet': <kibot.kicad.v6_sch.SchematicFieldV6 object at 0x7fa316f81e50>,
             'desc': <kibot.kicad.v6_sch.SchematicFieldV6 object at 0x7fa316f81d10>,
             'footprint': <kibot.kicad.v6_sch.SchematicFieldV6 object at 0x7fa316f81ef0>,
             'part': <kibot.kicad.v6_sch.SchematicFieldV6 object at 0x7fa316f81db0>,
             'reference': <kibot.kicad.v6_sch.SchematicFieldV6 object at 0x7fa316f81f90>,
             'value': <kibot.kicad.v6_sch.SchematicFieldV6 object at 0x7fa316f82030>},
 'dfields_bkp': {'datasheet': <kibot.kicad.v6_sch.SchematicFieldV6 object at 0x7fa316fbb6b0>,
                 'description': <kibot.kicad.v6_sch.SchematicFieldV6 object at 0x7fa316fbb750>,
                 'footprint': <kibot.kicad.v6_sch.SchematicFieldV6 object at 0x7fa316fbb610>,
                 'part': <kibot.kicad.v6_sch.SchematicFieldV6 object at 0x7fa316fbb7f0>,
                 'reference': <kibot.kicad.v6_sch.SchematicFieldV6 object at 0x7fa316fbb570>,
                 'value': <kibot.kicad.v6_sch.SchematicFieldV6 object at 0x7fa316fbb4d0>},
 'exclude_from_sim': False,
 'field_ref': 'R3',
 'fields': [<kibot.kicad.v6_sch.SchematicFieldV6 object at 0x7fa316f81f90>,
            <kibot.kicad.v6_sch.SchematicFieldV6 object at 0x7fa316f82030>,
            <kibot.kicad.v6_sch.SchematicFieldV6 object at 0x7fa316f81ef0>,
            <kibot.kicad.v6_sch.SchematicFieldV6 object at 0x7fa316f81e50>,
            <kibot.kicad.v6_sch.SchematicFieldV6 object at 0x7fa316f81d10>,
            <kibot.kicad.v6_sch.SchematicFieldV6 object at 0x7fa316f81db0>],
 'fields_autoplaced': True,
 'fields_bkp': [<kibot.kicad.v6_sch.SchematicFieldV6 object at 0x7fa316fbb570>,
                <kibot.kicad.v6_sch.SchematicFieldV6 object at 0x7fa316fbb4d0>,
                <kibot.kicad.v6_sch.SchematicFieldV6 object at 0x7fa316fbb610>,
                <kibot.kicad.v6_sch.SchematicFieldV6 object at 0x7fa316fbb6b0>,
                <kibot.kicad.v6_sch.SchematicFieldV6 object at 0x7fa316fbb750>,
                <kibot.kicad.v6_sch.SchematicFieldV6 object at 0x7fa316fbb7f0>],
 'fitted': True,
 'fixed': False,
 'footprint': 'Potentiometer_Bourns_3296W_Vertical',
 'footprint_h': 0,
 'footprint_lib': 'Potentiometer_THT',
 'footprint_rot': 0.0,
 'footprint_w': 0,
 'footprint_x': 0,
 'footprint_y': 0,
 'has_pcb_info': False,
 'id': '93f2264f-7b49-4679-a014-d5212d0ffe1e',
 'in_bom': True,
 'in_bom_pcb': True,
 'in_pcb_only': False,
 'in_pos': True,
 'included': True,
 'is_power': False,
 'kicad_dnp': False,
 'lib': 'Device',
 'lib_id': 'Device:R_Potentiometer_US',
 'lib_symbol': <kibot.kicad.v6_sch.LibComponent object at 0x7fa3170f7750>,
 'local_name': None,
 'mirror': None,
 'name': 'R_Potentiometer_US',
 'net_class': '',
 'net_name': '',
 'offset_footprint_rot': 0.0,
 'on_board': True,
 'p_path': '/f91fc3da-5f4a-447d-a72e-43c2dd640f87',
 'p_path_ori': '/f91fc3da-5f4a-447d-a72e-43c2dd640f87',
 'pad_properties': {},
 'parent_component': None,
 'parent_sheet': <kibot.kicad.v6_sch.SchematicV6 object at 0x7fa3170f5450>,
 'path': '/',
 'pin_alternates': {},
 'pins': OrderedDict([('2', 'a9852336-d85b-4a39-a0bf-9840bebb09c9'),
                      ('1', 'f6b0a776-f53a-4da1-877e-849904b5b58e'),
                      ('3', '8a4565b2-320f-4c14-a564-d5b007c9e96e')]),
 'pos_offset_x': None,
 'pos_offset_y': None,
 'project': 'iie_tp',
 'projects': [('',
               [<kibot.kicad.v6_sch.SymbolInstance object at 0x7fa316f7c2f0>])],
 'qty': 1,
 'ref': 'R3',
 'ref_id': '',
 'ref_prefix': 'R',
 'ref_suffix': '3',
 'sheet_path': '/',
 'sheet_path_h': '/',
 'smd': False,
 'tht': False,
 'unit': 1,
 'unit_specified': True,
 'uuid': '93f2264f-7b49-4679-a014-d5212d0ffe1e',
 'uuid_ori': '93f2264f-7b49-4679-a014-d5212d0ffe1e',
 'value': '100k',
 'value_sort': <kibot.bom.units.ParsedValue object at 0x7fa316d05130>,
 'virtual': False,
 'x': 99.06,
 'y': 64.77} (kibot - xlsx_writer.py:607)
DEBUG:{'all_instances': {'/f91fc3da-5f4a-447d-a72e-43c2dd640f87': <kibot.kicad.v6_sch.SymbolInstance object at 0x7fa316f7d0f0>},
 'ang': 0,
 'annotation_error': False,
 'bottom': False,
 'convert': None,
 'datasheet': '~',
 'desc': '',
 'dfields': {'datasheet': <kibot.kicad.v6_sch.SchematicFieldV6 object at 0x7fa316f90b90>,
             'desc': <kibot.kicad.v6_sch.SchematicFieldV6 object at 0x7fa316f90a50>,
             'footprint': <kibot.kicad.v6_sch.SchematicFieldV6 object at 0x7fa316f90c30>,
             'part': <kibot.kicad.v6_sch.SchematicFieldV6 object at 0x7fa316f90af0>,
             'reference': <kibot.kicad.v6_sch.SchematicFieldV6 object at 0x7fa316f90cd0>,
             'value': <kibot.kicad.v6_sch.SchematicFieldV6 object at 0x7fa316f90d70>},
 'dfields_bkp': {'datasheet': <kibot.kicad.v6_sch.SchematicFieldV6 object at 0x7fa316fbaf30>,
                 'description': <kibot.kicad.v6_sch.SchematicFieldV6 object at 0x7fa316fbafd0>,
                 'footprint': <kibot.kicad.v6_sch.SchematicFieldV6 object at 0x7fa316fbae90>,
                 'part': <kibot.kicad.v6_sch.SchematicFieldV6 object at 0x7fa316fbb070>,
                 'reference': <kibot.kicad.v6_sch.SchematicFieldV6 object at 0x7fa316fbadf0>,
                 'value': <kibot.kicad.v6_sch.SchematicFieldV6 object at 0x7fa316fbad50>},
 'exclude_from_sim': False,
 'field_ref': 'R25',
 'fields': [<kibot.kicad.v6_sch.SchematicFieldV6 object at 0x7fa316f90cd0>,
            <kibot.kicad.v6_sch.SchematicFieldV6 object at 0x7fa316f90d70>,
            <kibot.kicad.v6_sch.SchematicFieldV6 object at 0x7fa316f90c30>,
            <kibot.kicad.v6_sch.SchematicFieldV6 object at 0x7fa316f90b90>,
            <kibot.kicad.v6_sch.SchematicFieldV6 object at 0x7fa316f90a50>,
            <kibot.kicad.v6_sch.SchematicFieldV6 object at 0x7fa316f90af0>],
 'fields_autoplaced': True,
 'fields_bkp': [<kibot.kicad.v6_sch.SchematicFieldV6 object at 0x7fa316fbadf0>,
                <kibot.kicad.v6_sch.SchematicFieldV6 object at 0x7fa316fbad50>,
                <kibot.kicad.v6_sch.SchematicFieldV6 object at 0x7fa316fbae90>,
                <kibot.kicad.v6_sch.SchematicFieldV6 object at 0x7fa316fbaf30>,
                <kibot.kicad.v6_sch.SchematicFieldV6 object at 0x7fa316fbafd0>,
                <kibot.kicad.v6_sch.SchematicFieldV6 object at 0x7fa316fbb070>],
 'fitted': True,
 'fixed': False,
 'footprint': 'Potentiometer_Bourns_3296W_Vertical',
 'footprint_h': 0,
 'footprint_lib': 'Potentiometer_THT',
 'footprint_rot': 0.0,
 'footprint_w': 0,
 'footprint_x': 0,
 'footprint_y': 0,
 'has_pcb_info': False,
 'id': 'e0f94fd5-20c2-4bd0-b7a5-e2418a58a50a',
 'in_bom': True,
 'in_bom_pcb': True,
 'in_pcb_only': False,
 'in_pos': True,
 'included': True,
 'is_power': False,
 'kicad_dnp': False,
 'lib': 'Device',
 'lib_id': 'Device:R_Potentiometer_US',
 'lib_symbol': <kibot.kicad.v6_sch.LibComponent object at 0x7fa3170f7750>,
 'local_name': None,
 'mirror': None,
 'name': 'R_Potentiometer_US',
 'net_class': '',
 'net_name': '',
 'offset_footprint_rot': 0.0,
 'on_board': True,
 'p_path': '/f91fc3da-5f4a-447d-a72e-43c2dd640f87',
 'p_path_ori': '/f91fc3da-5f4a-447d-a72e-43c2dd640f87',
 'pad_properties': {},
 'parent_component': None,
 'parent_sheet': <kibot.kicad.v6_sch.SchematicV6 object at 0x7fa3170f5450>,
 'path': '/',
 'pin_alternates': {},
 'pins': OrderedDict([('2', 'a5f4b4f8-6ff1-416d-9f65-bc8b2beef84f'),
                      ('1', '21c0bfb8-1322-47d1-9eb0-0721efebc1eb'),
                      ('3', 'a8c14e14-c4c3-40b3-b0d9-5ae985961f75')]),
 'pos_offset_x': None,
 'pos_offset_y': None,
 'project': 'iie_tp',
 'projects': [('iie_tp',
               [<kibot.kicad.v6_sch.SymbolInstance object at 0x7fa316f7d0f0>])],
 'qty': 1,
 'ref': 'R25',
 'ref_id': '',
 'ref_prefix': 'R',
 'ref_suffix': '25',
 'sheet_path': '/',
 'sheet_path_h': '/',
 'smd': False,
 'tht': False,
 'unit': 1,
 'unit_specified': True,
 'uuid': 'e0f94fd5-20c2-4bd0-b7a5-e2418a58a50a',
 'uuid_ori': 'e0f94fd5-20c2-4bd0-b7a5-e2418a58a50a',
 'value': '100k',
 'value_sort': <kibot.bom.units.ParsedValue object at 0x7fa316d05130>,
 'virtual': False,
 'x': 134.62,
 'y': 130.81} (kibot - xlsx_writer.py:607)
DEBUG:{'cfg': <kibot.out_bom.BoMOptions object at 0x7fa316b63390>,
 'components': [<kibot.kicad.v6_sch.SchematicComponentV6 object at 0x7fa316f26710>],
 'field_names': ['Row',
                 'Description',
                 'Part',
                 'Part Lib',
                 'References',
                 'Value',
                 'Footprint',
                 'Footprint Lib',
                 'Quantity Per PCB',
                 'Build Quantity',
                 'Status',
                 'Datasheet',
                 'Sheetpath',
                 'Source BoM',
                 'desc',
                 'Sim.Pins',
                 'Sim.Device',
                 'Sim.Library',
                 'Sim.Name',
                 'Row',
                 '${ITEM_NUMBER}'],
 'fields': {'${dnp}': '',
            '${exclude_from_board}': '',
            '${exclude_from_sim}': '',
            '${item_number}': '17',
            '${quantity}': '1',
            'build quantity': '1',
            'datasheet': 'https://ngspice.sourceforge.io/docs/ngspice-html-manual/manual.xhtml#sec__SUBCKT_Subcircuits',
            'desc': 'Operational amplifier, single',
            'description': '',
            'footprint': '',
            'footprint full': '',
            'footprint lib': None,
            'footprint populate': 'yes',
            'footprint rot': '0.0000',
            'footprint side': 'top',
            'footprint type': 'SMD',
            'footprint type nv': '',
            'footprint x': '0.0000',
            'footprint x-size': '0.0000',
            'footprint y': '0.0000',
            'footprint y-size': '0.0000',
            'net class': '',
            'net label': '',
            'net name': '',
            'part': 'OPAMP',
            'part lib': 'Simulation_SPICE',
            'quantity per pcb': '1',
            'references': 'U1',
            'row': '17',
            'sheetpath': '/',
            'sim.device': 'SUBCKT',
            'sim.library': '/usr/share/kicad/symbols/Simulation_SPICE.sp',
            'sim.name': 'kicad_builtin_opamp',
            'sim.pins': '1=in+ 2=in- 3=vcc 4=vee 5=out',
            'source bom': 'iie_tp(1)',
            'status': ' ',
            'value': '${SIM.PARAMS}'},
 'refs': {'U1iie_tp': <kibot.kicad.v6_sch.SchematicComponentV6 object at 0x7fa316f26710>},
 'total': 1} (kibot - xlsx_writer.py:604)
DEBUG:-- Components (kibot - xlsx_writer.py:605)
DEBUG:{'all_instances': {'/f91fc3da-5f4a-447d-a72e-43c2dd640f87': <kibot.kicad.v6_sch.SymbolInstance object at 0x7fa316f4a580>},
 'ang': 0,
 'annotation_error': False,
 'bottom': False,
 'convert': None,
 'datasheet': 'https://ngspice.sourceforge.io/docs/ngspice-html-manual/manual.xhtml#sec__SUBCKT_Subcircuits',
 'desc': '',
 'dfields': {'datasheet': <kibot.kicad.v6_sch.SchematicFieldV6 object at 0x7fa316f807d0>,
             'desc': <kibot.kicad.v6_sch.SchematicFieldV6 object at 0x7fa316f80690>,
             'footprint': <kibot.kicad.v6_sch.SchematicFieldV6 object at 0x7fa316f80870>,
             'part': <kibot.kicad.v6_sch.SchematicFieldV6 object at 0x7fa316e1f4d0>,
             'reference': <kibot.kicad.v6_sch.SchematicFieldV6 object at 0x7fa316f80910>,
             'sim.device': <kibot.kicad.v6_sch.SchematicFieldV6 object at 0x7fa316e1f2f0>,
             'sim.library': <kibot.kicad.v6_sch.SchematicFieldV6 object at 0x7fa316e1f390>,
             'sim.name': <kibot.kicad.v6_sch.SchematicFieldV6 object at 0x7fa316e1f430>,
             'sim.pins': <kibot.kicad.v6_sch.SchematicFieldV6 object at 0x7fa316f80730>,
             'value': <kibot.kicad.v6_sch.SchematicFieldV6 object at 0x7fa316f809b0>},
 'dfields_bkp': {'datasheet': <kibot.kicad.v6_sch.SchematicFieldV6 object at 0x7fa316ec9130>,
                 'description': <kibot.kicad.v6_sch.SchematicFieldV6 object at 0x7fa316ec91d0>,
                 'footprint': <kibot.kicad.v6_sch.SchematicFieldV6 object at 0x7fa316ec9090>,
                 'part': <kibot.kicad.v6_sch.SchematicFieldV6 object at 0x7fa316ec94f0>,
                 'reference': <kibot.kicad.v6_sch.SchematicFieldV6 object at 0x7fa316ec8ff0>,
                 'sim.device': <kibot.kicad.v6_sch.SchematicFieldV6 object at 0x7fa316ec9310>,
                 'sim.library': <kibot.kicad.v6_sch.SchematicFieldV6 object at 0x7fa316ec93b0>,
                 'sim.name': <kibot.kicad.v6_sch.SchematicFieldV6 object at 0x7fa316ec9450>,
                 'sim.pins': <kibot.kicad.v6_sch.SchematicFieldV6 object at 0x7fa316ec9270>,
                 'value': <kibot.kicad.v6_sch.SchematicFieldV6 object at 0x7fa316ec8f50>},
 'exclude_from_sim': False,
 'field_ref': 'U1',
 'fields': [<kibot.kicad.v6_sch.SchematicFieldV6 object at 0x7fa316f80910>,
            <kibot.kicad.v6_sch.SchematicFieldV6 object at 0x7fa316f809b0>,
            <kibot.kicad.v6_sch.SchematicFieldV6 object at 0x7fa316f80870>,
            <kibot.kicad.v6_sch.SchematicFieldV6 object at 0x7fa316f807d0>,
            <kibot.kicad.v6_sch.SchematicFieldV6 object at 0x7fa316f80690>,
            <kibot.kicad.v6_sch.SchematicFieldV6 object at 0x7fa316f80730>,
            <kibot.kicad.v6_sch.SchematicFieldV6 object at 0x7fa316e1f2f0>,
            <kibot.kicad.v6_sch.SchematicFieldV6 object at 0x7fa316e1f390>,
            <kibot.kicad.v6_sch.SchematicFieldV6 object at 0x7fa316e1f430>,
            <kibot.kicad.v6_sch.SchematicFieldV6 object at 0x7fa316e1f4d0>],
 'fields_autoplaced': True,
 'fields_bkp': [<kibot.kicad.v6_sch.SchematicFieldV6 object at 0x7fa316ec8ff0>,
                <kibot.kicad.v6_sch.SchematicFieldV6 object at 0x7fa316ec8f50>,
                <kibot.kicad.v6_sch.SchematicFieldV6 object at 0x7fa316ec9090>,
                <kibot.kicad.v6_sch.SchematicFieldV6 object at 0x7fa316ec9130>,
                <kibot.kicad.v6_sch.SchematicFieldV6 object at 0x7fa316ec91d0>,
                <kibot.kicad.v6_sch.SchematicFieldV6 object at 0x7fa316ec9270>,
                <kibot.kicad.v6_sch.SchematicFieldV6 object at 0x7fa316ec9310>,
                <kibot.kicad.v6_sch.SchematicFieldV6 object at 0x7fa316ec93b0>,
                <kibot.kicad.v6_sch.SchematicFieldV6 object at 0x7fa316ec9450>,
                <kibot.kicad.v6_sch.SchematicFieldV6 object at 0x7fa316ec94f0>],
 'fitted': True,
 'fixed': False,
 'footprint': '',
 'footprint_h': 0,
 'footprint_lib': None,
 'footprint_rot': 0.0,
 'footprint_w': 0,
 'footprint_x': 0,
 'footprint_y': 0,
 'has_pcb_info': False,
 'id': '2d73de2a-a682-4185-8a53-d9f99d0608d7',
 'in_bom': True,
 'in_bom_pcb': True,
 'in_pcb_only': False,
 'in_pos': True,
 'included': True,
 'is_power': False,
 'kicad_dnp': False,
 'lib': 'Simulation_SPICE',
 'lib_id': 'Simulation_SPICE:OPAMP',
 'lib_symbol': <kibot.kicad.v6_sch.LibComponent object at 0x7fa316f72d50>,
 'local_name': 'OPAMP_1',
 'mirror': None,
 'name': 'OPAMP',
 'net_class': '',
 'net_name': '',
 'offset_footprint_rot': 0.0,
 'on_board': True,
 'p_path': '/f91fc3da-5f4a-447d-a72e-43c2dd640f87',
 'p_path_ori': '/f91fc3da-5f4a-447d-a72e-43c2dd640f87',
 'pad_properties': {},
 'parent_component': None,
 'parent_sheet': <kibot.kicad.v6_sch.SchematicV6 object at 0x7fa3170f5450>,
 'path': '/',
 'pin_alternates': {},
 'pins': OrderedDict([('5', '0402b0a2-88e8-4f54-be94-afa9d4627ca8'),
                      ('4', '19cd3fb1-e9d0-44d6-a186-6cf15ab18f9f'),
                      ('1', 'f1697539-b0d6-4e72-a560-72ce35cb1df8'),
                      ('2', 'c750349b-60b9-4860-b9e5-35b0eaf28c0c'),
                      ('3', '095eed69-0ad8-4a01-b878-fd2b8f7d6ffa')]),
 'pos_offset_x': None,
 'pos_offset_y': None,
 'project': 'iie_tp',
 'projects': [('',
               [<kibot.kicad.v6_sch.SymbolInstance object at 0x7fa316f4a580>])],
 'qty': 1,
 'ref': 'U1',
 'ref_id': '',
 'ref_prefix': 'U',
 'ref_suffix': '1',
 'sheet_path': '/',
 'sheet_path_h': '/',
 'smd': False,
 'tht': False,
 'unit': 1,
 'unit_specified': True,
 'uuid': '2d73de2a-a682-4185-8a53-d9f99d0608d7',
 'uuid_ori': '2d73de2a-a682-4185-8a53-d9f99d0608d7',
 'value': '${SIM.PARAMS}',
 'value_sort': None,
 'virtual': False,
 'x': 115.57,
 'y': 62.23} (kibot - xlsx_writer.py:607)
DEBUG:{'cfg': <kibot.out_bom.BoMOptions object at 0x7fa316b63390>,
 'components': [<kibot.kicad.v6_sch.SchematicComponentV6 object at 0x7fa316f71d10>],
 'field_names': ['Row',
                 'Description',
                 'Part',
                 'Part Lib',
                 'References',
                 'Value',
                 'Footprint',
                 'Footprint Lib',
                 'Quantity Per PCB',
                 'Build Quantity',
                 'Status',
                 'Datasheet',
                 'Sheetpath',
                 'Source BoM',
                 'desc',
                 'Row',
                 '${ITEM_NUMBER}'],
 'fields': {'${dnp}': '',
            '${exclude_from_board}': '',
            '${exclude_from_sim}': '',
            '${item_number}': '18',
            '${quantity}': '1',
            'build quantity': '1',
            'datasheet': 'http://www.ti.com/lit/ds/symlink/lm386.pdf',
            'desc': 'Low Voltage Audio Power Amplifier, DIP-8/SOIC-8/SSOP-8',
            'description': '',
            'footprint': '',
            'footprint full': '',
            'footprint lib': None,
            'footprint populate': 'yes',
            'footprint rot': '0.0000',
            'footprint side': 'top',
            'footprint type': 'SMD',
            'footprint type nv': '',
            'footprint x': '0.0000',
            'footprint x-size': '0.0000',
            'footprint y': '0.0000',
            'footprint y-size': '0.0000',
            'net class': '',
            'net label': '',
            'net name': '',
            'part': 'LM386',
            'part lib': 'Amplifier_Audio',
            'quantity per pcb': '1',
            'references': 'U2',
            'row': '18',
            'sheetpath': '/',
            'source bom': 'iie_tp(1)',
            'status': ' ',
            'value': 'LM386'},
 'refs': {'U2iie_tp': <kibot.kicad.v6_sch.SchematicComponentV6 object at 0x7fa316f71d10>},
 'total': 1} (kibot - xlsx_writer.py:604)
DEBUG:-- Components (kibot - xlsx_writer.py:605)
DEBUG:{'all_instances': {'/f91fc3da-5f4a-447d-a72e-43c2dd640f87': <kibot.kicad.v6_sch.SymbolInstance object at 0x7fa316f7cbb0>},
 'ang': 0,
 'annotation_error': False,
 'bottom': False,
 'convert': None,
 'datasheet': 'http://www.ti.com/lit/ds/symlink/lm386.pdf',
 'desc': '',
 'dfields': {'datasheet': <kibot.kicad.v6_sch.SchematicFieldV6 object at 0x7fa316f93a70>,
             'desc': <kibot.kicad.v6_sch.SchematicFieldV6 object at 0x7fa316f54370>,
             'footprint': <kibot.kicad.v6_sch.SchematicFieldV6 object at 0x7fa316f939d0>,
             'part': <kibot.kicad.v6_sch.SchematicFieldV6 object at 0x7fa316f542d0>,
             'reference': <kibot.kicad.v6_sch.SchematicFieldV6 object at 0x7fa316f93930>,
             'value': <kibot.kicad.v6_sch.SchematicFieldV6 object at 0x7fa316f93890>},
 'dfields_bkp': {'datasheet': <kibot.kicad.v6_sch.SchematicFieldV6 object at 0x7fa316ec9770>,
                 'description': <kibot.kicad.v6_sch.SchematicFieldV6 object at 0x7fa316ec9810>,
                 'footprint': <kibot.kicad.v6_sch.SchematicFieldV6 object at 0x7fa316ec96d0>,
                 'part': <kibot.kicad.v6_sch.SchematicFieldV6 object at 0x7fa316ec98b0>,
                 'reference': <kibot.kicad.v6_sch.SchematicFieldV6 object at 0x7fa316ec9630>,
                 'value': <kibot.kicad.v6_sch.SchematicFieldV6 object at 0x7fa316ec9590>},
 'exclude_from_sim': False,
 'field_ref': 'U2',
 'fields': [<kibot.kicad.v6_sch.SchematicFieldV6 object at 0x7fa316f93930>,
            <kibot.kicad.v6_sch.SchematicFieldV6 object at 0x7fa316f93890>,
            <kibot.kicad.v6_sch.SchematicFieldV6 object at 0x7fa316f939d0>,
            <kibot.kicad.v6_sch.SchematicFieldV6 object at 0x7fa316f93a70>,
            <kibot.kicad.v6_sch.SchematicFieldV6 object at 0x7fa316f54370>,
            <kibot.kicad.v6_sch.SchematicFieldV6 object at 0x7fa316f542d0>],
 'fields_autoplaced': True,
 'fields_bkp': [<kibot.kicad.v6_sch.SchematicFieldV6 object at 0x7fa316ec9630>,
                <kibot.kicad.v6_sch.SchematicFieldV6 object at 0x7fa316ec9590>,
                <kibot.kicad.v6_sch.SchematicFieldV6 object at 0x7fa316ec96d0>,
                <kibot.kicad.v6_sch.SchematicFieldV6 object at 0x7fa316ec9770>,
                <kibot.kicad.v6_sch.SchematicFieldV6 object at 0x7fa316ec9810>,
                <kibot.kicad.v6_sch.SchematicFieldV6 object at 0x7fa316ec98b0>],
 'fitted': True,
 'fixed': False,
 'footprint': '',
 'footprint_h': 0,
 'footprint_lib': None,
 'footprint_rot': 0.0,
 'footprint_w': 0,
 'footprint_x': 0,
 'footprint_y': 0,
 'has_pcb_info': False,
 'id': 'beb2fe4e-d21d-4df9-bb55-acfa5259d9ef',
 'in_bom': True,
 'in_bom_pcb': True,
 'in_pcb_only': False,
 'in_pos': True,
 'included': True,
 'is_power': False,
 'kicad_dnp': False,
 'lib': 'Amplifier_Audio',
 'lib_id': 'Amplifier_Audio:LM386',
 'lib_symbol': <kibot.kicad.v6_sch.LibComponent object at 0x7fa3170f5590>,
 'local_name': None,
 'mirror': None,
 'name': 'LM386',
 'net_class': '',
 'net_name': '',
 'offset_footprint_rot': 0.0,
 'on_board': True,
 'p_path': '/f91fc3da-5f4a-447d-a72e-43c2dd640f87',
 'p_path_ori': '/f91fc3da-5f4a-447d-a72e-43c2dd640f87',
 'pad_properties': {},
 'parent_component': None,
 'parent_sheet': <kibot.kicad.v6_sch.SchematicV6 object at 0x7fa3170f5450>,
 'path': '/',
 'pin_alternates': {},
 'pins': OrderedDict([('7', '075877f0-5aa0-44ef-8612-dfe6cb07f780'),
                      ('3', 'f86d5e83-a3fa-4910-b460-bff637d6ba01'),
                      ('8', '0cd369cd-25c9-4397-b2b7-f7076e8c108b'),
                      ('4', 'b5c8c309-1f7a-4d74-ba6f-0c8650896c81'),
                      ('1', '00733580-389a-44f4-b4d1-8190a1dd2d42'),
                      ('6', '730f723f-7f85-4e42-bb02-7b65c7ab59a8'),
                      ('2', 'e2340eae-2295-4c55-86f1-96a76b59a3b2'),
                      ('5', 'e8fc9127-1c77-4959-9df4-d18c93c17d94')]),
 'pos_offset_x': None,
 'pos_offset_y': None,
 'project': 'iie_tp',
 'projects': [('',
               [<kibot.kicad.v6_sch.SymbolInstance object at 0x7fa316f7cbb0>])],
 'qty': 1,
 'ref': 'U2',
 'ref_id': '',
 'ref_prefix': 'U',
 'ref_suffix': '2',
 'sheet_path': '/',
 'sheet_path_h': '/',
 'smd': False,
 'tht': False,
 'unit': 1,
 'unit_specified': True,
 'uuid': 'beb2fe4e-d21d-4df9-bb55-acfa5259d9ef',
 'uuid_ori': 'beb2fe4e-d21d-4df9-bb55-acfa5259d9ef',
 'value': 'LM386',
 'value_sort': None,
 'virtual': False,
 'x': 158.75,
 'y': 133.35} (kibot - xlsx_writer.py:607)
DEBUG:No config file found (/github/home/.config/kicost/config.yaml) (kibot.kicost - config.py:180)
WARNING:(WC018) You should create a configuration file named `/github/home/.config/kicost/config.yaml` containing your credentials (kibot.kicost - config.py:181)
WARNING:(WC018) Please consult the docs: https://hildogjr.github.io/KiCost/docs/_build/singlehtml/index.html#document-configuration (kibot.kicost - config.py:182)
WARNING:(WC017) Can't enable Digi-Key without a `client_id`, `client_secret` and `cache_path` (kibot.kicost.dist - api_digikey.py:131)
WARNING:(WC017) Can't enable Mouser without a `key` (kibot.kicost.dist - api_mouser.py:289)
WARNING:(WC017) Can't enable Elemen14 without a `key` (kibot.kicost.dist - api_element14.py:262)
WARNING:(WC017) Can't enable TME without a `token` and an `app_secret` (kibot.kicost.dist - api_tme.py:296)
WARNING:(WC017) Can't enable Nexar without a `client_id`, `client_secret` and `cache_path` (kibot.kicost.dist - api_nexar.py:209)
DEBUG:Scrape API list ['Local', 'Digi-Key(Disabled)', 'Mouser(Disabled)', 'Element14(Disabled)', 'TME(Disabled)', 'Nexar(Disabled)', 'KitSpace(Disabled)'] (kibot.kicost - kicost.py:75)
DEBUG:Starting to search using distributors: [] (kibot.kicost.dist - distributor.py:150)
DEBUG:Distributors after local discovery: [] (kibot.kicost.dist - distributor.py:155)
DEBUG:Considering: Local [] (kibot.kicost.dist - distributor.py:159)
DEBUG:Considering: Digi-Key ['digikey'] (kibot.kicost.dist - distributor.py:159)
DEBUG:Considering: Mouser ['mouser'] (kibot.kicost.dist - distributor.py:159)
DEBUG:Considering: Element14 ['farnell', 'newark'] (kibot.kicost.dist - distributor.py:159)
DEBUG:Considering: TME ['tme'] (kibot.kicost.dist - distributor.py:159)
DEBUG:Considering: Nexar ['arrow', 'digikey', 'farnell', 'lcsc', 'mouser', 'newark', 'rs', 'tme'] (kibot.kicost.dist - distributor.py:159)
DEBUG:Considering: KitSpace ['digikey', 'farnell', 'mouser', 'newark', 'rs', 'arrow', 'tme', 'lcsc'] (kibot.kicost.dist - distributor.py:159)
DEBUG:Sorting the distributors... (kibot.kicost - spreadsheet.py:509)
DEBUG:Writing the global information... (kibot.kicost - spreadsheet.py:602)
DEBUG:['refs', 'value', 'desc', 'footprint', 'manf#', 'qty', 'unit_price', 'ext_price'] (kibot.kicost - spreadsheet.py:667)
DEBUG:Writing the distributors information... (kibot.kicost - spreadsheet.py:525)
DEBUG:Writing the global prices information... (kibot.kicost - spreadsheet.py:760)
DEBUG:Getting distributor currency convertion rate ['USD'] to USD... (kibot.kicost - spreadsheet.py:894)
DEBUG:Adjusting cell sizes (kibot.kicost - spreadsheet.py:350)
DEBUG:XLSX Output -> /__w/iie_tp/iie_tp/Generated/BoM/Costs/iie_tp-bom.xlsx (kibot - bom_writer.py:52)
DEBUG:Using global `output`=`%f-%i%I%v.%x` (kibot - optionable.py:58)
DEBUG:Valid columns: ['Row', 'Description', 'Part', 'Part Lib', 'References', 'Value', 'Footprint', 'Footprint Lib', 'Quantity Per PCB', 'Build Quantity', 'Status', 'Datasheet', 'Sheetpath', 'Source BoM', 'Reference', 'Sim.Pins', 'Sim.Device', 'Sim.Library', 'Sim.Name'] (19) (kibot - out_bom.py:697)
DEBUG:Importing BoM settings from project (kibot - out_bom.py:704)
DEBUG:Valid columns: ['Row', 'Description', 'Part', 'Part Lib', 'References', 'Value', 'Footprint', 'Footprint Lib', 'Quantity Per PCB', 'Build Quantity', 'Status', 'Datasheet', 'Sheetpath', 'Source BoM', 'Reference', 'Sim.Pins', 'Sim.Device', 'Sim.Library', 'Sim.Name'] (19) (kibot - out_bom.py:697)
- 'BoM using KiCad settings' (kicad_internal_bom) [bom]
DEBUG:Expanding `Generated/BoM/KiCad` in SCH context for <kibot.out_bom.BoMOptions object at 0x7fa316e63ed0> parent: 'BoM using KiCad settings' (kicad_internal_bom) [bom] (kibot - optionable.py:493)
DEBUG:Expanded `Generated/BoM/KiCad` (kibot - optionable.py:539)
DEBUG:Output destination: /__w/iie_tp/iie_tp/Generated/BoM/KiCad (kibot - kiplot.py:565)
DEBUG:Expanding `%f-%i%I%v.%x` in SCH context for <kibot.out_bom.BoMOptions object at 0x7fa316e63ed0> parent: 'BoM using KiCad settings' (kicad_internal_bom) [bom] (kibot - optionable.py:493)
DEBUG:Expanded `iie_tp-bom.csv` (kibot - optionable.py:539)
DEBUG:Before collapse: (kibot - v5_sch.py:1717)
DEBUG:C8 (C_Polarized_Small_US): 1 {'Reference': 'C8', 'Value': 'C_Polarized_Small_US', 'Footprint': '', 'Datasheet': '~', 'desc': 'Polarized capacitor, small US symbol', 'part': 'C_Polarized_Small_US'} (kibot - v5_sch.py:1720)
DEBUG:R21 (R_US 2k2): 1 {'Reference': 'R21', 'Value': '2k2', 'Footprint': '', 'Datasheet': '~', 'desc': 'Resistor, US symbol', 'part': 'R_US'} (kibot - v5_sch.py:1720)
DEBUG:R23 (R_US 2k2): 1 {'Reference': 'R23', 'Value': '2k2', 'Footprint': '', 'Datasheet': '~', 'desc': 'Resistor, US symbol', 'part': 'R_US'} (kibot - v5_sch.py:1720)
DEBUG:A1 (Arduino_UNO_R3): 1 {'Reference': 'A1', 'Value': 'Arduino_UNO_R3', 'Footprint': 'Module:Arduino_UNO_R3', 'Datasheet': 'https://www.arduino.cc/en/Main/arduinoBoardUno', 'desc': 'Arduino UNO Microcontroller Module, release 3', 'part': 'Arduino_UNO_R3'} (kibot - v5_sch.py:1720)
DEBUG:R8 (R_US 2k2): 1 {'Reference': 'R8', 'Value': '2k2', 'Footprint': '', 'Datasheet': '~', 'desc': 'Resistor, US symbol', 'part': 'R_US'} (kibot - v5_sch.py:1720)
DEBUG:R13 (R_US 2k2): 1 {'Reference': 'R13', 'Value': '2k2', 'Footprint': '', 'Datasheet': '~', 'desc': 'Resistor, US symbol', 'part': 'R_US'} (kibot - v5_sch.py:1720)
DEBUG:R1 (R_US 4k7): 1 {'Reference': 'R1', 'Value': '4k7', 'Footprint': 'Resistor_THT:R_Axial_Power_L25.0mm_W6.4mm_P27.94mm', 'Datasheet': '~', 'desc': 'Resistor, US symbol', 'part': 'R_US'} (kibot - v5_sch.py:1720)
DEBUG:J5 (Conn_01x02): 1 {'Reference': 'J5', 'Value': 'Conn_01x02', 'Footprint': 'Connector_Phoenix_SPT:PhoenixContact_SPT_2.5_2-H-5.0_1x02_P5.0mm_Horizontal', 'Datasheet': '~', 'desc': 'Generic connector, single row, 01x02, script generated (kicad-library-utils/schlib/autogen/connector/)', 'part': 'Conn_01x02'} (kibot - v5_sch.py:1720)
DEBUG:R17 (R_US 2k2): 1 {'Reference': 'R17', 'Value': '2k2', 'Footprint': '', 'Datasheet': '~', 'desc': 'Resistor, US symbol', 'part': 'R_US'} (kibot - v5_sch.py:1720)
DEBUG:C7 (C_Small): 1 {'Reference': 'C7', 'Value': 'C_Small', 'Footprint': '', 'Datasheet': '~', 'desc': 'Unpolarized capacitor, small symbol', 'part': 'C_Small'} (kibot - v5_sch.py:1720)
DEBUG:R4 (R_US 8k2): 1 {'Reference': 'R4', 'Value': '8k2', 'Footprint': 'Resistor_THT:R_Axial_Power_L25.0mm_W6.4mm_P27.94mm', 'Datasheet': '~', 'desc': 'Resistor, US symbol', 'part': 'R_US'} (kibot - v5_sch.py:1720)
DEBUG:U1 (OPAMP ${SIM.PARAMS}): 1 {'Reference': 'U1', 'Value': '${SIM.PARAMS}', 'Footprint': '', 'Datasheet': 'https://ngspice.sourceforge.io/docs/ngspice-html-manual/manual.xhtml#sec__SUBCKT_Subcircuits', 'desc': 'Operational amplifier, single', 'Sim.Pins': '1=in+ 2=in- 3=vcc 4=vee 5=out', 'Sim.Device': 'SUBCKT', 'Sim.Library': '/usr/share/kicad/symbols/Simulation_SPICE.sp', 'Sim.Name': 'kicad_builtin_opamp', 'part': 'OPAMP'} (kibot - v5_sch.py:1720)
DEBUG:C5 (C_Polarized_Small_US 10u): 1 {'Reference': 'C5', 'Value': '10u', 'Footprint': '', 'Datasheet': '~', 'desc': 'Polarized capacitor, small US symbol', 'part': 'C_Polarized_Small_US'} (kibot - v5_sch.py:1720)
DEBUG:R15 (R_US 2k2): 1 {'Reference': 'R15', 'Value': '2k2', 'Footprint': '', 'Datasheet': '~', 'desc': 'Resistor, US symbol', 'part': 'R_US'} (kibot - v5_sch.py:1720)
DEBUG:C2 (C 10n): 1 {'Reference': 'C2', 'Value': '10n', 'Footprint': 'Capacitor_THT:C_Disc_D7.0mm_W2.5mm_P5.00mm', 'Datasheet': '~', 'desc': 'Unpolarized capacitor', 'part': 'C'} (kibot - v5_sch.py:1720)
DEBUG:J3 (Conn_01x01): 1 {'Reference': 'J3', 'Value': 'Conn_01x01', 'Footprint': 'Connector_PinSocket_1.27mm:PinSocket_1x01_P1.27mm_Vertical', 'Datasheet': '~', 'desc': 'Generic connector, single row, 01x01, script generated (kicad-library-utils/schlib/autogen/connector/)', 'part': 'Conn_01x01'} (kibot - v5_sch.py:1720)
DEBUG:LS1 (Speaker): 1 {'Reference': 'LS1', 'Value': 'Speaker', 'Footprint': '', 'Datasheet': '~', 'desc': 'Speaker', 'part': 'Speaker'} (kibot - v5_sch.py:1720)
DEBUG:J6 (Conn_01x02): 1 {'Reference': 'J6', 'Value': 'Conn_01x02', 'Footprint': '', 'Datasheet': '~', 'desc': 'Generic connector, single row, 01x02, script generated (kicad-library-utils/schlib/autogen/connector/)', 'part': 'Conn_01x02'} (kibot - v5_sch.py:1720)
DEBUG:R7 (R_US 2k2): 1 {'Reference': 'R7', 'Value': '2k2', 'Footprint': '', 'Datasheet': '~', 'desc': 'Resistor, US symbol', 'part': 'R_US'} (kibot - v5_sch.py:1720)
DEBUG:J4 (Conn_01x01): 1 {'Reference': 'J4', 'Value': 'Conn_01x01', 'Footprint': 'Connector_PinSocket_1.27mm:PinSocket_1x01_P1.27mm_Vertical', 'Datasheet': '~', 'desc': 'Generic connector, single row, 01x01, script generated (kicad-library-utils/schlib/autogen/connector/)', 'part': 'Conn_01x01'} (kibot - v5_sch.py:1720)
DEBUG:R24 (R_US 2k2): 1 {'Reference': 'R24', 'Value': '2k2', 'Footprint': '', 'Datasheet': '~', 'desc': 'Resistor, US symbol', 'part': 'R_US'} (kibot - v5_sch.py:1720)
DEBUG:J7 (Conn_01x03): 1 {'Reference': 'J7', 'Value': 'Conn_01x03', 'Footprint': '', 'Datasheet': '~', 'desc': 'Generic connector, single row, 01x03, script generated (kicad-library-utils/schlib/autogen/connector/)', 'part': 'Conn_01x03'} (kibot - v5_sch.py:1720)
DEBUG:R6 (R_US 2k2): 1 {'Reference': 'R6', 'Value': '2k2', 'Footprint': '', 'Datasheet': '~', 'desc': 'Resistor, US symbol', 'part': 'R_US'} (kibot - v5_sch.py:1720)
DEBUG:R16 (R_US 2k2): 1 {'Reference': 'R16', 'Value': '2k2', 'Footprint': '', 'Datasheet': '~', 'desc': 'Resistor, US symbol', 'part': 'R_US'} (kibot - v5_sch.py:1720)
DEBUG:R26 (R_US 2k2): 1 {'Reference': 'R26', 'Value': '2k2', 'Footprint': '', 'Datasheet': '~', 'desc': 'Resistor, US symbol', 'part': 'R_US'} (kibot - v5_sch.py:1720)
DEBUG:R18 (R_US 2k2): 1 {'Reference': 'R18', 'Value': '2k2', 'Footprint': '', 'Datasheet': '~', 'desc': 'Resistor, US symbol', 'part': 'R_US'} (kibot - v5_sch.py:1720)
DEBUG:R22 (R_US 2k2): 1 {'Reference': 'R22', 'Value': '2k2', 'Footprint': '', 'Datasheet': '~', 'desc': 'Resistor, US symbol', 'part': 'R_US'} (kibot - v5_sch.py:1720)
DEBUG:J1 (Conn_01x03): 1 {'Reference': 'J1', 'Value': 'Conn_01x03', 'Footprint': 'Connector_PinHeader_1.00mm:PinHeader_1x03_P1.00mm_Vertical', 'Datasheet': '~', 'desc': 'Generic connector, single row, 01x03, script generated (kicad-library-utils/schlib/autogen/connector/)', 'part': 'Conn_01x03'} (kibot - v5_sch.py:1720)
DEBUG:C4 (C_Polarized_Small_US 47n): 1 {'Reference': 'C4', 'Value': '47n', 'Footprint': '', 'Datasheet': '~', 'desc': 'Polarized capacitor, small US symbol', 'part': 'C_Polarized_Small_US'} (kibot - v5_sch.py:1720)
DEBUG:R9 (R_US 2k2): 1 {'Reference': 'R9', 'Value': '2k2', 'Footprint': '', 'Datasheet': '~', 'desc': 'Resistor, US symbol', 'part': 'R_US'} (kibot - v5_sch.py:1720)
DEBUG:R3 (R_Potentiometer_US 100k): 1 {'Reference': 'R3', 'Value': '100k', 'Footprint': 'Potentiometer_THT:Potentiometer_Bourns_3296W_Vertical', 'Datasheet': '~', 'desc': 'Potentiometer, US symbol', 'part': 'R_Potentiometer_US'} (kibot - v5_sch.py:1720)
DEBUG:R5 (R_US 2k2): 1 {'Reference': 'R5', 'Value': '2k2', 'Footprint': 'Resistor_THT:R_Axial_Power_L25.0mm_W6.4mm_P27.94mm', 'Datasheet': '~', 'desc': 'Resistor, US symbol', 'part': 'R_US'} (kibot - v5_sch.py:1720)
DEBUG:C6 (C_Small): 1 {'Reference': 'C6', 'Value': 'C_Small', 'Footprint': '', 'Datasheet': '~', 'desc': 'Unpolarized capacitor, small symbol', 'part': 'C_Small'} (kibot - v5_sch.py:1720)
DEBUG:R10 (R_US 2k2): 1 {'Reference': 'R10', 'Value': '2k2', 'Footprint': '', 'Datasheet': '~', 'desc': 'Resistor, US symbol', 'part': 'R_US'} (kibot - v5_sch.py:1720)
DEBUG:R2 (R_Potentiometer_US 100k): 1 {'Reference': 'R2', 'Value': '100k', 'Footprint': 'Potentiometer_THT:Potentiometer_Bourns_3296W_Vertical', 'Datasheet': '~', 'desc': 'Potentiometer, US symbol', 'part': 'R_Potentiometer_US'} (kibot - v5_sch.py:1720)
DEBUG:R12 (R_US 2k2): 1 {'Reference': 'R12', 'Value': '2k2', 'Footprint': '', 'Datasheet': '~', 'desc': 'Resistor, US symbol', 'part': 'R_US'} (kibot - v5_sch.py:1720)
DEBUG:R20 (R_US 2k2): 1 {'Reference': 'R20', 'Value': '2k2', 'Footprint': '', 'Datasheet': '~', 'desc': 'Resistor, US symbol', 'part': 'R_US'} (kibot - v5_sch.py:1720)
DEBUG:J8 (AudioJack2_Ground): 1 {'Reference': 'J8', 'Value': 'AudioJack2_Ground', 'Footprint': '', 'Datasheet': '~', 'desc': 'Audio Jack, 2 Poles (Mono / TS), Grounded Sleeve', 'part': 'AudioJack2_Ground'} (kibot - v5_sch.py:1720)
DEBUG:U2 (LM386): 1 {'Reference': 'U2', 'Value': 'LM386', 'Footprint': '', 'Datasheet': 'http://www.ti.com/lit/ds/symlink/lm386.pdf', 'desc': 'Low Voltage Audio Power Amplifier, DIP-8/SOIC-8/SSOP-8', 'part': 'LM386'} (kibot - v5_sch.py:1720)
DEBUG:R14 (R_US 2k2): 1 {'Reference': 'R14', 'Value': '2k2', 'Footprint': '', 'Datasheet': '~', 'desc': 'Resistor, US symbol', 'part': 'R_US'} (kibot - v5_sch.py:1720)
DEBUG:J2 (Conn_01x02): 1 {'Reference': 'J2', 'Value': 'Conn_01x02', 'Footprint': 'Connector_Phoenix_SPT:PhoenixContact_SPT_2.5_2-H-5.0_1x02_P5.0mm_Horizontal', 'Datasheet': '~', 'desc': 'Generic connector, single row, 01x02, script generated (kicad-library-utils/schlib/autogen/connector/)', 'part': 'Conn_01x02'} (kibot - v5_sch.py:1720)
DEBUG:R11 (R_US 2k2): 1 {'Reference': 'R11', 'Value': '2k2', 'Footprint': '', 'Datasheet': '~', 'desc': 'Resistor, US symbol', 'part': 'R_US'} (kibot - v5_sch.py:1720)
DEBUG:C1 (C_Polarized_Small_US 10u): 1 {'Reference': 'C1', 'Value': '10u', 'Footprint': 'Capacitor_THT:CP_Radial_D10.0mm_P5.00mm_P7.50mm', 'Datasheet': '~', 'desc': 'Polarized capacitor, small US symbol', 'part': 'C_Polarized_Small_US'} (kibot - v5_sch.py:1720)
DEBUG:R25 (R_Potentiometer_US 100k): 1 {'Reference': 'R25', 'Value': '100k', 'Footprint': 'Potentiometer_THT:Potentiometer_Bourns_3296W_Vertical', 'Datasheet': '~', 'desc': 'Potentiometer, US symbol', 'part': 'R_Potentiometer_US'} (kibot - v5_sch.py:1720)
DEBUG:C3 (C_Polarized_Small_US 10u): 1 {'Reference': 'C3', 'Value': '10u', 'Footprint': 'Capacitor_THT:CP_Radial_D10.0mm_P5.00mm_P7.50mm', 'Datasheet': '~', 'desc': 'Polarized capacitor, small US symbol', 'part': 'C_Polarized_Small_US'} (kibot - v5_sch.py:1720)
DEBUG:R19 (R_US 2k2): 1 {'Reference': 'R19', 'Value': '2k2', 'Footprint': '', 'Datasheet': '~', 'desc': 'Resistor, US symbol', 'part': 'R_US'} (kibot - v5_sch.py:1720)
DEBUG:MK1 (Microphone Mic): 1 {'Reference': 'MK1', 'Value': 'Mic', 'Footprint': 'Sensor_Audio:POM-2244P-C3310-2-R', 'Datasheet': '~', 'desc': 'Microphone', 'part': 'Microphone'} (kibot - v5_sch.py:1720)
DEBUG:After collapse: (kibot - v5_sch.py:1759)
DEBUG:C8 (C_Polarized_Small_US): 1 {'Reference': 'C8', 'Value': 'C_Polarized_Small_US', 'Footprint': '', 'Datasheet': '~', 'desc': 'Polarized capacitor, small US symbol', 'part': 'C_Polarized_Small_US'} (kibot - v5_sch.py:1762)
DEBUG:R21 (R_US 2k2): 1 {'Reference': 'R21', 'Value': '2k2', 'Footprint': '', 'Datasheet': '~', 'desc': 'Resistor, US symbol', 'part': 'R_US'} (kibot - v5_sch.py:1762)
DEBUG:R23 (R_US 2k2): 1 {'Reference': 'R23', 'Value': '2k2', 'Footprint': '', 'Datasheet': '~', 'desc': 'Resistor, US symbol', 'part': 'R_US'} (kibot - v5_sch.py:1762)
DEBUG:A1 (Arduino_UNO_R3): 1 {'Reference': 'A1', 'Value': 'Arduino_UNO_R3', 'Footprint': 'Module:Arduino_UNO_R3', 'Datasheet': 'https://www.arduino.cc/en/Main/arduinoBoardUno', 'desc': 'Arduino UNO Microcontroller Module, release 3', 'part': 'Arduino_UNO_R3'} (kibot - v5_sch.py:1762)
DEBUG:R8 (R_US 2k2): 1 {'Reference': 'R8', 'Value': '2k2', 'Footprint': '', 'Datasheet': '~', 'desc': 'Resistor, US symbol', 'part': 'R_US'} (kibot - v5_sch.py:1762)
DEBUG:R13 (R_US 2k2): 1 {'Reference': 'R13', 'Value': '2k2', 'Footprint': '', 'Datasheet': '~', 'desc': 'Resistor, US symbol', 'part': 'R_US'} (kibot - v5_sch.py:1762)
DEBUG:R1 (R_US 4k7): 1 {'Reference': 'R1', 'Value': '4k7', 'Footprint': 'Resistor_THT:R_Axial_Power_L25.0mm_W6.4mm_P27.94mm', 'Datasheet': '~', 'desc': 'Resistor, US symbol', 'part': 'R_US'} (kibot - v5_sch.py:1762)
DEBUG:J5 (Conn_01x02): 1 {'Reference': 'J5', 'Value': 'Conn_01x02', 'Footprint': 'Connector_Phoenix_SPT:PhoenixContact_SPT_2.5_2-H-5.0_1x02_P5.0mm_Horizontal', 'Datasheet': '~', 'desc': 'Generic connector, single row, 01x02, script generated (kicad-library-utils/schlib/autogen/connector/)', 'part': 'Conn_01x02'} (kibot - v5_sch.py:1762)
DEBUG:R17 (R_US 2k2): 1 {'Reference': 'R17', 'Value': '2k2', 'Footprint': '', 'Datasheet': '~', 'desc': 'Resistor, US symbol', 'part': 'R_US'} (kibot - v5_sch.py:1762)
DEBUG:C7 (C_Small): 1 {'Reference': 'C7', 'Value': 'C_Small', 'Footprint': '', 'Datasheet': '~', 'desc': 'Unpolarized capacitor, small symbol', 'part': 'C_Small'} (kibot - v5_sch.py:1762)
DEBUG:R4 (R_US 8k2): 1 {'Reference': 'R4', 'Value': '8k2', 'Footprint': 'Resistor_THT:R_Axial_Power_L25.0mm_W6.4mm_P27.94mm', 'Datasheet': '~', 'desc': 'Resistor, US symbol', 'part': 'R_US'} (kibot - v5_sch.py:1762)
DEBUG:U1 (OPAMP ${SIM.PARAMS}): 1 {'Reference': 'U1', 'Value': '${SIM.PARAMS}', 'Footprint': '', 'Datasheet': 'https://ngspice.sourceforge.io/docs/ngspice-html-manual/manual.xhtml#sec__SUBCKT_Subcircuits', 'desc': 'Operational amplifier, single', 'Sim.Pins': '1=in+ 2=in- 3=vcc 4=vee 5=out', 'Sim.Device': 'SUBCKT', 'Sim.Library': '/usr/share/kicad/symbols/Simulation_SPICE.sp', 'Sim.Name': 'kicad_builtin_opamp', 'part': 'OPAMP'} (kibot - v5_sch.py:1762)
DEBUG:C5 (C_Polarized_Small_US 10u): 1 {'Reference': 'C5', 'Value': '10u', 'Footprint': '', 'Datasheet': '~', 'desc': 'Polarized capacitor, small US symbol', 'part': 'C_Polarized_Small_US'} (kibot - v5_sch.py:1762)
DEBUG:R15 (R_US 2k2): 1 {'Reference': 'R15', 'Value': '2k2', 'Footprint': '', 'Datasheet': '~', 'desc': 'Resistor, US symbol', 'part': 'R_US'} (kibot - v5_sch.py:1762)
DEBUG:C2 (C 10n): 1 {'Reference': 'C2', 'Value': '10n', 'Footprint': 'Capacitor_THT:C_Disc_D7.0mm_W2.5mm_P5.00mm', 'Datasheet': '~', 'desc': 'Unpolarized capacitor', 'part': 'C'} (kibot - v5_sch.py:1762)
DEBUG:J3 (Conn_01x01): 1 {'Reference': 'J3', 'Value': 'Conn_01x01', 'Footprint': 'Connector_PinSocket_1.27mm:PinSocket_1x01_P1.27mm_Vertical', 'Datasheet': '~', 'desc': 'Generic connector, single row, 01x01, script generated (kicad-library-utils/schlib/autogen/connector/)', 'part': 'Conn_01x01'} (kibot - v5_sch.py:1762)
DEBUG:LS1 (Speaker): 1 {'Reference': 'LS1', 'Value': 'Speaker', 'Footprint': '', 'Datasheet': '~', 'desc': 'Speaker', 'part': 'Speaker'} (kibot - v5_sch.py:1762)
DEBUG:J6 (Conn_01x02): 1 {'Reference': 'J6', 'Value': 'Conn_01x02', 'Footprint': '', 'Datasheet': '~', 'desc': 'Generic connector, single row, 01x02, script generated (kicad-library-utils/schlib/autogen/connector/)', 'part': 'Conn_01x02'} (kibot - v5_sch.py:1762)
DEBUG:R7 (R_US 2k2): 1 {'Reference': 'R7', 'Value': '2k2', 'Footprint': '', 'Datasheet': '~', 'desc': 'Resistor, US symbol', 'part': 'R_US'} (kibot - v5_sch.py:1762)
DEBUG:J4 (Conn_01x01): 1 {'Reference': 'J4', 'Value': 'Conn_01x01', 'Footprint': 'Connector_PinSocket_1.27mm:PinSocket_1x01_P1.27mm_Vertical', 'Datasheet': '~', 'desc': 'Generic connector, single row, 01x01, script generated (kicad-library-utils/schlib/autogen/connector/)', 'part': 'Conn_01x01'} (kibot - v5_sch.py:1762)
DEBUG:R24 (R_US 2k2): 1 {'Reference': 'R24', 'Value': '2k2', 'Footprint': '', 'Datasheet': '~', 'desc': 'Resistor, US symbol', 'part': 'R_US'} (kibot - v5_sch.py:1762)
DEBUG:J7 (Conn_01x03): 1 {'Reference': 'J7', 'Value': 'Conn_01x03', 'Footprint': '', 'Datasheet': '~', 'desc': 'Generic connector, single row, 01x03, script generated (kicad-library-utils/schlib/autogen/connector/)', 'part': 'Conn_01x03'} (kibot - v5_sch.py:1762)
DEBUG:R6 (R_US 2k2): 1 {'Reference': 'R6', 'Value': '2k2', 'Footprint': '', 'Datasheet': '~', 'desc': 'Resistor, US symbol', 'part': 'R_US'} (kibot - v5_sch.py:1762)
DEBUG:R16 (R_US 2k2): 1 {'Reference': 'R16', 'Value': '2k2', 'Footprint': '', 'Datasheet': '~', 'desc': 'Resistor, US symbol', 'part': 'R_US'} (kibot - v5_sch.py:1762)
DEBUG:R26 (R_US 2k2): 1 {'Reference': 'R26', 'Value': '2k2', 'Footprint': '', 'Datasheet': '~', 'desc': 'Resistor, US symbol', 'part': 'R_US'} (kibot - v5_sch.py:1762)
DEBUG:R18 (R_US 2k2): 1 {'Reference': 'R18', 'Value': '2k2', 'Footprint': '', 'Datasheet': '~', 'desc': 'Resistor, US symbol', 'part': 'R_US'} (kibot - v5_sch.py:1762)
DEBUG:R22 (R_US 2k2): 1 {'Reference': 'R22', 'Value': '2k2', 'Footprint': '', 'Datasheet': '~', 'desc': 'Resistor, US symbol', 'part': 'R_US'} (kibot - v5_sch.py:1762)
DEBUG:J1 (Conn_01x03): 1 {'Reference': 'J1', 'Value': 'Conn_01x03', 'Footprint': 'Connector_PinHeader_1.00mm:PinHeader_1x03_P1.00mm_Vertical', 'Datasheet': '~', 'desc': 'Generic connector, single row, 01x03, script generated (kicad-library-utils/schlib/autogen/connector/)', 'part': 'Conn_01x03'} (kibot - v5_sch.py:1762)
DEBUG:C4 (C_Polarized_Small_US 47n): 1 {'Reference': 'C4', 'Value': '47n', 'Footprint': '', 'Datasheet': '~', 'desc': 'Polarized capacitor, small US symbol', 'part': 'C_Polarized_Small_US'} (kibot - v5_sch.py:1762)
DEBUG:R9 (R_US 2k2): 1 {'Reference': 'R9', 'Value': '2k2', 'Footprint': '', 'Datasheet': '~', 'desc': 'Resistor, US symbol', 'part': 'R_US'} (kibot - v5_sch.py:1762)
DEBUG:R3 (R_Potentiometer_US 100k): 1 {'Reference': 'R3', 'Value': '100k', 'Footprint': 'Potentiometer_THT:Potentiometer_Bourns_3296W_Vertical', 'Datasheet': '~', 'desc': 'Potentiometer, US symbol', 'part': 'R_Potentiometer_US'} (kibot - v5_sch.py:1762)
DEBUG:R5 (R_US 2k2): 1 {'Reference': 'R5', 'Value': '2k2', 'Footprint': 'Resistor_THT:R_Axial_Power_L25.0mm_W6.4mm_P27.94mm', 'Datasheet': '~', 'desc': 'Resistor, US symbol', 'part': 'R_US'} (kibot - v5_sch.py:1762)
DEBUG:C6 (C_Small): 1 {'Reference': 'C6', 'Value': 'C_Small', 'Footprint': '', 'Datasheet': '~', 'desc': 'Unpolarized capacitor, small symbol', 'part': 'C_Small'} (kibot - v5_sch.py:1762)
DEBUG:R10 (R_US 2k2): 1 {'Reference': 'R10', 'Value': '2k2', 'Footprint': '', 'Datasheet': '~', 'desc': 'Resistor, US symbol', 'part': 'R_US'} (kibot - v5_sch.py:1762)
DEBUG:R2 (R_Potentiometer_US 100k): 1 {'Reference': 'R2', 'Value': '100k', 'Footprint': 'Potentiometer_THT:Potentiometer_Bourns_3296W_Vertical', 'Datasheet': '~', 'desc': 'Potentiometer, US symbol', 'part': 'R_Potentiometer_US'} (kibot - v5_sch.py:1762)
DEBUG:R12 (R_US 2k2): 1 {'Reference': 'R12', 'Value': '2k2', 'Footprint': '', 'Datasheet': '~', 'desc': 'Resistor, US symbol', 'part': 'R_US'} (kibot - v5_sch.py:1762)
DEBUG:R20 (R_US 2k2): 1 {'Reference': 'R20', 'Value': '2k2', 'Footprint': '', 'Datasheet': '~', 'desc': 'Resistor, US symbol', 'part': 'R_US'} (kibot - v5_sch.py:1762)
DEBUG:J8 (AudioJack2_Ground): 1 {'Reference': 'J8', 'Value': 'AudioJack2_Ground', 'Footprint': '', 'Datasheet': '~', 'desc': 'Audio Jack, 2 Poles (Mono / TS), Grounded Sleeve', 'part': 'AudioJack2_Ground'} (kibot - v5_sch.py:1762)
DEBUG:U2 (LM386): 1 {'Reference': 'U2', 'Value': 'LM386', 'Footprint': '', 'Datasheet': 'http://www.ti.com/lit/ds/symlink/lm386.pdf', 'desc': 'Low Voltage Audio Power Amplifier, DIP-8/SOIC-8/SSOP-8', 'part': 'LM386'} (kibot - v5_sch.py:1762)
DEBUG:R14 (R_US 2k2): 1 {'Reference': 'R14', 'Value': '2k2', 'Footprint': '', 'Datasheet': '~', 'desc': 'Resistor, US symbol', 'part': 'R_US'} (kibot - v5_sch.py:1762)
DEBUG:J2 (Conn_01x02): 1 {'Reference': 'J2', 'Value': 'Conn_01x02', 'Footprint': 'Connector_Phoenix_SPT:PhoenixContact_SPT_2.5_2-H-5.0_1x02_P5.0mm_Horizontal', 'Datasheet': '~', 'desc': 'Generic connector, single row, 01x02, script generated (kicad-library-utils/schlib/autogen/connector/)', 'part': 'Conn_01x02'} (kibot - v5_sch.py:1762)
DEBUG:R11 (R_US 2k2): 1 {'Reference': 'R11', 'Value': '2k2', 'Footprint': '', 'Datasheet': '~', 'desc': 'Resistor, US symbol', 'part': 'R_US'} (kibot - v5_sch.py:1762)
DEBUG:C1 (C_Polarized_Small_US 10u): 1 {'Reference': 'C1', 'Value': '10u', 'Footprint': 'Capacitor_THT:CP_Radial_D10.0mm_P5.00mm_P7.50mm', 'Datasheet': '~', 'desc': 'Polarized capacitor, small US symbol', 'part': 'C_Polarized_Small_US'} (kibot - v5_sch.py:1762)
DEBUG:R25 (R_Potentiometer_US 100k): 1 {'Reference': 'R25', 'Value': '100k', 'Footprint': 'Potentiometer_THT:Potentiometer_Bourns_3296W_Vertical', 'Datasheet': '~', 'desc': 'Potentiometer, US symbol', 'part': 'R_Potentiometer_US'} (kibot - v5_sch.py:1762)
DEBUG:C3 (C_Polarized_Small_US 10u): 1 {'Reference': 'C3', 'Value': '10u', 'Footprint': 'Capacitor_THT:CP_Radial_D10.0mm_P5.00mm_P7.50mm', 'Datasheet': '~', 'desc': 'Polarized capacitor, small US symbol', 'part': 'C_Polarized_Small_US'} (kibot - v5_sch.py:1762)
DEBUG:R19 (R_US 2k2): 1 {'Reference': 'R19', 'Value': '2k2', 'Footprint': '', 'Datasheet': '~', 'desc': 'Resistor, US symbol', 'part': 'R_US'} (kibot - v5_sch.py:1762)
DEBUG:MK1 (Microphone Mic): 1 {'Reference': 'MK1', 'Value': 'Mic', 'Footprint': 'Sensor_Audio:POM-2244P-C3310-2-R', 'Datasheet': '~', 'desc': 'Microphone', 'part': 'Microphone'} (kibot - v5_sch.py:1762)
DEBUG:Filters reset (kibot - fil_base.py:196)
DEBUG:Transfer "Exclude from bill of materials" from schematic (kibot - out_bom.py:1016)
DEBUG:Applying filter `_mechanical` to exclude (kibot - fil_base.py:187)
DEBUG:Applying filter `_kibom_dnf_config` to fitted (kibot - fil_base.py:214)
DEBUG:Applying filter `_kibom_dnc_config` to fixed (kibot - fil_base.py:224)
DEBUG:Applying KiBoM style variants `default` (kibot - var_kibom.py:91)
DEBUG:Applying transform filter `_expand_text_vars` (kibot - fil_base.py:173)
DEBUG:Using auxiliary origin: x=0 y=0 (kibot - bom.py:498)
DEBUG:Sorting using KiCad definition, field: `Footprint`, ascending: True (kibot - bom.py:534)
DEBUG:Global stats: total 47 fitted 47 build 47 (kibot - bom.py:571)
DEBUG:Saving BOM File: /__w/iie_tp/iie_tp/Generated/BoM/KiCad/iie_tp-bom.csv (kibot - bom.py:588)
DEBUG:KICAD Output -> /__w/iie_tp/iie_tp/Generated/BoM/KiCad/iie_tp-bom.csv (kibot - bom_writer.py:52)
DEBUG:Using global `output`=`%f-%i%I%v.%x` (kibot - optionable.py:58)
- 'Schematic diff between the last two changes' (basic_diff_sch) [diff]
DEBUG:Expanding `Generated/diff` in PCB context for <kibot.out_diff.DiffOptions object at 0x7fa3171fd2b0> parent: 'Schematic diff between the last two changes' (basic_diff_sch) [diff] (kibot - optionable.py:493)
DEBUG:Expanded `Generated/diff` (kibot - optionable.py:539)
DEBUG:Output destination: /__w/iie_tp/iie_tp/Generated/diff (kibot - kiplot.py:565)
DEBUG:Expanding `%f-%i%I%v.%x` in PCB context for <kibot.out_diff.DiffOptions object at 0x7fa3171fd2b0> parent: 'Schematic diff between the last two changes' (basic_diff_sch) [diff] (kibot - optionable.py:493)
DEBUG:Expanded `_f-diff_sch.pdf` (kibot - optionable.py:539)
DEBUG:Starting tool check for KiCad PCB/SCH Diff (kibot - dep_downloader.py:857)
DEBUG:- Returning `/usr/bin/kicad-diff.py` (kibot - dep_downloader.py:864)
DEBUG:Starting tool check for Git (kibot - dep_downloader.py:857)
DEBUG:- Returning `/usr/bin/git` (kibot - dep_downloader.py:864)
DEBUG:Starting tool check for KiCad Automation tools (kibot - dep_downloader.py:857)
DEBUG:- Returning `/usr/bin/pcbnew_do` (kibot - dep_downloader.py:864)
DEBUG:Finding KIBOT_LAST-1 (kibot - out_diff.py:272)
DEBUG:- Executing: /usr/bin/git log --pretty=format:%H --skip=1 -n 1 -- /__w/iie_tp/iie_tp/iie_tp.kicad_sch (kibot - kiplot.py:159)
DEBUG:- CWD: /__w/iie_tp/iie_tp (kibot - kiplot.py:161)
DEBUG:- Output from command: e467b92bb8633b0f9d98dbb1106493f6e66dc8a1 (kibot - kiplot.py:151)
DEBUG:- e467b92bb8633b0f9d98dbb1106493f6e66dc8a1 (kibot - out_diff.py:268)
DEBUG:Checking out e467b92bb8633b0f9d98dbb1106493f6e66dc8a1 to /tmp/tmp-kibot-diff-checkout-xojf18mp (kibot - out_diff.py:378)
DEBUG:- Executing: /usr/bin/git worktree add --detach --force /tmp/tmp-kibot-diff-checkout-xojf18mp e467b92bb8633b0f9d98dbb1106493f6e66dc8a1 (kibot - kiplot.py:159)
DEBUG:- CWD: /__w/iie_tp/iie_tp (kibot - kiplot.py:161)
DEBUG:- Output from command: Preparing worktree (detached HEAD e467b92)
HEAD is now at e467b92 Deploying to main from @ leithcoX/iie_tp@b95d0e7166a89be630e12845ec4579521a3531cc 🚀
 (kibot - kiplot.py:151)
DEBUG:- Executing: /usr/bin/git submodule update --init --recursive (kibot - kiplot.py:159)
DEBUG:- CWD: /tmp/tmp-kibot-diff-checkout-xojf18mp (kibot - kiplot.py:161)
DEBUG:- Executing: /usr/bin/git ls-files --full-name /__w/iie_tp/iie_tp/iie_tp.kicad_sch (kibot - kiplot.py:159)
DEBUG:- CWD: /__w/iie_tp/iie_tp (kibot - kiplot.py:161)
DEBUG:- Output from command: iie_tp.kicad_sch
 (kibot - kiplot.py:151)
DEBUG:- Using temporal copy: /tmp/tmp-kibot-diff-checkout-xojf18mp/iie_tp.kicad_sch (kibot - out_diff.py:384)
DEBUG:Creating empty schematic: /tmp/kibot_ker6239z.kicad_sch (kibot - out_any_diff.py:93)
DEBUG:Loading sheet from /tmp/kibot_ker6239z.kicad_sch (kibot - v6_sch.py:2524)
DEBUG:Collected sheet instances (kibot - v6_sch.py:2498)
DEBUG:Collected symbol instances (kibot - v6_sch.py:2501)
DEBUG:Collected sheet paths (kibot - v6_sch.py:2504)
DEBUG:- / (kibot - v6_sch.py:2506)
DEBUG:Assigning components to instances (kibot - v6_sch.py:2707)
DEBUG:Schematic dependencies: ['/tmp/kibot_ker6239z.kicad_sch'] (kibot - kiplot.py:291)
DEBUG:Hashing /tmp/kibot_ker6239z.kicad_sch (kibot - out_diff.py:141)
DEBUG:- Executing: /usr/bin/kicad-diff.py --no_reader --only_cache --old_file_hash sch146e35e6fa09bf0d7d78442f1a035c690786e586 --cache_dir /__w/iie_tp/iie_tp/.cache -vvvvvvvvvv --all_pages /tmp/kibot_ker6239z.kicad_sch /tmp/kibot_ker6239z.kicad_sch (kibot - kiplot.py:159)
DEBUG:- Output from command: DEBUG:kicad-diff.py:/tmp/kibot_ker6239z.kicad_sch SHA1 is sch146e35e6fa09bf0d7d78442f1a035c690786e586
DEBUG:kicad-diff.py:/tmp/kibot_ker6239z.kicad_sch SHA1 is None
DEBUG:kicad-diff.py:Cache dir: /__w/iie_tp/iie_tp/.cache
DEBUG:kicad-diff.py:Temporal output dir /tmp/tmphd1b6t0j
DEBUG:kicad-diff.py:Cache for /tmp/kibot_ker6239z.kicad_sch will be /__w/iie_tp/iie_tp/.cache/sch146e35e6fa09bf0d7d78442f1a035c690786e586
DEBUG:kicad-diff.py:No options for cache entry: /__w/iie_tp/iie_tp/.cache/sch146e35e6fa09bf0d7d78442f1a035c690786e586/options
ERROR:kicad-diff.py:ops_changed True
INFO:kicad-diff.py:Plotting the schematic
DEBUG:kicad-diff.py:Executing: eeschema_do -vvvvvvvvv export --file_format svg --monochrome --all_pages --no_frame /tmp/kibot_ker6239z.kicad_sch /__w/iie_tp/iie_tp/.cache/sch146e35e6fa09bf0d7d78442f1a035c690786e586
DEBUG:kicad-diff.py:DEBUG:KiAuto v2.3.5 (eeschema_do - misc.py:74)
DEBUG:Detected KiCad v9.0.6 (9.0.6+1 9000006) (eeschema_do - misc.py:160)
DEBUG:Config path /github/home/.config/kicad/9.0 (eeschema_do - misc.py:186)
DEBUG:KiCad environment: {} (eeschema_do - misc.py:306)
DEBUG:KiCad share dir: /usr/share/kicad/ (eeschema_do - misc.py:248)
DEBUG:Setting timeout scale to 1.0 (eeschema_do - eeschema_do:954)
WARNING:KiCad project file not found (eeschema_do.kiauto.file_util - file_util.py:317)
DEBUG:Output file: /__w/iie_tp/iie_tp/.cache/sch146e35e6fa09bf0d7d78442f1a035c690786e586/kibot_ker6239z.svg (eeschema_do - eeschema_do:1022)
DEBUG:Executing: kicad-cli sch export svg -o /__w/iie_tp/iie_tp/.cache/sch146e35e6fa09bf0d7d78442f1a035c690786e586 -t _builtin_default --black-and-white --exclude-drawing-sheet --no-background-color --default-font 'KiCad Font' /tmp/kibot_ker6239z.kicad_sch (eeschema_do.kiauto.file_util - file_util.py:386)
DEBUG:- Output from command: Plotted to '/__w/iie_tp/iie_tp/.cache/sch146e35e6fa09bf0d7d78442f1a035c690786e586/kibot_ker6239z.svg'.
Done.
 (eeschema_do.kiauto.file_util - file_util.py:382)
DEBUG:Checking if /tmp/kibot_ker6239z.kicad_pro was modified (eeschema_do.kiauto.file_util - file_util.py:339)

DEBUG:kicad-diff.py:Executing: rsvg-convert -d 150 -p 150 -f png -b white -o /__w/iie_tp/iie_tp/.cache/sch146e35e6fa09bf0d7d78442f1a035c690786e586/Schematic_root.png /__w/iie_tp/iie_tp/.cache/sch146e35e6fa09bf0d7d78442f1a035c690786e586/kibot_ker6239z.svg
DEBUG:kicad-diff.py:
DEBUG:kicad-diff.py:Writing options used for `/__w/iie_tp/iie_tp/.cache/sch146e35e6fa09bf0d7d78442f1a035c690786e586/options` as `/__w/iie_tp/iie_tp/.cache/sch146e35e6fa09bf0d7d78442f1a035c690786e586/.options.json` ({'KiCad': '9.0.6+1'})
INFO:kicad-diff.py:/tmp/kibot_ker6239z.kicad_sch SHA1 is sch146e35e6fa09bf0d7d78442f1a035c690786e586
 (kibot - kiplot.py:151)
DEBUG:- Executing: /usr/bin/git describe --exact-match --tags HEAD (kibot - kiplot.py:159)
DEBUG:- CWD: /tmp/tmp-kibot-diff-checkout-xojf18mp (kibot - kiplot.py:161)
DEBUG:Not at a tag point (kibot - out_diff.py:287)
DEBUG:- Executing: /usr/bin/git rev-parse --abbrev-ref HEAD (kibot - kiplot.py:159)
DEBUG:- CWD: /tmp/tmp-kibot-diff-checkout-xojf18mp (kibot - kiplot.py:161)
DEBUG:- Output from command: HEAD
 (kibot - kiplot.py:151)
DEBUG:- Executing: /usr/bin/git describe --tags --dirty (kibot - kiplot.py:159)
DEBUG:- CWD: /tmp/tmp-kibot-diff-checkout-xojf18mp (kibot - kiplot.py:161)
DEBUG:Can't find a tag name (kibot - out_diff.py:297)
DEBUG:- Executing: /usr/bin/git rev-parse --short HEAD (kibot - kiplot.py:159)
DEBUG:- CWD: /tmp/tmp-kibot-diff-checkout-xojf18mp (kibot - kiplot.py:161)
DEBUG:- Output from command: e467b92
 (kibot - kiplot.py:151)
DEBUG:Finding HEAD (kibot - out_diff.py:272)
DEBUG:Checking out HEAD to /tmp/tmp-kibot-diff-checkout-_fk_2kbo (kibot - out_diff.py:378)
DEBUG:- Executing: /usr/bin/git worktree add --detach --force /tmp/tmp-kibot-diff-checkout-_fk_2kbo HEAD (kibot - kiplot.py:159)
DEBUG:- CWD: /__w/iie_tp/iie_tp (kibot - kiplot.py:161)
DEBUG:- Output from command: Preparing worktree (detached HEAD af9cc18)
HEAD is now at af9cc18 Revert "Deploying to main from @ leithcoX/iie_tp@b95d0e7166a89be630e12845ec4579521a3531cc 🚀"
 (kibot - kiplot.py:151)
DEBUG:- Executing: /usr/bin/git submodule update --init --recursive (kibot - kiplot.py:159)
DEBUG:- CWD: /tmp/tmp-kibot-diff-checkout-_fk_2kbo (kibot - kiplot.py:161)
DEBUG:- Executing: /usr/bin/git ls-files --full-name /__w/iie_tp/iie_tp/iie_tp.kicad_sch (kibot - kiplot.py:159)
DEBUG:- CWD: /__w/iie_tp/iie_tp (kibot - kiplot.py:161)
DEBUG:- Output from command: iie_tp.kicad_sch
 (kibot - kiplot.py:151)
DEBUG:- Using temporal copy: /tmp/tmp-kibot-diff-checkout-_fk_2kbo/iie_tp.kicad_sch (kibot - out_diff.py:384)
DEBUG:Loading sheet from /tmp/tmp-kibot-diff-checkout-_fk_2kbo/iie_tp.kicad_sch (kibot - v6_sch.py:2524)
DEBUG:- Loaded ?? (C_Polarized_Small_US ) [id 140338427432784]  UUID 009b273c-7d28-4e0a-99d3-fc16672a88db original UUID 009b273c-7d28-4e0a-99d3-fc16672a88db (kibot - v6_sch.py:2664)
DEBUG:- Loaded ?? (R_US ) [id 140338427433104]  UUID 026cb564-0159-408d-ac56-ed7932f31331 original UUID 026cb564-0159-408d-ac56-ed7932f31331 (kibot - v6_sch.py:2664)
DEBUG:- Loaded ?? (GND ) [id 140338427433424]  UUID 028183cf-b775-47cb-b5fd-12f8399f2d80 original UUID 028183cf-b775-47cb-b5fd-12f8399f2d80 (kibot - v6_sch.py:2664)
DEBUG:- Loaded ?? (R_US ) [id 140338427433744]  UUID 0744d2a0-7698-4398-bff4-96530c85a088 original UUID 0744d2a0-7698-4398-bff4-96530c85a088 (kibot - v6_sch.py:2664)
DEBUG:- Loaded ?? (Arduino_UNO_R3 ) [id 140338427434064]  UUID 09c6cde9-293a-4ec3-a4ef-900cac3a49fd original UUID 09c6cde9-293a-4ec3-a4ef-900cac3a49fd (kibot - v6_sch.py:2664)
DEBUG:- Loaded ?? (R_US ) [id 140338427434384]  UUID 128f85d1-64f6-45da-84ac-15e0310e0024 original UUID 128f85d1-64f6-45da-84ac-15e0310e0024 (kibot - v6_sch.py:2664)
DEBUG:- Loaded ?? (R_US ) [id 140338427434704]  UUID 1c4da6f2-0f6f-48bc-8419-b12d4d7ce31d original UUID 1c4da6f2-0f6f-48bc-8419-b12d4d7ce31d (kibot - v6_sch.py:2664)
DEBUG:- Loaded ?? (R_US ) [id 140338427435024]  UUID 287fcce2-7fc0-493d-9d4b-9d853b2b446b original UUID 287fcce2-7fc0-493d-9d4b-9d853b2b446b (kibot - v6_sch.py:2664)
DEBUG:- Loaded ?? (Conn_01x02 ) [id 140338427435344]  UUID 29965af1-73a9-4841-bc90-bf5a202501ef original UUID 29965af1-73a9-4841-bc90-bf5a202501ef (kibot - v6_sch.py:2664)
DEBUG:- Loaded ?? (R_US ) [id 140338427435664]  UUID 29eea12d-00dc-4558-856a-f11c9c24a67c original UUID 29eea12d-00dc-4558-856a-f11c9c24a67c (kibot - v6_sch.py:2664)
DEBUG:- Loaded ?? (C_Small ) [id 140338427435984]  UUID 2a1d15e8-f014-4167-9693-2a0d043194d8 original UUID 2a1d15e8-f014-4167-9693-2a0d043194d8 (kibot - v6_sch.py:2664)
DEBUG:- Loaded ?? (R_US ) [id 140338427436304]  UUID 2a30bf5f-c93c-49e8-946b-245ef37c324f original UUID 2a30bf5f-c93c-49e8-946b-245ef37c324f (kibot - v6_sch.py:2664)
DEBUG:- Loaded ?? (GND ) [id 140338427436624]  UUID 2a341333-b4d0-4cba-95d9-7069de4a5eba original UUID 2a341333-b4d0-4cba-95d9-7069de4a5eba (kibot - v6_sch.py:2664)
DEBUG:- Loaded ?? (OPAMP ) [id 140338427436944]  UUID 2d73de2a-a682-4185-8a53-d9f99d0608d7 original UUID 2d73de2a-a682-4185-8a53-d9f99d0608d7 (kibot - v6_sch.py:2664)
DEBUG:- Loaded ?? (C_Polarized_Small_US ) [id 140338427437264]  UUID 2fc3c4a4-de37-444d-ba74-8600e2d07cd5 original UUID 2fc3c4a4-de37-444d-ba74-8600e2d07cd5 (kibot - v6_sch.py:2664)
DEBUG:- Loaded ?? (GND ) [id 140338427437584]  UUID 31d95672-692e-475a-b47c-5ef1eb60a2ee original UUID 31d95672-692e-475a-b47c-5ef1eb60a2ee (kibot - v6_sch.py:2664)
DEBUG:- Loaded ?? (R_US ) [id 140338427437904]  UUID 3211fa72-d7f6-465b-bacb-5d15cadf544d original UUID 3211fa72-d7f6-465b-bacb-5d15cadf544d (kibot - v6_sch.py:2664)
DEBUG:- Loaded ?? (GND ) [id 140338427438224]  UUID 33dc0598-a3b7-4547-b1c7-be3f278fae74 original UUID 33dc0598-a3b7-4547-b1c7-be3f278fae74 (kibot - v6_sch.py:2664)
DEBUG:- Loaded ?? (GND ) [id 140338427438544]  UUID 3cb4ca4f-6dfe-4b33-9ade-bda2ae15e93e original UUID 3cb4ca4f-6dfe-4b33-9ade-bda2ae15e93e (kibot - v6_sch.py:2664)
DEBUG:- Loaded ?? (GND ) [id 140338427438864]  UUID 3cda9c82-41f5-4230-a86b-f82e76a9af8b original UUID 3cda9c82-41f5-4230-a86b-f82e76a9af8b (kibot - v6_sch.py:2664)
DEBUG:- Loaded ?? (VCC ) [id 140338427439184]  UUID 3dc14004-9e58-483d-aab8-5c4f22b55c25 original UUID 3dc14004-9e58-483d-aab8-5c4f22b55c25 (kibot - v6_sch.py:2664)
DEBUG:- Loaded ?? (GND ) [id 140338427439504]  UUID 48667111-47a3-4a2f-8d81-43cf60025841 original UUID 48667111-47a3-4a2f-8d81-43cf60025841 (kibot - v6_sch.py:2664)
DEBUG:- Loaded ?? (C ) [id 140338427439824]  UUID 4bbb776e-c0cb-4fba-a91a-6eaabe985f79 original UUID 4bbb776e-c0cb-4fba-a91a-6eaabe985f79 (kibot - v6_sch.py:2664)
DEBUG:- Loaded ?? (GND ) [id 140338427440144]  UUID 553d2ac3-0fbe-496f-9a61-bda3fa672e33 original UUID 553d2ac3-0fbe-496f-9a61-bda3fa672e33 (kibot - v6_sch.py:2664)
DEBUG:- Loaded ?? (PWR_FLAG ) [id 140338427440464]  UUID 569d26aa-678a-4a75-89df-0ab066aee5bc original UUID 569d26aa-678a-4a75-89df-0ab066aee5bc (kibot - v6_sch.py:2664)
DEBUG:- Loaded ?? (Conn_01x01 ) [id 140338427440784]  UUID 5a8d36c6-7ae6-4b84-b8df-7a420d0145a7 original UUID 5a8d36c6-7ae6-4b84-b8df-7a420d0145a7 (kibot - v6_sch.py:2664)
DEBUG:- Loaded ?? (VCC ) [id 140338427441104]  UUID 62d5af2e-7a67-4cac-92e4-cc4969ad4d8b original UUID 62d5af2e-7a67-4cac-92e4-cc4969ad4d8b (kibot - v6_sch.py:2664)
DEBUG:- Loaded ?? (Speaker ) [id 140338427441424]  UUID 63f135e9-ba9e-4c2b-ac1f-7f226a5cccb9 original UUID 63f135e9-ba9e-4c2b-ac1f-7f226a5cccb9 (kibot - v6_sch.py:2664)
DEBUG:- Loaded ?? (Conn_01x02 ) [id 140338427441744]  UUID 65c2bae6-911f-49a8-a330-f6027d371f14 original UUID 65c2bae6-911f-49a8-a330-f6027d371f14 (kibot - v6_sch.py:2664)
DEBUG:- Loaded ?? (R_US ) [id 140338427442064]  UUID 689e59b2-6a0e-4f36-901b-828e7c05be21 original UUID 689e59b2-6a0e-4f36-901b-828e7c05be21 (kibot - v6_sch.py:2664)
DEBUG:- Loaded ?? (Conn_01x01 ) [id 140338427442384]  UUID 690e8b56-305c-4068-84c5-0fb8b4f84db4 original UUID 690e8b56-305c-4068-84c5-0fb8b4f84db4 (kibot - v6_sch.py:2664)
DEBUG:- Loaded ?? (R_US ) [id 140338427442704]  UUID 6af88551-7af2-4463-b394-2a6a7c2cacfb original UUID 6af88551-7af2-4463-b394-2a6a7c2cacfb (kibot - v6_sch.py:2664)
DEBUG:- Loaded ?? (Conn_01x03 ) [id 140338427443024]  UUID 6c64bde6-04a5-45b4-af30-2760dea30232 original UUID 6c64bde6-04a5-45b4-af30-2760dea30232 (kibot - v6_sch.py:2664)
DEBUG:- Loaded ?? (R_US ) [id 140338427443984]  UUID 7169aaa7-d9fa-4494-8c67-33b27dfd1186 original UUID 7169aaa7-d9fa-4494-8c67-33b27dfd1186 (kibot - v6_sch.py:2664)
DEBUG:- Loaded ?? (PWR_FLAG ) [id 140338427444304]  UUID 7459da9d-f05a-4d8c-bdd5-0dd1e6d62bda original UUID 7459da9d-f05a-4d8c-bdd5-0dd1e6d62bda (kibot - v6_sch.py:2664)
DEBUG:- Loaded ?? (GND ) [id 140338427444624]  UUID 7483640c-5fd1-4808-b8cd-b4d817fa80ea original UUID 7483640c-5fd1-4808-b8cd-b4d817fa80ea (kibot - v6_sch.py:2664)
DEBUG:- Loaded ?? (R_US ) [id 140338427444944]  UUID 7504ad67-b71b-4429-917f-8574847b884c original UUID 7504ad67-b71b-4429-917f-8574847b884c (kibot - v6_sch.py:2664)
DEBUG:- Loaded ?? (R_US ) [id 140338427658320]  UUID 7872e9b9-8974-442a-8cd9-08565a7eebf1 original UUID 7872e9b9-8974-442a-8cd9-08565a7eebf1 (kibot - v6_sch.py:2664)
DEBUG:- Loaded ?? (GND ) [id 140338427658640]  UUID 798b9de1-0fd9-4fc7-afc4-d1c3dad41b40 original UUID 798b9de1-0fd9-4fc7-afc4-d1c3dad41b40 (kibot - v6_sch.py:2664)
DEBUG:- Loaded ?? (R_US ) [id 140338427658960]  UUID 7fed6a36-4029-4b31-8fca-a8c6dffd545a original UUID 7fed6a36-4029-4b31-8fca-a8c6dffd545a (kibot - v6_sch.py:2664)
DEBUG:- Loaded ?? (GND ) [id 140338427659280]  UUID 8769bef9-042c-4652-ae41-b55a0503b380 original UUID 8769bef9-042c-4652-ae41-b55a0503b380 (kibot - v6_sch.py:2664)
DEBUG:- Loaded ?? (R_US ) [id 140338427443664]  UUID 8aec6899-1b25-4f25-b803-2881dc3f216c original UUID 8aec6899-1b25-4f25-b803-2881dc3f216c (kibot - v6_sch.py:2664)
DEBUG:- Loaded ?? (Conn_01x03 ) [id 140338427443344]  UUID 8c53de39-6117-429a-91eb-5c52ec9bced0 original UUID 8c53de39-6117-429a-91eb-5c52ec9bced0 (kibot - v6_sch.py:2664)
DEBUG:- Loaded ?? (C_Polarized_Small_US ) [id 140338427659600]  UUID 8d174a40-8c6e-4708-8f7e-57fcabdee6c6 original UUID 8d174a40-8c6e-4708-8f7e-57fcabdee6c6 (kibot - v6_sch.py:2664)
DEBUG:- Loaded ?? (R_US ) [id 140338427659920]  UUID 92936b72-77f6-4f2b-90d4-98490a4d23dc original UUID 92936b72-77f6-4f2b-90d4-98490a4d23dc (kibot - v6_sch.py:2664)
DEBUG:- Loaded ?? (GND ) [id 140338427660240]  UUID 9375ee61-1488-4bf8-b87b-4f37986277ce original UUID 9375ee61-1488-4bf8-b87b-4f37986277ce (kibot - v6_sch.py:2664)
DEBUG:- Loaded ?? (R_Potentiometer_US ) [id 140338427660560]  UUID 93f2264f-7b49-4679-a014-d5212d0ffe1e original UUID 93f2264f-7b49-4679-a014-d5212d0ffe1e (kibot - v6_sch.py:2664)
DEBUG:- Loaded ?? (R_US ) [id 140338427660880]  UUID 9419b931-67cb-4fbc-b647-fc059089cff3 original UUID 9419b931-67cb-4fbc-b647-fc059089cff3 (kibot - v6_sch.py:2664)
DEBUG:- Loaded ?? (C_Small ) [id 140338427661200]  UUID 9462334c-fc97-49f6-890e-fc9ee07529ae original UUID 9462334c-fc97-49f6-890e-fc9ee07529ae (kibot - v6_sch.py:2664)
DEBUG:- Loaded ?? (R_US ) [id 140338427661520]  UUID 96d48e51-9f7b-46a1-aab0-e3b26762a92d original UUID 96d48e51-9f7b-46a1-aab0-e3b26762a92d (kibot - v6_sch.py:2664)
DEBUG:- Loaded ?? (R_Potentiometer_US ) [id 140338427661840]  UUID 99509f81-a468-4fdf-bf6d-4a1ef47f154e original UUID 99509f81-a468-4fdf-bf6d-4a1ef47f154e (kibot - v6_sch.py:2664)
DEBUG:- Loaded ?? (R_US ) [id 140338427662160]  UUID 9c689ad6-a576-45a0-8d53-ad7cc266ef1c original UUID 9c689ad6-a576-45a0-8d53-ad7cc266ef1c (kibot - v6_sch.py:2664)
DEBUG:- Loaded ?? (R_US ) [id 140338427662480]  UUID a2808c13-44ce-4482-be85-5f1d95d63bda original UUID a2808c13-44ce-4482-be85-5f1d95d63bda (kibot - v6_sch.py:2664)
DEBUG:- Loaded ?? (AudioJack2_Ground ) [id 140338427662800]  UUID a338b23b-bb25-4a13-952c-04360cb2dda2 original UUID a338b23b-bb25-4a13-952c-04360cb2dda2 (kibot - v6_sch.py:2664)
DEBUG:- Loaded ?? (VCC ) [id 140338427663120]  UUID bcf8d11e-640c-4502-8222-830344e5e664 original UUID bcf8d11e-640c-4502-8222-830344e5e664 (kibot - v6_sch.py:2664)
DEBUG:- Loaded ?? (GND ) [id 140338427663440]  UUID bdb57f18-ea0b-4bbb-9462-36afe5038abb original UUID bdb57f18-ea0b-4bbb-9462-36afe5038abb (kibot - v6_sch.py:2664)
DEBUG:- Loaded ?? (LM386 ) [id 140338427663760]  UUID beb2fe4e-d21d-4df9-bb55-acfa5259d9ef original UUID beb2fe4e-d21d-4df9-bb55-acfa5259d9ef (kibot - v6_sch.py:2664)
DEBUG:- Loaded ?? (R_US ) [id 140338427664080]  UUID c3d1dabe-821e-4729-a6f8-84d5a41ce7e0 original UUID c3d1dabe-821e-4729-a6f8-84d5a41ce7e0 (kibot - v6_sch.py:2664)
DEBUG:- Loaded ?? (Conn_01x02 ) [id 140338427664400]  UUID ca713486-1b54-4b12-a3ff-acbd75f6969a original UUID ca713486-1b54-4b12-a3ff-acbd75f6969a (kibot - v6_sch.py:2664)
DEBUG:- Loaded ?? (GND ) [id 140338427664720]  UUID cc08ad19-044c-4364-8cef-f63939f93174 original UUID cc08ad19-044c-4364-8cef-f63939f93174 (kibot - v6_sch.py:2664)
DEBUG:- Loaded ?? (R_US ) [id 140338427665040]  UUID ceed1f30-dfca-4b4d-a071-a7b6d0e027e6 original UUID ceed1f30-dfca-4b4d-a071-a7b6d0e027e6 (kibot - v6_sch.py:2664)
DEBUG:- Loaded ?? (C_Polarized_Small_US ) [id 140338427665360]  UUID cfec3374-7482-4c77-b83e-aec2b7c0856d original UUID cfec3374-7482-4c77-b83e-aec2b7c0856d (kibot - v6_sch.py:2664)
DEBUG:- Loaded ?? (R_Potentiometer_US ) [id 140338427665680]  UUID e0f94fd5-20c2-4bd0-b7a5-e2418a58a50a original UUID e0f94fd5-20c2-4bd0-b7a5-e2418a58a50a (kibot - v6_sch.py:2664)
DEBUG:- Loaded ?? (C_Polarized_Small_US ) [id 140338427666000]  UUID e28d0e9c-877b-4438-8f68-ce229981a66b original UUID e28d0e9c-877b-4438-8f68-ce229981a66b (kibot - v6_sch.py:2664)
DEBUG:- Loaded ?? (R_US ) [id 140338427666320]  UUID e7d09a0b-21bb-4459-80a8-6d58a4649206 original UUID e7d09a0b-21bb-4459-80a8-6d58a4649206 (kibot - v6_sch.py:2664)
DEBUG:- Loaded ?? (Microphone ) [id 140338427666640]  UUID ec10bf5f-7f41-448e-a249-e5f070d201fc original UUID ec10bf5f-7f41-448e-a249-e5f070d201fc (kibot - v6_sch.py:2664)
DEBUG:- Loaded ?? (VCC ) [id 140338427666960]  UUID fa164850-b193-423c-a629-9925cccd2bd5 original UUID fa164850-b193-423c-a629-9925cccd2bd5 (kibot - v6_sch.py:2664)
DEBUG:- Loaded ?? (GND ) [id 140338427667280]  UUID fd98f42a-6d2c-4662-b3e2-d24fbdc71641 original UUID fd98f42a-6d2c-4662-b3e2-d24fbdc71641 (kibot - v6_sch.py:2664)
DEBUG:Collected sheet instances (kibot - v6_sch.py:2498)
DEBUG:- / -> 1 (kibot - v6_sch.py:2500)
DEBUG:Collected symbol instances (kibot - v6_sch.py:2501)
DEBUG:- /009b273c-7d28-4e0a-99d3-fc16672a88db -> C8 (kibot - v6_sch.py:2503)
DEBUG:- /026cb564-0159-408d-ac56-ed7932f31331 -> R21 (kibot - v6_sch.py:2503)
DEBUG:- /028183cf-b775-47cb-b5fd-12f8399f2d80 -> #PWR017 (kibot - v6_sch.py:2503)
DEBUG:- /0744d2a0-7698-4398-bff4-96530c85a088 -> R23 (kibot - v6_sch.py:2503)
DEBUG:- /09c6cde9-293a-4ec3-a4ef-900cac3a49fd -> A1 (kibot - v6_sch.py:2503)
DEBUG:- /128f85d1-64f6-45da-84ac-15e0310e0024 -> R8 (kibot - v6_sch.py:2503)
DEBUG:- /1c4da6f2-0f6f-48bc-8419-b12d4d7ce31d -> R13 (kibot - v6_sch.py:2503)
DEBUG:- /287fcce2-7fc0-493d-9d4b-9d853b2b446b -> R1 (kibot - v6_sch.py:2503)
DEBUG:- /29965af1-73a9-4841-bc90-bf5a202501ef -> J5 (kibot - v6_sch.py:2503)
DEBUG:- /29eea12d-00dc-4558-856a-f11c9c24a67c -> R17 (kibot - v6_sch.py:2503)
DEBUG:- /2a1d15e8-f014-4167-9693-2a0d043194d8 -> C7 (kibot - v6_sch.py:2503)
DEBUG:- /2a30bf5f-c93c-49e8-946b-245ef37c324f -> R4 (kibot - v6_sch.py:2503)
DEBUG:- /2a341333-b4d0-4cba-95d9-7069de4a5eba -> #PWR019 (kibot - v6_sch.py:2503)
DEBUG:- /2d73de2a-a682-4185-8a53-d9f99d0608d7 -> U1 (kibot - v6_sch.py:2503)
DEBUG:- /2fc3c4a4-de37-444d-ba74-8600e2d07cd5 -> C5 (kibot - v6_sch.py:2503)
DEBUG:- /31d95672-692e-475a-b47c-5ef1eb60a2ee -> #PWR018 (kibot - v6_sch.py:2503)
DEBUG:- /3211fa72-d7f6-465b-bacb-5d15cadf544d -> R15 (kibot - v6_sch.py:2503)
DEBUG:- /33dc0598-a3b7-4547-b1c7-be3f278fae74 -> #PWR012 (kibot - v6_sch.py:2503)
DEBUG:- /3cb4ca4f-6dfe-4b33-9ade-bda2ae15e93e -> #PWR01 (kibot - v6_sch.py:2503)
DEBUG:- /3cda9c82-41f5-4230-a86b-f82e76a9af8b -> #PWR014 (kibot - v6_sch.py:2503)
DEBUG:- /3dc14004-9e58-483d-aab8-5c4f22b55c25 -> #PWR08 (kibot - v6_sch.py:2503)
DEBUG:- /48667111-47a3-4a2f-8d81-43cf60025841 -> #PWR010 (kibot - v6_sch.py:2503)
DEBUG:- /4bbb776e-c0cb-4fba-a91a-6eaabe985f79 -> C2 (kibot - v6_sch.py:2503)
DEBUG:- /553d2ac3-0fbe-496f-9a61-bda3fa672e33 -> #PWR02 (kibot - v6_sch.py:2503)
DEBUG:- /569d26aa-678a-4a75-89df-0ab066aee5bc -> #FLG02 (kibot - v6_sch.py:2503)
DEBUG:- /5a8d36c6-7ae6-4b84-b8df-7a420d0145a7 -> J3 (kibot - v6_sch.py:2503)
DEBUG:- /62d5af2e-7a67-4cac-92e4-cc4969ad4d8b -> #PWR05 (kibot - v6_sch.py:2503)
DEBUG:- /63f135e9-ba9e-4c2b-ac1f-7f226a5cccb9 -> LS1 (kibot - v6_sch.py:2503)
DEBUG:- /65c2bae6-911f-49a8-a330-f6027d371f14 -> J6 (kibot - v6_sch.py:2503)
DEBUG:- /689e59b2-6a0e-4f36-901b-828e7c05be21 -> R7 (kibot - v6_sch.py:2503)
DEBUG:- /690e8b56-305c-4068-84c5-0fb8b4f84db4 -> J4 (kibot - v6_sch.py:2503)
DEBUG:- /6af88551-7af2-4463-b394-2a6a7c2cacfb -> R24 (kibot - v6_sch.py:2503)
DEBUG:- /6c64bde6-04a5-45b4-af30-2760dea30232 -> J7 (kibot - v6_sch.py:2503)
DEBUG:- /7169aaa7-d9fa-4494-8c67-33b27dfd1186 -> R6 (kibot - v6_sch.py:2503)
DEBUG:- /7459da9d-f05a-4d8c-bdd5-0dd1e6d62bda -> #FLG01 (kibot - v6_sch.py:2503)
DEBUG:- /7483640c-5fd1-4808-b8cd-b4d817fa80ea -> #PWR011 (kibot - v6_sch.py:2503)
DEBUG:- /7504ad67-b71b-4429-917f-8574847b884c -> R16 (kibot - v6_sch.py:2503)
DEBUG:- /7872e9b9-8974-442a-8cd9-08565a7eebf1 -> R26 (kibot - v6_sch.py:2503)
DEBUG:- /798b9de1-0fd9-4fc7-afc4-d1c3dad41b40 -> #PWR03 (kibot - v6_sch.py:2503)
DEBUG:- /7fed6a36-4029-4b31-8fca-a8c6dffd545a -> R18 (kibot - v6_sch.py:2503)
DEBUG:- /8769bef9-042c-4652-ae41-b55a0503b380 -> #PWR016 (kibot - v6_sch.py:2503)
DEBUG:- /8aec6899-1b25-4f25-b803-2881dc3f216c -> R22 (kibot - v6_sch.py:2503)
DEBUG:- /8c53de39-6117-429a-91eb-5c52ec9bced0 -> J1 (kibot - v6_sch.py:2503)
DEBUG:- /8d174a40-8c6e-4708-8f7e-57fcabdee6c6 -> C4 (kibot - v6_sch.py:2503)
DEBUG:- /92936b72-77f6-4f2b-90d4-98490a4d23dc -> R9 (kibot - v6_sch.py:2503)
DEBUG:- /9375ee61-1488-4bf8-b87b-4f37986277ce -> #PWR09 (kibot - v6_sch.py:2503)
DEBUG:- /93f2264f-7b49-4679-a014-d5212d0ffe1e -> R3 (kibot - v6_sch.py:2503)
DEBUG:- /9419b931-67cb-4fbc-b647-fc059089cff3 -> R5 (kibot - v6_sch.py:2503)
DEBUG:- /9462334c-fc97-49f6-890e-fc9ee07529ae -> C6 (kibot - v6_sch.py:2503)
DEBUG:- /96d48e51-9f7b-46a1-aab0-e3b26762a92d -> R10 (kibot - v6_sch.py:2503)
DEBUG:- /99509f81-a468-4fdf-bf6d-4a1ef47f154e -> R2 (kibot - v6_sch.py:2503)
DEBUG:- /9c689ad6-a576-45a0-8d53-ad7cc266ef1c -> R12 (kibot - v6_sch.py:2503)
DEBUG:- /a2808c13-44ce-4482-be85-5f1d95d63bda -> R20 (kibot - v6_sch.py:2503)
DEBUG:- /a338b23b-bb25-4a13-952c-04360cb2dda2 -> J8 (kibot - v6_sch.py:2503)
DEBUG:- /bcf8d11e-640c-4502-8222-830344e5e664 -> #PWR013 (kibot - v6_sch.py:2503)
DEBUG:- /bdb57f18-ea0b-4bbb-9462-36afe5038abb -> #PWR04 (kibot - v6_sch.py:2503)
DEBUG:- /beb2fe4e-d21d-4df9-bb55-acfa5259d9ef -> U2 (kibot - v6_sch.py:2503)
DEBUG:- /c3d1dabe-821e-4729-a6f8-84d5a41ce7e0 -> R14 (kibot - v6_sch.py:2503)
DEBUG:- /ca713486-1b54-4b12-a3ff-acbd75f6969a -> J2 (kibot - v6_sch.py:2503)
DEBUG:- /cc08ad19-044c-4364-8cef-f63939f93174 -> #PWR015 (kibot - v6_sch.py:2503)
DEBUG:- /ceed1f30-dfca-4b4d-a071-a7b6d0e027e6 -> R11 (kibot - v6_sch.py:2503)
DEBUG:- /cfec3374-7482-4c77-b83e-aec2b7c0856d -> C1 (kibot - v6_sch.py:2503)
DEBUG:- /e0f94fd5-20c2-4bd0-b7a5-e2418a58a50a -> R25 (kibot - v6_sch.py:2503)
DEBUG:- /e28d0e9c-877b-4438-8f68-ce229981a66b -> C3 (kibot - v6_sch.py:2503)
DEBUG:- /e7d09a0b-21bb-4459-80a8-6d58a4649206 -> R19 (kibot - v6_sch.py:2503)
DEBUG:- /ec10bf5f-7f41-448e-a249-e5f070d201fc -> MK1 (kibot - v6_sch.py:2503)
DEBUG:- /fa164850-b193-423c-a629-9925cccd2bd5 -> #PWR07 (kibot - v6_sch.py:2503)
DEBUG:- /fd98f42a-6d2c-4662-b3e2-d24fbdc71641 -> #PWR06 (kibot - v6_sch.py:2503)
DEBUG:Collected sheet paths (kibot - v6_sch.py:2504)
DEBUG:- / (kibot - v6_sch.py:2506)
DEBUG:  - /009b273c-7d28-4e0a-99d3-fc16672a88db -> ?? (C_Polarized_Small_US ) (kibot - v6_sch.py:2508)
DEBUG:  - /026cb564-0159-408d-ac56-ed7932f31331 -> ?? (R_US ) (kibot - v6_sch.py:2508)
DEBUG:  - /028183cf-b775-47cb-b5fd-12f8399f2d80 -> ?? (GND ) (kibot - v6_sch.py:2508)
DEBUG:  - /0744d2a0-7698-4398-bff4-96530c85a088 -> ?? (R_US ) (kibot - v6_sch.py:2508)
DEBUG:  - /09c6cde9-293a-4ec3-a4ef-900cac3a49fd -> ?? (Arduino_UNO_R3 ) (kibot - v6_sch.py:2508)
DEBUG:  - /128f85d1-64f6-45da-84ac-15e0310e0024 -> ?? (R_US ) (kibot - v6_sch.py:2508)
DEBUG:  - /1c4da6f2-0f6f-48bc-8419-b12d4d7ce31d -> ?? (R_US ) (kibot - v6_sch.py:2508)
DEBUG:  - /287fcce2-7fc0-493d-9d4b-9d853b2b446b -> ?? (R_US ) (kibot - v6_sch.py:2508)
DEBUG:  - /29965af1-73a9-4841-bc90-bf5a202501ef -> ?? (Conn_01x02 ) (kibot - v6_sch.py:2508)
DEBUG:  - /29eea12d-00dc-4558-856a-f11c9c24a67c -> ?? (R_US ) (kibot - v6_sch.py:2508)
DEBUG:  - /2a1d15e8-f014-4167-9693-2a0d043194d8 -> ?? (C_Small ) (kibot - v6_sch.py:2508)
DEBUG:  - /2a30bf5f-c93c-49e8-946b-245ef37c324f -> ?? (R_US ) (kibot - v6_sch.py:2508)
DEBUG:  - /2a341333-b4d0-4cba-95d9-7069de4a5eba -> ?? (GND ) (kibot - v6_sch.py:2508)
DEBUG:  - /2d73de2a-a682-4185-8a53-d9f99d0608d7 -> ?? (OPAMP ) (kibot - v6_sch.py:2508)
DEBUG:  - /2fc3c4a4-de37-444d-ba74-8600e2d07cd5 -> ?? (C_Polarized_Small_US ) (kibot - v6_sch.py:2508)
DEBUG:  - /31d95672-692e-475a-b47c-5ef1eb60a2ee -> ?? (GND ) (kibot - v6_sch.py:2508)
DEBUG:  - /3211fa72-d7f6-465b-bacb-5d15cadf544d -> ?? (R_US ) (kibot - v6_sch.py:2508)
DEBUG:  - /33dc0598-a3b7-4547-b1c7-be3f278fae74 -> ?? (GND ) (kibot - v6_sch.py:2508)
DEBUG:  - /3cb4ca4f-6dfe-4b33-9ade-bda2ae15e93e -> ?? (GND ) (kibot - v6_sch.py:2508)
DEBUG:  - /3cda9c82-41f5-4230-a86b-f82e76a9af8b -> ?? (GND ) (kibot - v6_sch.py:2508)
DEBUG:  - /3dc14004-9e58-483d-aab8-5c4f22b55c25 -> ?? (VCC ) (kibot - v6_sch.py:2508)
DEBUG:  - /48667111-47a3-4a2f-8d81-43cf60025841 -> ?? (GND ) (kibot - v6_sch.py:2508)
DEBUG:  - /4bbb776e-c0cb-4fba-a91a-6eaabe985f79 -> ?? (C ) (kibot - v6_sch.py:2508)
DEBUG:  - /553d2ac3-0fbe-496f-9a61-bda3fa672e33 -> ?? (GND ) (kibot - v6_sch.py:2508)
DEBUG:  - /569d26aa-678a-4a75-89df-0ab066aee5bc -> ?? (PWR_FLAG ) (kibot - v6_sch.py:2508)
DEBUG:  - /5a8d36c6-7ae6-4b84-b8df-7a420d0145a7 -> ?? (Conn_01x01 ) (kibot - v6_sch.py:2508)
DEBUG:  - /62d5af2e-7a67-4cac-92e4-cc4969ad4d8b -> ?? (VCC ) (kibot - v6_sch.py:2508)
DEBUG:  - /63f135e9-ba9e-4c2b-ac1f-7f226a5cccb9 -> ?? (Speaker ) (kibot - v6_sch.py:2508)
DEBUG:  - /65c2bae6-911f-49a8-a330-f6027d371f14 -> ?? (Conn_01x02 ) (kibot - v6_sch.py:2508)
DEBUG:  - /689e59b2-6a0e-4f36-901b-828e7c05be21 -> ?? (R_US ) (kibot - v6_sch.py:2508)
DEBUG:  - /690e8b56-305c-4068-84c5-0fb8b4f84db4 -> ?? (Conn_01x01 ) (kibot - v6_sch.py:2508)
DEBUG:  - /6af88551-7af2-4463-b394-2a6a7c2cacfb -> ?? (R_US ) (kibot - v6_sch.py:2508)
DEBUG:  - /6c64bde6-04a5-45b4-af30-2760dea30232 -> ?? (Conn_01x03 ) (kibot - v6_sch.py:2508)
DEBUG:  - /7169aaa7-d9fa-4494-8c67-33b27dfd1186 -> ?? (R_US ) (kibot - v6_sch.py:2508)
DEBUG:  - /7459da9d-f05a-4d8c-bdd5-0dd1e6d62bda -> ?? (PWR_FLAG ) (kibot - v6_sch.py:2508)
DEBUG:  - /7483640c-5fd1-4808-b8cd-b4d817fa80ea -> ?? (GND ) (kibot - v6_sch.py:2508)
DEBUG:  - /7504ad67-b71b-4429-917f-8574847b884c -> ?? (R_US ) (kibot - v6_sch.py:2508)
DEBUG:  - /7872e9b9-8974-442a-8cd9-08565a7eebf1 -> ?? (R_US ) (kibot - v6_sch.py:2508)
DEBUG:  - /798b9de1-0fd9-4fc7-afc4-d1c3dad41b40 -> ?? (GND ) (kibot - v6_sch.py:2508)
DEBUG:  - /7fed6a36-4029-4b31-8fca-a8c6dffd545a -> ?? (R_US ) (kibot - v6_sch.py:2508)
DEBUG:  - /8769bef9-042c-4652-ae41-b55a0503b380 -> ?? (GND ) (kibot - v6_sch.py:2508)
DEBUG:  - /8aec6899-1b25-4f25-b803-2881dc3f216c -> ?? (R_US ) (kibot - v6_sch.py:2508)
DEBUG:  - /8c53de39-6117-429a-91eb-5c52ec9bced0 -> ?? (Conn_01x03 ) (kibot - v6_sch.py:2508)
DEBUG:  - /8d174a40-8c6e-4708-8f7e-57fcabdee6c6 -> ?? (C_Polarized_Small_US ) (kibot - v6_sch.py:2508)
DEBUG:  - /92936b72-77f6-4f2b-90d4-98490a4d23dc -> ?? (R_US ) (kibot - v6_sch.py:2508)
DEBUG:  - /9375ee61-1488-4bf8-b87b-4f37986277ce -> ?? (GND ) (kibot - v6_sch.py:2508)
DEBUG:  - /93f2264f-7b49-4679-a014-d5212d0ffe1e -> ?? (R_Potentiometer_US ) (kibot - v6_sch.py:2508)
DEBUG:  - /9419b931-67cb-4fbc-b647-fc059089cff3 -> ?? (R_US ) (kibot - v6_sch.py:2508)
DEBUG:  - /9462334c-fc97-49f6-890e-fc9ee07529ae -> ?? (C_Small ) (kibot - v6_sch.py:2508)
DEBUG:  - /96d48e51-9f7b-46a1-aab0-e3b26762a92d -> ?? (R_US ) (kibot - v6_sch.py:2508)
DEBUG:  - /99509f81-a468-4fdf-bf6d-4a1ef47f154e -> ?? (R_Potentiometer_US ) (kibot - v6_sch.py:2508)
DEBUG:  - /9c689ad6-a576-45a0-8d53-ad7cc266ef1c -> ?? (R_US ) (kibot - v6_sch.py:2508)
DEBUG:  - /a2808c13-44ce-4482-be85-5f1d95d63bda -> ?? (R_US ) (kibot - v6_sch.py:2508)
DEBUG:  - /a338b23b-bb25-4a13-952c-04360cb2dda2 -> ?? (AudioJack2_Ground ) (kibot - v6_sch.py:2508)
DEBUG:  - /bcf8d11e-640c-4502-8222-830344e5e664 -> ?? (VCC ) (kibot - v6_sch.py:2508)
DEBUG:  - /bdb57f18-ea0b-4bbb-9462-36afe5038abb -> ?? (GND ) (kibot - v6_sch.py:2508)
DEBUG:  - /beb2fe4e-d21d-4df9-bb55-acfa5259d9ef -> ?? (LM386 ) (kibot - v6_sch.py:2508)
DEBUG:  - /c3d1dabe-821e-4729-a6f8-84d5a41ce7e0 -> ?? (R_US ) (kibot - v6_sch.py:2508)
DEBUG:  - /ca713486-1b54-4b12-a3ff-acbd75f6969a -> ?? (Conn_01x02 ) (kibot - v6_sch.py:2508)
DEBUG:  - /cc08ad19-044c-4364-8cef-f63939f93174 -> ?? (GND ) (kibot - v6_sch.py:2508)
DEBUG:  - /ceed1f30-dfca-4b4d-a071-a7b6d0e027e6 -> ?? (R_US ) (kibot - v6_sch.py:2508)
DEBUG:  - /cfec3374-7482-4c77-b83e-aec2b7c0856d -> ?? (C_Polarized_Small_US ) (kibot - v6_sch.py:2508)
DEBUG:  - /e0f94fd5-20c2-4bd0-b7a5-e2418a58a50a -> ?? (R_Potentiometer_US ) (kibot - v6_sch.py:2508)
DEBUG:  - /e28d0e9c-877b-4438-8f68-ce229981a66b -> ?? (C_Polarized_Small_US ) (kibot - v6_sch.py:2508)
DEBUG:  - /e7d09a0b-21bb-4459-80a8-6d58a4649206 -> ?? (R_US ) (kibot - v6_sch.py:2508)
DEBUG:  - /ec10bf5f-7f41-448e-a249-e5f070d201fc -> ?? (Microphone ) (kibot - v6_sch.py:2508)
DEBUG:  - /fa164850-b193-423c-a629-9925cccd2bd5 -> ?? (VCC ) (kibot - v6_sch.py:2508)
DEBUG:  - /fd98f42a-6d2c-4662-b3e2-d24fbdc71641 -> ?? (GND ) (kibot - v6_sch.py:2508)
DEBUG:Assigning components to instances (kibot - v6_sch.py:2707)
DEBUG:- /009b273c-7d28-4e0a-99d3-fc16672a88db -> C8 -> 140338427432784 009b273c-7d28-4e0a-99d3-fc16672a88db (kibot - v6_sch.py:2749)
DEBUG:- /026cb564-0159-408d-ac56-ed7932f31331 -> R21 -> 140338427433104 026cb564-0159-408d-ac56-ed7932f31331 (kibot - v6_sch.py:2749)
DEBUG:- /028183cf-b775-47cb-b5fd-12f8399f2d80 -> #PWR017 -> 140338427433424 028183cf-b775-47cb-b5fd-12f8399f2d80 (kibot - v6_sch.py:2749)
DEBUG:- /0744d2a0-7698-4398-bff4-96530c85a088 -> R23 -> 140338427433744 0744d2a0-7698-4398-bff4-96530c85a088 (kibot - v6_sch.py:2749)
DEBUG:- /09c6cde9-293a-4ec3-a4ef-900cac3a49fd -> A1 -> 140338427434064 09c6cde9-293a-4ec3-a4ef-900cac3a49fd (kibot - v6_sch.py:2749)
DEBUG:- /128f85d1-64f6-45da-84ac-15e0310e0024 -> R8 -> 140338427434384 128f85d1-64f6-45da-84ac-15e0310e0024 (kibot - v6_sch.py:2749)
DEBUG:- /1c4da6f2-0f6f-48bc-8419-b12d4d7ce31d -> R13 -> 140338427434704 1c4da6f2-0f6f-48bc-8419-b12d4d7ce31d (kibot - v6_sch.py:2749)
DEBUG:- /287fcce2-7fc0-493d-9d4b-9d853b2b446b -> R1 -> 140338427435024 287fcce2-7fc0-493d-9d4b-9d853b2b446b (kibot - v6_sch.py:2749)
DEBUG:- /29965af1-73a9-4841-bc90-bf5a202501ef -> J5 -> 140338427435344 29965af1-73a9-4841-bc90-bf5a202501ef (kibot - v6_sch.py:2749)
DEBUG:- /29eea12d-00dc-4558-856a-f11c9c24a67c -> R17 -> 140338427435664 29eea12d-00dc-4558-856a-f11c9c24a67c (kibot - v6_sch.py:2749)
DEBUG:- /2a1d15e8-f014-4167-9693-2a0d043194d8 -> C7 -> 140338427435984 2a1d15e8-f014-4167-9693-2a0d043194d8 (kibot - v6_sch.py:2749)
DEBUG:- /2a30bf5f-c93c-49e8-946b-245ef37c324f -> R4 -> 140338427436304 2a30bf5f-c93c-49e8-946b-245ef37c324f (kibot - v6_sch.py:2749)
DEBUG:- /2a341333-b4d0-4cba-95d9-7069de4a5eba -> #PWR019 -> 140338427436624 2a341333-b4d0-4cba-95d9-7069de4a5eba (kibot - v6_sch.py:2749)
DEBUG:- /2d73de2a-a682-4185-8a53-d9f99d0608d7 -> U1 -> 140338427436944 2d73de2a-a682-4185-8a53-d9f99d0608d7 (kibot - v6_sch.py:2749)
DEBUG:- /2fc3c4a4-de37-444d-ba74-8600e2d07cd5 -> C5 -> 140338427437264 2fc3c4a4-de37-444d-ba74-8600e2d07cd5 (kibot - v6_sch.py:2749)
DEBUG:- /31d95672-692e-475a-b47c-5ef1eb60a2ee -> #PWR018 -> 140338427437584 31d95672-692e-475a-b47c-5ef1eb60a2ee (kibot - v6_sch.py:2749)
DEBUG:- /3211fa72-d7f6-465b-bacb-5d15cadf544d -> R15 -> 140338427437904 3211fa72-d7f6-465b-bacb-5d15cadf544d (kibot - v6_sch.py:2749)
DEBUG:- /33dc0598-a3b7-4547-b1c7-be3f278fae74 -> #PWR012 -> 140338427438224 33dc0598-a3b7-4547-b1c7-be3f278fae74 (kibot - v6_sch.py:2749)
DEBUG:- /3cb4ca4f-6dfe-4b33-9ade-bda2ae15e93e -> #PWR01 -> 140338427438544 3cb4ca4f-6dfe-4b33-9ade-bda2ae15e93e (kibot - v6_sch.py:2749)
DEBUG:- /3cda9c82-41f5-4230-a86b-f82e76a9af8b -> #PWR014 -> 140338427438864 3cda9c82-41f5-4230-a86b-f82e76a9af8b (kibot - v6_sch.py:2749)
DEBUG:- /3dc14004-9e58-483d-aab8-5c4f22b55c25 -> #PWR08 -> 140338427439184 3dc14004-9e58-483d-aab8-5c4f22b55c25 (kibot - v6_sch.py:2749)
DEBUG:- /48667111-47a3-4a2f-8d81-43cf60025841 -> #PWR010 -> 140338427439504 48667111-47a3-4a2f-8d81-43cf60025841 (kibot - v6_sch.py:2749)
DEBUG:- /4bbb776e-c0cb-4fba-a91a-6eaabe985f79 -> C2 -> 140338427439824 4bbb776e-c0cb-4fba-a91a-6eaabe985f79 (kibot - v6_sch.py:2749)
DEBUG:- /553d2ac3-0fbe-496f-9a61-bda3fa672e33 -> #PWR02 -> 140338427440144 553d2ac3-0fbe-496f-9a61-bda3fa672e33 (kibot - v6_sch.py:2749)
DEBUG:- /569d26aa-678a-4a75-89df-0ab066aee5bc -> #FLG02 -> 140338427440464 569d26aa-678a-4a75-89df-0ab066aee5bc (kibot - v6_sch.py:2749)
DEBUG:- /5a8d36c6-7ae6-4b84-b8df-7a420d0145a7 -> J3 -> 140338427440784 5a8d36c6-7ae6-4b84-b8df-7a420d0145a7 (kibot - v6_sch.py:2749)
DEBUG:- /62d5af2e-7a67-4cac-92e4-cc4969ad4d8b -> #PWR05 -> 140338427441104 62d5af2e-7a67-4cac-92e4-cc4969ad4d8b (kibot - v6_sch.py:2749)
DEBUG:- /63f135e9-ba9e-4c2b-ac1f-7f226a5cccb9 -> LS1 -> 140338427441424 63f135e9-ba9e-4c2b-ac1f-7f226a5cccb9 (kibot - v6_sch.py:2749)
DEBUG:- /65c2bae6-911f-49a8-a330-f6027d371f14 -> J6 -> 140338427441744 65c2bae6-911f-49a8-a330-f6027d371f14 (kibot - v6_sch.py:2749)
DEBUG:- /689e59b2-6a0e-4f36-901b-828e7c05be21 -> R7 -> 140338427442064 689e59b2-6a0e-4f36-901b-828e7c05be21 (kibot - v6_sch.py:2749)
DEBUG:- /690e8b56-305c-4068-84c5-0fb8b4f84db4 -> J4 -> 140338427442384 690e8b56-305c-4068-84c5-0fb8b4f84db4 (kibot - v6_sch.py:2749)
DEBUG:- /6af88551-7af2-4463-b394-2a6a7c2cacfb -> R24 -> 140338427442704 6af88551-7af2-4463-b394-2a6a7c2cacfb (kibot - v6_sch.py:2749)
DEBUG:- /6c64bde6-04a5-45b4-af30-2760dea30232 -> J7 -> 140338427443024 6c64bde6-04a5-45b4-af30-2760dea30232 (kibot - v6_sch.py:2749)
DEBUG:- /7169aaa7-d9fa-4494-8c67-33b27dfd1186 -> R6 -> 140338427443984 7169aaa7-d9fa-4494-8c67-33b27dfd1186 (kibot - v6_sch.py:2749)
DEBUG:- /7459da9d-f05a-4d8c-bdd5-0dd1e6d62bda -> #FLG01 -> 140338427444304 7459da9d-f05a-4d8c-bdd5-0dd1e6d62bda (kibot - v6_sch.py:2749)
DEBUG:- /7483640c-5fd1-4808-b8cd-b4d817fa80ea -> #PWR011 -> 140338427444624 7483640c-5fd1-4808-b8cd-b4d817fa80ea (kibot - v6_sch.py:2749)
DEBUG:- /7504ad67-b71b-4429-917f-8574847b884c -> R16 -> 140338427444944 7504ad67-b71b-4429-917f-8574847b884c (kibot - v6_sch.py:2749)
DEBUG:- /7872e9b9-8974-442a-8cd9-08565a7eebf1 -> R26 -> 140338427658320 7872e9b9-8974-442a-8cd9-08565a7eebf1 (kibot - v6_sch.py:2749)
DEBUG:- /798b9de1-0fd9-4fc7-afc4-d1c3dad41b40 -> #PWR03 -> 140338427658640 798b9de1-0fd9-4fc7-afc4-d1c3dad41b40 (kibot - v6_sch.py:2749)
DEBUG:- /7fed6a36-4029-4b31-8fca-a8c6dffd545a -> R18 -> 140338427658960 7fed6a36-4029-4b31-8fca-a8c6dffd545a (kibot - v6_sch.py:2749)
DEBUG:- /8769bef9-042c-4652-ae41-b55a0503b380 -> #PWR016 -> 140338427659280 8769bef9-042c-4652-ae41-b55a0503b380 (kibot - v6_sch.py:2749)
DEBUG:- /8aec6899-1b25-4f25-b803-2881dc3f216c -> R22 -> 140338427443664 8aec6899-1b25-4f25-b803-2881dc3f216c (kibot - v6_sch.py:2749)
DEBUG:- /8c53de39-6117-429a-91eb-5c52ec9bced0 -> J1 -> 140338427443344 8c53de39-6117-429a-91eb-5c52ec9bced0 (kibot - v6_sch.py:2749)
DEBUG:- /8d174a40-8c6e-4708-8f7e-57fcabdee6c6 -> C4 -> 140338427659600 8d174a40-8c6e-4708-8f7e-57fcabdee6c6 (kibot - v6_sch.py:2749)
DEBUG:- /92936b72-77f6-4f2b-90d4-98490a4d23dc -> R9 -> 140338427659920 92936b72-77f6-4f2b-90d4-98490a4d23dc (kibot - v6_sch.py:2749)
DEBUG:- /9375ee61-1488-4bf8-b87b-4f37986277ce -> #PWR09 -> 140338427660240 9375ee61-1488-4bf8-b87b-4f37986277ce (kibot - v6_sch.py:2749)
DEBUG:- /93f2264f-7b49-4679-a014-d5212d0ffe1e -> R3 -> 140338427660560 93f2264f-7b49-4679-a014-d5212d0ffe1e (kibot - v6_sch.py:2749)
DEBUG:- /9419b931-67cb-4fbc-b647-fc059089cff3 -> R5 -> 140338427660880 9419b931-67cb-4fbc-b647-fc059089cff3 (kibot - v6_sch.py:2749)
DEBUG:- /9462334c-fc97-49f6-890e-fc9ee07529ae -> C6 -> 140338427661200 9462334c-fc97-49f6-890e-fc9ee07529ae (kibot - v6_sch.py:2749)
DEBUG:- /96d48e51-9f7b-46a1-aab0-e3b26762a92d -> R10 -> 140338427661520 96d48e51-9f7b-46a1-aab0-e3b26762a92d (kibot - v6_sch.py:2749)
DEBUG:- /99509f81-a468-4fdf-bf6d-4a1ef47f154e -> R2 -> 140338427661840 99509f81-a468-4fdf-bf6d-4a1ef47f154e (kibot - v6_sch.py:2749)
DEBUG:- /9c689ad6-a576-45a0-8d53-ad7cc266ef1c -> R12 -> 140338427662160 9c689ad6-a576-45a0-8d53-ad7cc266ef1c (kibot - v6_sch.py:2749)
DEBUG:- /a2808c13-44ce-4482-be85-5f1d95d63bda -> R20 -> 140338427662480 a2808c13-44ce-4482-be85-5f1d95d63bda (kibot - v6_sch.py:2749)
DEBUG:- /a338b23b-bb25-4a13-952c-04360cb2dda2 -> J8 -> 140338427662800 a338b23b-bb25-4a13-952c-04360cb2dda2 (kibot - v6_sch.py:2749)
DEBUG:- /bcf8d11e-640c-4502-8222-830344e5e664 -> #PWR013 -> 140338427663120 bcf8d11e-640c-4502-8222-830344e5e664 (kibot - v6_sch.py:2749)
DEBUG:- /bdb57f18-ea0b-4bbb-9462-36afe5038abb -> #PWR04 -> 140338427663440 bdb57f18-ea0b-4bbb-9462-36afe5038abb (kibot - v6_sch.py:2749)
DEBUG:- /beb2fe4e-d21d-4df9-bb55-acfa5259d9ef -> U2 -> 140338427663760 beb2fe4e-d21d-4df9-bb55-acfa5259d9ef (kibot - v6_sch.py:2749)
DEBUG:- /c3d1dabe-821e-4729-a6f8-84d5a41ce7e0 -> R14 -> 140338427664080 c3d1dabe-821e-4729-a6f8-84d5a41ce7e0 (kibot - v6_sch.py:2749)
DEBUG:- /ca713486-1b54-4b12-a3ff-acbd75f6969a -> J2 -> 140338427664400 ca713486-1b54-4b12-a3ff-acbd75f6969a (kibot - v6_sch.py:2749)
DEBUG:- /cc08ad19-044c-4364-8cef-f63939f93174 -> #PWR015 -> 140338427664720 cc08ad19-044c-4364-8cef-f63939f93174 (kibot - v6_sch.py:2749)
DEBUG:- /ceed1f30-dfca-4b4d-a071-a7b6d0e027e6 -> R11 -> 140338427665040 ceed1f30-dfca-4b4d-a071-a7b6d0e027e6 (kibot - v6_sch.py:2749)
DEBUG:- /cfec3374-7482-4c77-b83e-aec2b7c0856d -> C1 -> 140338427665360 cfec3374-7482-4c77-b83e-aec2b7c0856d (kibot - v6_sch.py:2749)
DEBUG:- /e0f94fd5-20c2-4bd0-b7a5-e2418a58a50a -> R25 -> 140338427665680 e0f94fd5-20c2-4bd0-b7a5-e2418a58a50a (kibot - v6_sch.py:2749)
DEBUG:- /e28d0e9c-877b-4438-8f68-ce229981a66b -> C3 -> 140338427666000 e28d0e9c-877b-4438-8f68-ce229981a66b (kibot - v6_sch.py:2749)
DEBUG:- /e7d09a0b-21bb-4459-80a8-6d58a4649206 -> R19 -> 140338427666320 e7d09a0b-21bb-4459-80a8-6d58a4649206 (kibot - v6_sch.py:2749)
DEBUG:- /ec10bf5f-7f41-448e-a249-e5f070d201fc -> MK1 -> 140338427666640 ec10bf5f-7f41-448e-a249-e5f070d201fc (kibot - v6_sch.py:2749)
DEBUG:- /fa164850-b193-423c-a629-9925cccd2bd5 -> #PWR07 -> 140338427666960 fa164850-b193-423c-a629-9925cccd2bd5 (kibot - v6_sch.py:2749)
DEBUG:- /fd98f42a-6d2c-4662-b3e2-d24fbdc71641 -> #PWR06 -> 140338427667280 fd98f42a-6d2c-4662-b3e2-d24fbdc71641 (kibot - v6_sch.py:2749)
DEBUG:Schematic dependencies: ['/tmp/tmp-kibot-diff-checkout-_fk_2kbo/iie_tp.kicad_sch'] (kibot - kiplot.py:291)
DEBUG:Hashing /tmp/tmp-kibot-diff-checkout-_fk_2kbo/iie_tp.kicad_sch (kibot - out_diff.py:141)
DEBUG:- Executing: /usr/bin/kicad-diff.py --no_reader --only_cache --old_file_hash sch680727884acf2fec38963325135ed365dbcafdf0 --cache_dir /__w/iie_tp/iie_tp/.cache -vvvvvvvvvv --all_pages /tmp/tmp-kibot-diff-checkout-_fk_2kbo/iie_tp.kicad_sch /tmp/tmp-kibot-diff-checkout-_fk_2kbo/iie_tp.kicad_sch (kibot - kiplot.py:159)
DEBUG:- Output from command: DEBUG:kicad-diff.py:/tmp/tmp-kibot-diff-checkout-_fk_2kbo/iie_tp.kicad_sch SHA1 is sch680727884acf2fec38963325135ed365dbcafdf0
DEBUG:kicad-diff.py:/tmp/tmp-kibot-diff-checkout-_fk_2kbo/iie_tp.kicad_sch SHA1 is None
DEBUG:kicad-diff.py:Cache dir: /__w/iie_tp/iie_tp/.cache
DEBUG:kicad-diff.py:Temporal output dir /tmp/tmpkjda6dwx
DEBUG:kicad-diff.py:Cache for /tmp/tmp-kibot-diff-checkout-_fk_2kbo/iie_tp.kicad_sch will be /__w/iie_tp/iie_tp/.cache/sch680727884acf2fec38963325135ed365dbcafdf0
DEBUG:kicad-diff.py:No options for cache entry: /__w/iie_tp/iie_tp/.cache/sch680727884acf2fec38963325135ed365dbcafdf0/options
ERROR:kicad-diff.py:ops_changed True
INFO:kicad-diff.py:Plotting the schematic
DEBUG:kicad-diff.py:Executing: eeschema_do -vvvvvvvvv export --file_format svg --monochrome --all_pages --no_frame /tmp/tmp-kibot-diff-checkout-_fk_2kbo/iie_tp.kicad_sch /__w/iie_tp/iie_tp/.cache/sch680727884acf2fec38963325135ed365dbcafdf0
DEBUG:kicad-diff.py:DEBUG:KiAuto v2.3.5 (eeschema_do - misc.py:74)
DEBUG:Detected KiCad v9.0.6 (9.0.6+1 9000006) (eeschema_do - misc.py:160)
DEBUG:Config path /github/home/.config/kicad/9.0 (eeschema_do - misc.py:186)
DEBUG:KiCad environment: {} (eeschema_do - misc.py:306)
DEBUG:KiCad share dir: /usr/share/kicad/ (eeschema_do - misc.py:248)
DEBUG:Setting timeout scale to 1.0 (eeschema_do - eeschema_do:954)
DEBUG:Output file: /__w/iie_tp/iie_tp/.cache/sch680727884acf2fec38963325135ed365dbcafdf0/iie_tp.svg (eeschema_do - eeschema_do:1022)
DEBUG:Executing: kicad-cli sch export svg -o /__w/iie_tp/iie_tp/.cache/sch680727884acf2fec38963325135ed365dbcafdf0 -t _builtin_default --black-and-white --exclude-drawing-sheet --no-background-color --default-font 'KiCad Font' /tmp/tmp-kibot-diff-checkout-_fk_2kbo/iie_tp.kicad_sch (eeschema_do.kiauto.file_util - file_util.py:386)
DEBUG:- Output from command: Plotted to '/__w/iie_tp/iie_tp/.cache/sch680727884acf2fec38963325135ed365dbcafdf0/iie_tp.svg'.
Done.
 (eeschema_do.kiauto.file_util - file_util.py:382)
DEBUG:Checking if /tmp/tmp-kibot-diff-checkout-_fk_2kbo/iie_tp.kicad_pro was modified (eeschema_do.kiauto.file_util - file_util.py:339)

DEBUG:kicad-diff.py:Executing: rsvg-convert -d 150 -p 150 -f png -b white -o /__w/iie_tp/iie_tp/.cache/sch680727884acf2fec38963325135ed365dbcafdf0/Schematic_root.png /__w/iie_tp/iie_tp/.cache/sch680727884acf2fec38963325135ed365dbcafdf0/iie_tp.svg
DEBUG:kicad-diff.py:
DEBUG:kicad-diff.py:Writing options used for `/__w/iie_tp/iie_tp/.cache/sch680727884acf2fec38963325135ed365dbcafdf0/options` as `/__w/iie_tp/iie_tp/.cache/sch680727884acf2fec38963325135ed365dbcafdf0/.options.json` ({'KiCad': '9.0.6+1'})
INFO:kicad-diff.py:/tmp/tmp-kibot-diff-checkout-_fk_2kbo/iie_tp.kicad_sch SHA1 is sch680727884acf2fec38963325135ed365dbcafdf0
 (kibot - kiplot.py:151)
DEBUG:- Executing: /usr/bin/git describe --exact-match --tags HEAD (kibot - kiplot.py:159)
DEBUG:- CWD: /tmp/tmp-kibot-diff-checkout-_fk_2kbo (kibot - kiplot.py:161)
DEBUG:Not at a tag point (kibot - out_diff.py:287)
DEBUG:- Executing: /usr/bin/git rev-parse --abbrev-ref HEAD (kibot - kiplot.py:159)
DEBUG:- CWD: /tmp/tmp-kibot-diff-checkout-_fk_2kbo (kibot - kiplot.py:161)
DEBUG:- Output from command: HEAD
 (kibot - kiplot.py:151)
DEBUG:- Executing: /usr/bin/git describe --tags --dirty (kibot - kiplot.py:159)
DEBUG:- CWD: /tmp/tmp-kibot-diff-checkout-_fk_2kbo (kibot - kiplot.py:161)
DEBUG:Can't find a tag name (kibot - out_diff.py:297)
DEBUG:- Executing: /usr/bin/git rev-parse --short HEAD (kibot - kiplot.py:159)
DEBUG:- CWD: /tmp/tmp-kibot-diff-checkout-_fk_2kbo (kibot - kiplot.py:161)
DEBUG:- Output from command: af9cc18
 (kibot - kiplot.py:151)
DEBUG:- Executing: /usr/bin/kicad-diff.py --no_reader --new_file_hash sch680727884acf2fec38963325135ed365dbcafdf0 --old_file_hash sch146e35e6fa09bf0d7d78442f1a035c690786e586 --cache_dir /__w/iie_tp/iie_tp/.cache --output_dir /__w/iie_tp/iie_tp/Generated/diff --output_name _f-diff_sch.pdf --diff_mode red_green --fuzz 5 --no_exist_check --added_2color '#00FF00' --removed_2color '#FF0000' --resolution 150 --all_pages /tmp/kibot_ker6239z.kicad_sch /tmp/tmp-kibot-diff-checkout-_fk_2kbo/iie_tp.kicad_sch (kibot - kiplot.py:159)
DEBUG:- Output from command: ERROR:kicad-diff.py:ops_changed False
ERROR:kicad-diff.py:ops_changed False
 (kibot - kiplot.py:151)
DEBUG:Removing temporal checkout at /tmp/tmp-kibot-diff-checkout-xojf18mp (kibot - out_any_diff.py:82)
DEBUG:- Executing: /usr/bin/git worktree remove --force /tmp/tmp-kibot-diff-checkout-xojf18mp (kibot - kiplot.py:159)
DEBUG:- CWD: /__w/iie_tp/iie_tp (kibot - kiplot.py:161)
DEBUG:Removing temporal checkout at /tmp/tmp-kibot-diff-checkout-_fk_2kbo (kibot - out_any_diff.py:82)
DEBUG:- Executing: /usr/bin/git worktree remove --force /tmp/tmp-kibot-diff-checkout-_fk_2kbo (kibot - kiplot.py:159)
DEBUG:- CWD: /__w/iie_tp/iie_tp (kibot - kiplot.py:161)
- 'Download the datasheets' (basic_download_datasheets) [download_datasheets]
DEBUG:Expanding `Generated/Datasheets` in SCH context for <kibot.out_download_datasheets.Download_Datasheets_Options object at 0x7fa317051940> parent: 'Download the datasheets' (basic_download_datasheets) [download_datasheets] (kibot - optionable.py:493)
DEBUG:Expanded `Generated/Datasheets` (kibot - optionable.py:539)
DEBUG:Output destination: /__w/iie_tp/iie_tp/Generated/Datasheets (kibot - kiplot.py:565)
DEBUG:Before collapse: (kibot - v5_sch.py:1717)
DEBUG:C8 (C_Polarized_Small_US): 1 {'Reference': 'C8', 'Value': 'C_Polarized_Small_US', 'Footprint': '', 'Datasheet': '~', 'Description': 'Polarized capacitor, small US symbol', 'part': 'C_Polarized_Small_US'} (kibot - v5_sch.py:1720)
DEBUG:R21 (R_US 2k2): 1 {'Reference': 'R21', 'Value': '2k2', 'Footprint': '', 'Datasheet': '~', 'Description': 'Resistor, US symbol', 'part': 'R_US'} (kibot - v5_sch.py:1720)
DEBUG:R23 (R_US 2k2): 1 {'Reference': 'R23', 'Value': '2k2', 'Footprint': '', 'Datasheet': '~', 'Description': 'Resistor, US symbol', 'part': 'R_US'} (kibot - v5_sch.py:1720)
DEBUG:A1 (Arduino_UNO_R3): 1 {'Reference': 'A1', 'Value': 'Arduino_UNO_R3', 'Footprint': 'Module:Arduino_UNO_R3', 'Datasheet': 'https://www.arduino.cc/en/Main/arduinoBoardUno', 'Description': 'Arduino UNO Microcontroller Module, release 3', 'part': 'Arduino_UNO_R3'} (kibot - v5_sch.py:1720)
DEBUG:R8 (R_US 2k2): 1 {'Reference': 'R8', 'Value': '2k2', 'Footprint': '', 'Datasheet': '~', 'Description': 'Resistor, US symbol', 'part': 'R_US'} (kibot - v5_sch.py:1720)
DEBUG:R13 (R_US 2k2): 1 {'Reference': 'R13', 'Value': '2k2', 'Footprint': '', 'Datasheet': '~', 'Description': 'Resistor, US symbol', 'part': 'R_US'} (kibot - v5_sch.py:1720)
DEBUG:R1 (R_US 4k7): 1 {'Reference': 'R1', 'Value': '4k7', 'Footprint': 'Resistor_THT:R_Axial_Power_L25.0mm_W6.4mm_P27.94mm', 'Datasheet': '~', 'Description': 'Resistor, US symbol', 'part': 'R_US'} (kibot - v5_sch.py:1720)
DEBUG:J5 (Conn_01x02): 1 {'Reference': 'J5', 'Value': 'Conn_01x02', 'Footprint': 'Connector_Phoenix_SPT:PhoenixContact_SPT_2.5_2-H-5.0_1x02_P5.0mm_Horizontal', 'Datasheet': '~', 'Description': 'Generic connector, single row, 01x02, script generated (kicad-library-utils/schlib/autogen/connector/)', 'part': 'Conn_01x02'} (kibot - v5_sch.py:1720)
DEBUG:R17 (R_US 2k2): 1 {'Reference': 'R17', 'Value': '2k2', 'Footprint': '', 'Datasheet': '~', 'Description': 'Resistor, US symbol', 'part': 'R_US'} (kibot - v5_sch.py:1720)
DEBUG:C7 (C_Small): 1 {'Reference': 'C7', 'Value': 'C_Small', 'Footprint': '', 'Datasheet': '~', 'Description': 'Unpolarized capacitor, small symbol', 'part': 'C_Small'} (kibot - v5_sch.py:1720)
DEBUG:R4 (R_US 8k2): 1 {'Reference': 'R4', 'Value': '8k2', 'Footprint': 'Resistor_THT:R_Axial_Power_L25.0mm_W6.4mm_P27.94mm', 'Datasheet': '~', 'Description': 'Resistor, US symbol', 'part': 'R_US'} (kibot - v5_sch.py:1720)
DEBUG:U1 (OPAMP ${SIM.PARAMS}): 1 {'Reference': 'U1', 'Value': '${SIM.PARAMS}', 'Footprint': '', 'Datasheet': 'https://ngspice.sourceforge.io/docs/ngspice-html-manual/manual.xhtml#sec__SUBCKT_Subcircuits', 'Description': 'Operational amplifier, single', 'Sim.Pins': '1=in+ 2=in- 3=vcc 4=vee 5=out', 'Sim.Device': 'SUBCKT', 'Sim.Library': '/usr/share/kicad/symbols/Simulation_SPICE.sp', 'Sim.Name': 'kicad_builtin_opamp', 'part': 'OPAMP'} (kibot - v5_sch.py:1720)
DEBUG:C5 (C_Polarized_Small_US 10u): 1 {'Reference': 'C5', 'Value': '10u', 'Footprint': '', 'Datasheet': '~', 'Description': 'Polarized capacitor, small US symbol', 'part': 'C_Polarized_Small_US'} (kibot - v5_sch.py:1720)
DEBUG:R15 (R_US 2k2): 1 {'Reference': 'R15', 'Value': '2k2', 'Footprint': '', 'Datasheet': '~', 'Description': 'Resistor, US symbol', 'part': 'R_US'} (kibot - v5_sch.py:1720)
DEBUG:C2 (C 10n): 1 {'Reference': 'C2', 'Value': '10n', 'Footprint': 'Capacitor_THT:C_Disc_D7.0mm_W2.5mm_P5.00mm', 'Datasheet': '~', 'Description': 'Unpolarized capacitor', 'part': 'C'} (kibot - v5_sch.py:1720)
DEBUG:J3 (Conn_01x01): 1 {'Reference': 'J3', 'Value': 'Conn_01x01', 'Footprint': 'Connector_PinSocket_1.27mm:PinSocket_1x01_P1.27mm_Vertical', 'Datasheet': '~', 'Description': 'Generic connector, single row, 01x01, script generated (kicad-library-utils/schlib/autogen/connector/)', 'part': 'Conn_01x01'} (kibot - v5_sch.py:1720)
DEBUG:LS1 (Speaker): 1 {'Reference': 'LS1', 'Value': 'Speaker', 'Footprint': '', 'Datasheet': '~', 'Description': 'Speaker', 'part': 'Speaker'} (kibot - v5_sch.py:1720)
DEBUG:J6 (Conn_01x02): 1 {'Reference': 'J6', 'Value': 'Conn_01x02', 'Footprint': '', 'Datasheet': '~', 'Description': 'Generic connector, single row, 01x02, script generated (kicad-library-utils/schlib/autogen/connector/)', 'part': 'Conn_01x02'} (kibot - v5_sch.py:1720)
DEBUG:R7 (R_US 2k2): 1 {'Reference': 'R7', 'Value': '2k2', 'Footprint': '', 'Datasheet': '~', 'Description': 'Resistor, US symbol', 'part': 'R_US'} (kibot - v5_sch.py:1720)
DEBUG:J4 (Conn_01x01): 1 {'Reference': 'J4', 'Value': 'Conn_01x01', 'Footprint': 'Connector_PinSocket_1.27mm:PinSocket_1x01_P1.27mm_Vertical', 'Datasheet': '~', 'Description': 'Generic connector, single row, 01x01, script generated (kicad-library-utils/schlib/autogen/connector/)', 'part': 'Conn_01x01'} (kibot - v5_sch.py:1720)
DEBUG:R24 (R_US 2k2): 1 {'Reference': 'R24', 'Value': '2k2', 'Footprint': '', 'Datasheet': '~', 'Description': 'Resistor, US symbol', 'part': 'R_US'} (kibot - v5_sch.py:1720)
DEBUG:J7 (Conn_01x03): 1 {'Reference': 'J7', 'Value': 'Conn_01x03', 'Footprint': '', 'Datasheet': '~', 'Description': 'Generic connector, single row, 01x03, script generated (kicad-library-utils/schlib/autogen/connector/)', 'part': 'Conn_01x03'} (kibot - v5_sch.py:1720)
DEBUG:R6 (R_US 2k2): 1 {'Reference': 'R6', 'Value': '2k2', 'Footprint': '', 'Datasheet': '~', 'Description': 'Resistor, US symbol', 'part': 'R_US'} (kibot - v5_sch.py:1720)
DEBUG:R16 (R_US 2k2): 1 {'Reference': 'R16', 'Value': '2k2', 'Footprint': '', 'Datasheet': '~', 'Description': 'Resistor, US symbol', 'part': 'R_US'} (kibot - v5_sch.py:1720)
DEBUG:R26 (R_US 2k2): 1 {'Reference': 'R26', 'Value': '2k2', 'Footprint': '', 'Datasheet': '~', 'Description': 'Resistor, US symbol', 'part': 'R_US'} (kibot - v5_sch.py:1720)
DEBUG:R18 (R_US 2k2): 1 {'Reference': 'R18', 'Value': '2k2', 'Footprint': '', 'Datasheet': '~', 'Description': 'Resistor, US symbol', 'part': 'R_US'} (kibot - v5_sch.py:1720)
DEBUG:R22 (R_US 2k2): 1 {'Reference': 'R22', 'Value': '2k2', 'Footprint': '', 'Datasheet': '~', 'Description': 'Resistor, US symbol', 'part': 'R_US'} (kibot - v5_sch.py:1720)
DEBUG:J1 (Conn_01x03): 1 {'Reference': 'J1', 'Value': 'Conn_01x03', 'Footprint': 'Connector_PinHeader_1.00mm:PinHeader_1x03_P1.00mm_Vertical', 'Datasheet': '~', 'Description': 'Generic connector, single row, 01x03, script generated (kicad-library-utils/schlib/autogen/connector/)', 'part': 'Conn_01x03'} (kibot - v5_sch.py:1720)
DEBUG:C4 (C_Polarized_Small_US 47n): 1 {'Reference': 'C4', 'Value': '47n', 'Footprint': '', 'Datasheet': '~', 'Description': 'Polarized capacitor, small US symbol', 'part': 'C_Polarized_Small_US'} (kibot - v5_sch.py:1720)
DEBUG:R9 (R_US 2k2): 1 {'Reference': 'R9', 'Value': '2k2', 'Footprint': '', 'Datasheet': '~', 'Description': 'Resistor, US symbol', 'part': 'R_US'} (kibot - v5_sch.py:1720)
DEBUG:R3 (R_Potentiometer_US 100k): 1 {'Reference': 'R3', 'Value': '100k', 'Footprint': 'Potentiometer_THT:Potentiometer_Bourns_3296W_Vertical', 'Datasheet': '~', 'Description': 'Potentiometer, US symbol', 'part': 'R_Potentiometer_US'} (kibot - v5_sch.py:1720)
DEBUG:R5 (R_US 2k2): 1 {'Reference': 'R5', 'Value': '2k2', 'Footprint': 'Resistor_THT:R_Axial_Power_L25.0mm_W6.4mm_P27.94mm', 'Datasheet': '~', 'Description': 'Resistor, US symbol', 'part': 'R_US'} (kibot - v5_sch.py:1720)
DEBUG:C6 (C_Small): 1 {'Reference': 'C6', 'Value': 'C_Small', 'Footprint': '', 'Datasheet': '~', 'Description': 'Unpolarized capacitor, small symbol', 'part': 'C_Small'} (kibot - v5_sch.py:1720)
DEBUG:R10 (R_US 2k2): 1 {'Reference': 'R10', 'Value': '2k2', 'Footprint': '', 'Datasheet': '~', 'Description': 'Resistor, US symbol', 'part': 'R_US'} (kibot - v5_sch.py:1720)
DEBUG:R2 (R_Potentiometer_US 100k): 1 {'Reference': 'R2', 'Value': '100k', 'Footprint': 'Potentiometer_THT:Potentiometer_Bourns_3296W_Vertical', 'Datasheet': '~', 'Description': 'Potentiometer, US symbol', 'part': 'R_Potentiometer_US'} (kibot - v5_sch.py:1720)
DEBUG:R12 (R_US 2k2): 1 {'Reference': 'R12', 'Value': '2k2', 'Footprint': '', 'Datasheet': '~', 'Description': 'Resistor, US symbol', 'part': 'R_US'} (kibot - v5_sch.py:1720)
DEBUG:R20 (R_US 2k2): 1 {'Reference': 'R20', 'Value': '2k2', 'Footprint': '', 'Datasheet': '~', 'Description': 'Resistor, US symbol', 'part': 'R_US'} (kibot - v5_sch.py:1720)
DEBUG:J8 (AudioJack2_Ground): 1 {'Reference': 'J8', 'Value': 'AudioJack2_Ground', 'Footprint': '', 'Datasheet': '~', 'Description': 'Audio Jack, 2 Poles (Mono / TS), Grounded Sleeve', 'part': 'AudioJack2_Ground'} (kibot - v5_sch.py:1720)
DEBUG:U2 (LM386): 1 {'Reference': 'U2', 'Value': 'LM386', 'Footprint': '', 'Datasheet': 'http://www.ti.com/lit/ds/symlink/lm386.pdf', 'Description': 'Low Voltage Audio Power Amplifier, DIP-8/SOIC-8/SSOP-8', 'part': 'LM386'} (kibot - v5_sch.py:1720)
DEBUG:R14 (R_US 2k2): 1 {'Reference': 'R14', 'Value': '2k2', 'Footprint': '', 'Datasheet': '~', 'Description': 'Resistor, US symbol', 'part': 'R_US'} (kibot - v5_sch.py:1720)
DEBUG:J2 (Conn_01x02): 1 {'Reference': 'J2', 'Value': 'Conn_01x02', 'Footprint': 'Connector_Phoenix_SPT:PhoenixContact_SPT_2.5_2-H-5.0_1x02_P5.0mm_Horizontal', 'Datasheet': '~', 'Description': 'Generic connector, single row, 01x02, script generated (kicad-library-utils/schlib/autogen/connector/)', 'part': 'Conn_01x02'} (kibot - v5_sch.py:1720)
DEBUG:R11 (R_US 2k2): 1 {'Reference': 'R11', 'Value': '2k2', 'Footprint': '', 'Datasheet': '~', 'Description': 'Resistor, US symbol', 'part': 'R_US'} (kibot - v5_sch.py:1720)
DEBUG:C1 (C_Polarized_Small_US 10u): 1 {'Reference': 'C1', 'Value': '10u', 'Footprint': 'Capacitor_THT:CP_Radial_D10.0mm_P5.00mm_P7.50mm', 'Datasheet': '~', 'Description': 'Polarized capacitor, small US symbol', 'part': 'C_Polarized_Small_US'} (kibot - v5_sch.py:1720)
DEBUG:R25 (R_Potentiometer_US 100k): 1 {'Reference': 'R25', 'Value': '100k', 'Footprint': 'Potentiometer_THT:Potentiometer_Bourns_3296W_Vertical', 'Datasheet': '~', 'Description': 'Potentiometer, US symbol', 'part': 'R_Potentiometer_US'} (kibot - v5_sch.py:1720)
DEBUG:C3 (C_Polarized_Small_US 10u): 1 {'Reference': 'C3', 'Value': '10u', 'Footprint': 'Capacitor_THT:CP_Radial_D10.0mm_P5.00mm_P7.50mm', 'Datasheet': '~', 'Description': 'Polarized capacitor, small US symbol', 'part': 'C_Polarized_Small_US'} (kibot - v5_sch.py:1720)
DEBUG:R19 (R_US 2k2): 1 {'Reference': 'R19', 'Value': '2k2', 'Footprint': '', 'Datasheet': '~', 'Description': 'Resistor, US symbol', 'part': 'R_US'} (kibot - v5_sch.py:1720)
DEBUG:MK1 (Microphone Mic): 1 {'Reference': 'MK1', 'Value': 'Mic', 'Footprint': 'Sensor_Audio:POM-2244P-C3310-2-R', 'Datasheet': '~', 'Description': 'Microphone', 'part': 'Microphone'} (kibot - v5_sch.py:1720)
DEBUG:After collapse: (kibot - v5_sch.py:1759)
DEBUG:C8 (C_Polarized_Small_US): 1 {'Reference': 'C8', 'Value': 'C_Polarized_Small_US', 'Footprint': '', 'Datasheet': '~', 'Description': 'Polarized capacitor, small US symbol', 'part': 'C_Polarized_Small_US'} (kibot - v5_sch.py:1762)
DEBUG:R21 (R_US 2k2): 1 {'Reference': 'R21', 'Value': '2k2', 'Footprint': '', 'Datasheet': '~', 'Description': 'Resistor, US symbol', 'part': 'R_US'} (kibot - v5_sch.py:1762)
DEBUG:R23 (R_US 2k2): 1 {'Reference': 'R23', 'Value': '2k2', 'Footprint': '', 'Datasheet': '~', 'Description': 'Resistor, US symbol', 'part': 'R_US'} (kibot - v5_sch.py:1762)
DEBUG:A1 (Arduino_UNO_R3): 1 {'Reference': 'A1', 'Value': 'Arduino_UNO_R3', 'Footprint': 'Module:Arduino_UNO_R3', 'Datasheet': 'https://www.arduino.cc/en/Main/arduinoBoardUno', 'Description': 'Arduino UNO Microcontroller Module, release 3', 'part': 'Arduino_UNO_R3'} (kibot - v5_sch.py:1762)
DEBUG:R8 (R_US 2k2): 1 {'Reference': 'R8', 'Value': '2k2', 'Footprint': '', 'Datasheet': '~', 'Description': 'Resistor, US symbol', 'part': 'R_US'} (kibot - v5_sch.py:1762)
DEBUG:R13 (R_US 2k2): 1 {'Reference': 'R13', 'Value': '2k2', 'Footprint': '', 'Datasheet': '~', 'Description': 'Resistor, US symbol', 'part': 'R_US'} (kibot - v5_sch.py:1762)
DEBUG:R1 (R_US 4k7): 1 {'Reference': 'R1', 'Value': '4k7', 'Footprint': 'Resistor_THT:R_Axial_Power_L25.0mm_W6.4mm_P27.94mm', 'Datasheet': '~', 'Description': 'Resistor, US symbol', 'part': 'R_US'} (kibot - v5_sch.py:1762)
DEBUG:J5 (Conn_01x02): 1 {'Reference': 'J5', 'Value': 'Conn_01x02', 'Footprint': 'Connector_Phoenix_SPT:PhoenixContact_SPT_2.5_2-H-5.0_1x02_P5.0mm_Horizontal', 'Datasheet': '~', 'Description': 'Generic connector, single row, 01x02, script generated (kicad-library-utils/schlib/autogen/connector/)', 'part': 'Conn_01x02'} (kibot - v5_sch.py:1762)
DEBUG:R17 (R_US 2k2): 1 {'Reference': 'R17', 'Value': '2k2', 'Footprint': '', 'Datasheet': '~', 'Description': 'Resistor, US symbol', 'part': 'R_US'} (kibot - v5_sch.py:1762)
DEBUG:C7 (C_Small): 1 {'Reference': 'C7', 'Value': 'C_Small', 'Footprint': '', 'Datasheet': '~', 'Description': 'Unpolarized capacitor, small symbol', 'part': 'C_Small'} (kibot - v5_sch.py:1762)
DEBUG:R4 (R_US 8k2): 1 {'Reference': 'R4', 'Value': '8k2', 'Footprint': 'Resistor_THT:R_Axial_Power_L25.0mm_W6.4mm_P27.94mm', 'Datasheet': '~', 'Description': 'Resistor, US symbol', 'part': 'R_US'} (kibot - v5_sch.py:1762)
DEBUG:U1 (OPAMP ${SIM.PARAMS}): 1 {'Reference': 'U1', 'Value': '${SIM.PARAMS}', 'Footprint': '', 'Datasheet': 'https://ngspice.sourceforge.io/docs/ngspice-html-manual/manual.xhtml#sec__SUBCKT_Subcircuits', 'Description': 'Operational amplifier, single', 'Sim.Pins': '1=in+ 2=in- 3=vcc 4=vee 5=out', 'Sim.Device': 'SUBCKT', 'Sim.Library': '/usr/share/kicad/symbols/Simulation_SPICE.sp', 'Sim.Name': 'kicad_builtin_opamp', 'part': 'OPAMP'} (kibot - v5_sch.py:1762)
DEBUG:C5 (C_Polarized_Small_US 10u): 1 {'Reference': 'C5', 'Value': '10u', 'Footprint': '', 'Datasheet': '~', 'Description': 'Polarized capacitor, small US symbol', 'part': 'C_Polarized_Small_US'} (kibot - v5_sch.py:1762)
DEBUG:R15 (R_US 2k2): 1 {'Reference': 'R15', 'Value': '2k2', 'Footprint': '', 'Datasheet': '~', 'Description': 'Resistor, US symbol', 'part': 'R_US'} (kibot - v5_sch.py:1762)
DEBUG:C2 (C 10n): 1 {'Reference': 'C2', 'Value': '10n', 'Footprint': 'Capacitor_THT:C_Disc_D7.0mm_W2.5mm_P5.00mm', 'Datasheet': '~', 'Description': 'Unpolarized capacitor', 'part': 'C'} (kibot - v5_sch.py:1762)
DEBUG:J3 (Conn_01x01): 1 {'Reference': 'J3', 'Value': 'Conn_01x01', 'Footprint': 'Connector_PinSocket_1.27mm:PinSocket_1x01_P1.27mm_Vertical', 'Datasheet': '~', 'Description': 'Generic connector, single row, 01x01, script generated (kicad-library-utils/schlib/autogen/connector/)', 'part': 'Conn_01x01'} (kibot - v5_sch.py:1762)
DEBUG:LS1 (Speaker): 1 {'Reference': 'LS1', 'Value': 'Speaker', 'Footprint': '', 'Datasheet': '~', 'Description': 'Speaker', 'part': 'Speaker'} (kibot - v5_sch.py:1762)
DEBUG:J6 (Conn_01x02): 1 {'Reference': 'J6', 'Value': 'Conn_01x02', 'Footprint': '', 'Datasheet': '~', 'Description': 'Generic connector, single row, 01x02, script generated (kicad-library-utils/schlib/autogen/connector/)', 'part': 'Conn_01x02'} (kibot - v5_sch.py:1762)
DEBUG:R7 (R_US 2k2): 1 {'Reference': 'R7', 'Value': '2k2', 'Footprint': '', 'Datasheet': '~', 'Description': 'Resistor, US symbol', 'part': 'R_US'} (kibot - v5_sch.py:1762)
DEBUG:J4 (Conn_01x01): 1 {'Reference': 'J4', 'Value': 'Conn_01x01', 'Footprint': 'Connector_PinSocket_1.27mm:PinSocket_1x01_P1.27mm_Vertical', 'Datasheet': '~', 'Description': 'Generic connector, single row, 01x01, script generated (kicad-library-utils/schlib/autogen/connector/)', 'part': 'Conn_01x01'} (kibot - v5_sch.py:1762)
DEBUG:R24 (R_US 2k2): 1 {'Reference': 'R24', 'Value': '2k2', 'Footprint': '', 'Datasheet': '~', 'Description': 'Resistor, US symbol', 'part': 'R_US'} (kibot - v5_sch.py:1762)
DEBUG:J7 (Conn_01x03): 1 {'Reference': 'J7', 'Value': 'Conn_01x03', 'Footprint': '', 'Datasheet': '~', 'Description': 'Generic connector, single row, 01x03, script generated (kicad-library-utils/schlib/autogen/connector/)', 'part': 'Conn_01x03'} (kibot - v5_sch.py:1762)
DEBUG:R6 (R_US 2k2): 1 {'Reference': 'R6', 'Value': '2k2', 'Footprint': '', 'Datasheet': '~', 'Description': 'Resistor, US symbol', 'part': 'R_US'} (kibot - v5_sch.py:1762)
DEBUG:R16 (R_US 2k2): 1 {'Reference': 'R16', 'Value': '2k2', 'Footprint': '', 'Datasheet': '~', 'Description': 'Resistor, US symbol', 'part': 'R_US'} (kibot - v5_sch.py:1762)
DEBUG:R26 (R_US 2k2): 1 {'Reference': 'R26', 'Value': '2k2', 'Footprint': '', 'Datasheet': '~', 'Description': 'Resistor, US symbol', 'part': 'R_US'} (kibot - v5_sch.py:1762)
DEBUG:R18 (R_US 2k2): 1 {'Reference': 'R18', 'Value': '2k2', 'Footprint': '', 'Datasheet': '~', 'Description': 'Resistor, US symbol', 'part': 'R_US'} (kibot - v5_sch.py:1762)
DEBUG:R22 (R_US 2k2): 1 {'Reference': 'R22', 'Value': '2k2', 'Footprint': '', 'Datasheet': '~', 'Description': 'Resistor, US symbol', 'part': 'R_US'} (kibot - v5_sch.py:1762)
DEBUG:J1 (Conn_01x03): 1 {'Reference': 'J1', 'Value': 'Conn_01x03', 'Footprint': 'Connector_PinHeader_1.00mm:PinHeader_1x03_P1.00mm_Vertical', 'Datasheet': '~', 'Description': 'Generic connector, single row, 01x03, script generated (kicad-library-utils/schlib/autogen/connector/)', 'part': 'Conn_01x03'} (kibot - v5_sch.py:1762)
DEBUG:C4 (C_Polarized_Small_US 47n): 1 {'Reference': 'C4', 'Value': '47n', 'Footprint': '', 'Datasheet': '~', 'Description': 'Polarized capacitor, small US symbol', 'part': 'C_Polarized_Small_US'} (kibot - v5_sch.py:1762)
DEBUG:R9 (R_US 2k2): 1 {'Reference': 'R9', 'Value': '2k2', 'Footprint': '', 'Datasheet': '~', 'Description': 'Resistor, US symbol', 'part': 'R_US'} (kibot - v5_sch.py:1762)
DEBUG:R3 (R_Potentiometer_US 100k): 1 {'Reference': 'R3', 'Value': '100k', 'Footprint': 'Potentiometer_THT:Potentiometer_Bourns_3296W_Vertical', 'Datasheet': '~', 'Description': 'Potentiometer, US symbol', 'part': 'R_Potentiometer_US'} (kibot - v5_sch.py:1762)
DEBUG:R5 (R_US 2k2): 1 {'Reference': 'R5', 'Value': '2k2', 'Footprint': 'Resistor_THT:R_Axial_Power_L25.0mm_W6.4mm_P27.94mm', 'Datasheet': '~', 'Description': 'Resistor, US symbol', 'part': 'R_US'} (kibot - v5_sch.py:1762)
DEBUG:C6 (C_Small): 1 {'Reference': 'C6', 'Value': 'C_Small', 'Footprint': '', 'Datasheet': '~', 'Description': 'Unpolarized capacitor, small symbol', 'part': 'C_Small'} (kibot - v5_sch.py:1762)
DEBUG:R10 (R_US 2k2): 1 {'Reference': 'R10', 'Value': '2k2', 'Footprint': '', 'Datasheet': '~', 'Description': 'Resistor, US symbol', 'part': 'R_US'} (kibot - v5_sch.py:1762)
DEBUG:R2 (R_Potentiometer_US 100k): 1 {'Reference': 'R2', 'Value': '100k', 'Footprint': 'Potentiometer_THT:Potentiometer_Bourns_3296W_Vertical', 'Datasheet': '~', 'Description': 'Potentiometer, US symbol', 'part': 'R_Potentiometer_US'} (kibot - v5_sch.py:1762)
DEBUG:R12 (R_US 2k2): 1 {'Reference': 'R12', 'Value': '2k2', 'Footprint': '', 'Datasheet': '~', 'Description': 'Resistor, US symbol', 'part': 'R_US'} (kibot - v5_sch.py:1762)
DEBUG:R20 (R_US 2k2): 1 {'Reference': 'R20', 'Value': '2k2', 'Footprint': '', 'Datasheet': '~', 'Description': 'Resistor, US symbol', 'part': 'R_US'} (kibot - v5_sch.py:1762)
DEBUG:J8 (AudioJack2_Ground): 1 {'Reference': 'J8', 'Value': 'AudioJack2_Ground', 'Footprint': '', 'Datasheet': '~', 'Description': 'Audio Jack, 2 Poles (Mono / TS), Grounded Sleeve', 'part': 'AudioJack2_Ground'} (kibot - v5_sch.py:1762)
DEBUG:U2 (LM386): 1 {'Reference': 'U2', 'Value': 'LM386', 'Footprint': '', 'Datasheet': 'http://www.ti.com/lit/ds/symlink/lm386.pdf', 'Description': 'Low Voltage Audio Power Amplifier, DIP-8/SOIC-8/SSOP-8', 'part': 'LM386'} (kibot - v5_sch.py:1762)
DEBUG:R14 (R_US 2k2): 1 {'Reference': 'R14', 'Value': '2k2', 'Footprint': '', 'Datasheet': '~', 'Description': 'Resistor, US symbol', 'part': 'R_US'} (kibot - v5_sch.py:1762)
DEBUG:J2 (Conn_01x02): 1 {'Reference': 'J2', 'Value': 'Conn_01x02', 'Footprint': 'Connector_Phoenix_SPT:PhoenixContact_SPT_2.5_2-H-5.0_1x02_P5.0mm_Horizontal', 'Datasheet': '~', 'Description': 'Generic connector, single row, 01x02, script generated (kicad-library-utils/schlib/autogen/connector/)', 'part': 'Conn_01x02'} (kibot - v5_sch.py:1762)
DEBUG:R11 (R_US 2k2): 1 {'Reference': 'R11', 'Value': '2k2', 'Footprint': '', 'Datasheet': '~', 'Description': 'Resistor, US symbol', 'part': 'R_US'} (kibot - v5_sch.py:1762)
DEBUG:C1 (C_Polarized_Small_US 10u): 1 {'Reference': 'C1', 'Value': '10u', 'Footprint': 'Capacitor_THT:CP_Radial_D10.0mm_P5.00mm_P7.50mm', 'Datasheet': '~', 'Description': 'Polarized capacitor, small US symbol', 'part': 'C_Polarized_Small_US'} (kibot - v5_sch.py:1762)
DEBUG:R25 (R_Potentiometer_US 100k): 1 {'Reference': 'R25', 'Value': '100k', 'Footprint': 'Potentiometer_THT:Potentiometer_Bourns_3296W_Vertical', 'Datasheet': '~', 'Description': 'Potentiometer, US symbol', 'part': 'R_Potentiometer_US'} (kibot - v5_sch.py:1762)
DEBUG:C3 (C_Polarized_Small_US 10u): 1 {'Reference': 'C3', 'Value': '10u', 'Footprint': 'Capacitor_THT:CP_Radial_D10.0mm_P5.00mm_P7.50mm', 'Datasheet': '~', 'Description': 'Polarized capacitor, small US symbol', 'part': 'C_Polarized_Small_US'} (kibot - v5_sch.py:1762)
DEBUG:R19 (R_US 2k2): 1 {'Reference': 'R19', 'Value': '2k2', 'Footprint': '', 'Datasheet': '~', 'Description': 'Resistor, US symbol', 'part': 'R_US'} (kibot - v5_sch.py:1762)
DEBUG:MK1 (Microphone Mic): 1 {'Reference': 'MK1', 'Value': 'Mic', 'Footprint': 'Sensor_Audio:POM-2244P-C3310-2-R', 'Datasheet': '~', 'Description': 'Microphone', 'part': 'Microphone'} (kibot - v5_sch.py:1762)
DEBUG:Filters reset (kibot - fil_base.py:196)
DEBUG:Applying filter `Dummy` to fitted (kibot - fil_base.py:214)
DEBUG:Expanding `Arduino_UNO_R3.pdf` in SCH context for <kibot.out_download_datasheets.Download_Datasheets_Options object at 0x7fa317051940> parent: 'Download the datasheets' (basic_download_datasheets) [download_datasheets] (kibot - optionable.py:493)
DEBUG:Expanded `Arduino_UNO_R3.pdf` (kibot - optionable.py:539)
DEBUG:To download: https://www.arduino.cc/en/Main/arduinoBoardUno -> /__w/iie_tp/iie_tp/Generated/Datasheets/Arduino_UNO_R3.pdf (kibot - out_download_datasheets.py:74)
DEBUG:Expanding `${SIM.PARAMS}.pdf` in SCH context for <kibot.out_download_datasheets.Download_Datasheets_Options object at 0x7fa317051940> parent: 'Download the datasheets' (basic_download_datasheets) [download_datasheets] (kibot - optionable.py:493)
WARNING:(W082) Unknown text variable `SIM.PARAMS` (kibot.gs - gs.py:528)
DEBUG:Expanded `${SIM.PARAMS}.pdf` (kibot - optionable.py:539)
DEBUG:To download: https://ngspice.sourceforge.io/docs/ngspice-html-manual/manual.xhtml#sec__SUBCKT_Subcircuits -> /__w/iie_tp/iie_tp/Generated/Datasheets/${SIM.PARAMS}.pdf (kibot - out_download_datasheets.py:74)
DEBUG:Expanding `LM386.pdf` in SCH context for <kibot.out_download_datasheets.Download_Datasheets_Options object at 0x7fa317051940> parent: 'Download the datasheets' (basic_download_datasheets) [download_datasheets] (kibot - optionable.py:493)
DEBUG:Expanded `LM386.pdf` (kibot - optionable.py:539)
DEBUG:To download: http://www.ti.com/lit/ds/symlink/lm386.pdf -> /__w/iie_tp/iie_tp/Generated/Datasheets/LM386.pdf (kibot - out_download_datasheets.py:74)
DEBUG:Unique URLs: 3 (kibot - out_download_datasheets.py:170)
DEBUG:Downloaded: 3 (kibot - out_download_datasheets.py:171)
DEBUG:Created: 3 (kibot - out_download_datasheets.py:172)
DEBUG:Using global `output`=`%f-%i%I%v.%x` (kibot - optionable.py:58)
- 'Schematic in DXF format' (basic_dxf_sch_print) [dxf_sch_print]
DEBUG:Expanding `Generated/Schematic` in SCH context for <kibot.out_dxf_sch_print.DXF_SCH_PrintOptions object at 0x7fa317052270> parent: 'Schematic in DXF format' (basic_dxf_sch_print) [dxf_sch_print] (kibot - optionable.py:493)
DEBUG:Expanded `Generated/Schematic` (kibot - optionable.py:539)
DEBUG:Output destination: /__w/iie_tp/iie_tp/Generated/Schematic (kibot - kiplot.py:565)
DEBUG:Expanding `%f-%i%I%v.%x` in SCH context for <kibot.out_dxf_sch_print.DXF_SCH_PrintOptions object at 0x7fa317052270> parent: 'Schematic in DXF format' (basic_dxf_sch_print) [dxf_sch_print] (kibot - optionable.py:493)
DEBUG:Expanded `iie_tp-schematic.dxf` (kibot - optionable.py:539)
DEBUG:Starting tool check for KiCad Automation tools (kibot - dep_downloader.py:857)
DEBUG:- Returning `/usr/bin/eeschema_do` (kibot - dep_downloader.py:864)
DEBUG:Replacing images in schematic (kibot - out_base.py:1296)
DEBUG:Executing: /usr/bin/eeschema_do export --file_format dxf -o /__w/iie_tp/iie_tp/Generated/Schematic/iie_tp-schematic.dxf --all_pages --default_font 'KiCad Font' /__w/iie_tp/iie_tp/iie_tp.kicad_sch /__w/iie_tp/iie_tp/Generated/Schematic (kibot - kiplot.py:183)
DEBUG:Command line: ['/usr/bin/eeschema_do', 'export', '--file_format', 'dxf', '-o', '/__w/iie_tp/iie_tp/Generated/Schematic/iie_tp-schematic.dxf', '--all_pages', '--default_font', 'KiCad Font', '/__w/iie_tp/iie_tp/iie_tp.kicad_sch', '/__w/iie_tp/iie_tp/Generated/Schematic'] (kibot - kiplot.py:185)
DEBUG:Output from command:
>  (kibot - kiplot.py:197)
DEBUG:Using global `output`=`%f-%i%I%v.%x` (kibot - optionable.py:58)
- 'Schematic in HPGL format' (basic_hpgl_sch_print) [hpgl_sch_print]
DEBUG:Expanding `Generated/Schematic` in SCH context for <kibot.out_hpgl_sch_print.HPGL_SCH_PrintOptions object at 0x7fa317052ba0> parent: 'Schematic in HPGL format' (basic_hpgl_sch_print) [hpgl_sch_print] (kibot - optionable.py:493)
DEBUG:Expanded `Generated/Schematic` (kibot - optionable.py:539)
DEBUG:Output destination: /__w/iie_tp/iie_tp/Generated/Schematic (kibot - kiplot.py:565)
DEBUG:Expanding `%f-%i%I%v.%x` in SCH context for <kibot.out_hpgl_sch_print.HPGL_SCH_PrintOptions object at 0x7fa317052ba0> parent: 'Schematic in HPGL format' (basic_hpgl_sch_print) [hpgl_sch_print] (kibot - optionable.py:493)
DEBUG:Expanded `iie_tp-schematic.plt` (kibot - optionable.py:539)
DEBUG:Starting tool check for KiCad Automation tools (kibot - dep_downloader.py:857)
DEBUG:- Returning `/usr/bin/eeschema_do` (kibot - dep_downloader.py:864)
DEBUG:Replacing images in schematic (kibot - out_base.py:1296)
DEBUG:Executing: /usr/bin/eeschema_do export --file_format hpgl -o /__w/iie_tp/iie_tp/Generated/Schematic/iie_tp-schematic.plt --all_pages --hpgl_origin 0 --hpgl_pen_size 0.4826 --default_font 'KiCad Font' /__w/iie_tp/iie_tp/iie_tp.kicad_sch /__w/iie_tp/iie_tp/Generated/Schematic (kibot - kiplot.py:183)
DEBUG:Command line: ['/usr/bin/eeschema_do', 'export', '--file_format', 'hpgl', '-o', '/__w/iie_tp/iie_tp/Generated/Schematic/iie_tp-schematic.plt', '--all_pages', '--hpgl_origin', '0', '--hpgl_pen_size', '0.4826', '--default_font', 'KiCad Font', '/__w/iie_tp/iie_tp/iie_tp.kicad_sch', '/__w/iie_tp/iie_tp/Generated/Schematic'] (kibot - kiplot.py:185)
DEBUG:Output from command:
>  (kibot - kiplot.py:197)
- 'Web page to browse the schematic and/or PCB' (basic_kicanvas) [kicanvas]
DEBUG:Expanding `Generated/Browse` in PCB context for <kibot.out_kicanvas.KiCanvasOptions object at 0x7fa3170523c0> parent: 'Web page to browse the schematic and/or PCB' (basic_kicanvas) [kicanvas] (kibot - optionable.py:493)
DEBUG:Expanded `Generated/Browse` (kibot - optionable.py:539)
DEBUG:Output destination: /__w/iie_tp/iie_tp/Generated/Browse (kibot - kiplot.py:565)
DEBUG:Expanding `` in PCB context for <kibot.out_kicanvas.KiCanvasOptions object at 0x7fa3170523c0> parent: 'Web page to browse the schematic and/or PCB' (basic_kicanvas) [kicanvas] (kibot - optionable.py:493)
DEBUG:Expanded `` (kibot - optionable.py:539)
DEBUG:Downloading the script from `https://kicanvas.org/kicanvas/kicanvas.js` (kibot - out_kicanvas.py:133)
DEBUG:Saving the script to `/__w/iie_tp/iie_tp/Generated/Browse/kicanvas.js` (kibot - out_kicanvas.py:139)
DEBUG:Saving Schematic to /__w/iie_tp/iie_tp/Generated/Browse (kibot - out_kicanvas.py:113)
DEBUG:Saving schematic: `/__w/iie_tp/iie_tp/Generated/Browse/iie_tp.kicad_sch` (kibot - v6_sch.py:2383)
DEBUG:Expanding `%f-%i%I%v.%x` in SCH context for <kibot.out_kicanvas.KiCanvasOptions object at 0x7fa3170523c0> parent: 'Web page to browse the schematic and/or PCB' (basic_kicanvas) [kicanvas] (kibot - optionable.py:493)
DEBUG:Expanded `iie_tp-kicanvas.html` (kibot - optionable.py:539)
DEBUG:Creating KiCanvas HTML: /__w/iie_tp/iie_tp/Generated/Browse/iie_tp-kicanvas.html (kibot - out_kicanvas.py:157)
DEBUG:Using global `output`=`%f-%i%I%v.%x` (kibot - optionable.py:58)
- 'Schematic in PDF format' (basic_pdf_sch_print) [pdf_sch_print]
DEBUG:Expanding `Generated/Schematic` in SCH context for <kibot.out_pdf_sch_print.PDF_SCH_PrintOptions object at 0x7fa317052660> parent: 'Schematic in PDF format' (basic_pdf_sch_print) [pdf_sch_print] (kibot - optionable.py:493)
DEBUG:Expanded `Generated/Schematic` (kibot - optionable.py:539)
DEBUG:Output destination: /__w/iie_tp/iie_tp/Generated/Schematic (kibot - kiplot.py:565)
DEBUG:Expanding `%f-%i%I%v.%x` in SCH context for <kibot.out_pdf_sch_print.PDF_SCH_PrintOptions object at 0x7fa317052660> parent: 'Schematic in PDF format' (basic_pdf_sch_print) [pdf_sch_print] (kibot - optionable.py:493)
DEBUG:Expanded `iie_tp-schematic.pdf` (kibot - optionable.py:539)
DEBUG:Starting tool check for KiCad Automation tools (kibot - dep_downloader.py:857)
DEBUG:- Returning `/usr/bin/eeschema_do` (kibot - dep_downloader.py:864)
DEBUG:Replacing images in schematic (kibot - out_base.py:1296)
DEBUG:Executing: /usr/bin/eeschema_do export --file_format pdf -o /__w/iie_tp/iie_tp/Generated/Schematic/iie_tp-schematic.pdf --all_pages --default_font 'KiCad Font' /__w/iie_tp/iie_tp/iie_tp.kicad_sch /__w/iie_tp/iie_tp/Generated/Schematic (kibot - kiplot.py:183)
DEBUG:Command line: ['/usr/bin/eeschema_do', 'export', '--file_format', 'pdf', '-o', '/__w/iie_tp/iie_tp/Generated/Schematic/iie_tp-schematic.pdf', '--all_pages', '--default_font', 'KiCad Font', '/__w/iie_tp/iie_tp/iie_tp.kicad_sch', '/__w/iie_tp/iie_tp/Generated/Schematic'] (kibot - kiplot.py:185)
DEBUG:Output from command:
>  (kibot - kiplot.py:197)
DEBUG:Using global `output`=`%f-%i%I%v.%x` (kibot - optionable.py:58)
- 'Schematic in PS format' (basic_ps_sch_print) [ps_sch_print]
DEBUG:Expanding `Generated/Schematic` in SCH context for <kibot.out_ps_sch_print.PS_SCH_PrintOptions object at 0x7fa3170527b0> parent: 'Schematic in PS format' (basic_ps_sch_print) [ps_sch_print] (kibot - optionable.py:493)
DEBUG:Expanded `Generated/Schematic` (kibot - optionable.py:539)
DEBUG:Output destination: /__w/iie_tp/iie_tp/Generated/Schematic (kibot - kiplot.py:565)
DEBUG:Expanding `%f-%i%I%v.%x` in SCH context for <kibot.out_ps_sch_print.PS_SCH_PrintOptions object at 0x7fa3170527b0> parent: 'Schematic in PS format' (basic_ps_sch_print) [ps_sch_print] (kibot - optionable.py:493)
DEBUG:Expanded `iie_tp-schematic.ps` (kibot - optionable.py:539)
DEBUG:Starting tool check for KiCad Automation tools (kibot - dep_downloader.py:857)
DEBUG:- Returning `/usr/bin/eeschema_do` (kibot - dep_downloader.py:864)
DEBUG:Replacing images in schematic (kibot - out_base.py:1296)
DEBUG:Executing: /usr/bin/eeschema_do export --file_format ps -o /__w/iie_tp/iie_tp/Generated/Schematic/iie_tp-schematic.ps --all_pages --default_font 'KiCad Font' /__w/iie_tp/iie_tp/iie_tp.kicad_sch /__w/iie_tp/iie_tp/Generated/Schematic (kibot - kiplot.py:183)
DEBUG:Command line: ['/usr/bin/eeschema_do', 'export', '--file_format', 'ps', '-o', '/__w/iie_tp/iie_tp/Generated/Schematic/iie_tp-schematic.ps', '--all_pages', '--default_font', 'KiCad Font', '/__w/iie_tp/iie_tp/iie_tp.kicad_sch', '/__w/iie_tp/iie_tp/Generated/Schematic'] (kibot - kiplot.py:185)
DEBUG:Output from command:
>  (kibot - kiplot.py:197)
DEBUG:Using global `output`=`%f-%i%I%v.%x` (kibot - optionable.py:58)
- 'Schematic in SVG format' (basic_svg_sch_print) [svg_sch_print]
DEBUG:Expanding `Generated/Schematic` in SCH context for <kibot.out_svg_sch_print.SVG_SCH_PrintOptions object at 0x7fa317052510> parent: 'Schematic in SVG format' (basic_svg_sch_print) [svg_sch_print] (kibot - optionable.py:493)
DEBUG:Expanded `Generated/Schematic` (kibot - optionable.py:539)
DEBUG:Output destination: /__w/iie_tp/iie_tp/Generated/Schematic (kibot - kiplot.py:565)
DEBUG:Expanding `%f-%i%I%v.%x` in SCH context for <kibot.out_svg_sch_print.SVG_SCH_PrintOptions object at 0x7fa317052510> parent: 'Schematic in SVG format' (basic_svg_sch_print) [svg_sch_print] (kibot - optionable.py:493)
DEBUG:Expanded `iie_tp-schematic.svg` (kibot - optionable.py:539)
DEBUG:Starting tool check for KiCad Automation tools (kibot - dep_downloader.py:857)
DEBUG:- Returning `/usr/bin/eeschema_do` (kibot - dep_downloader.py:864)
DEBUG:Replacing images in schematic (kibot - out_base.py:1296)
DEBUG:Executing: /usr/bin/eeschema_do export --file_format svg -o /__w/iie_tp/iie_tp/Generated/Schematic/iie_tp-schematic.svg --all_pages --default_font 'KiCad Font' /__w/iie_tp/iie_tp/iie_tp.kicad_sch /__w/iie_tp/iie_tp/Generated/Schematic (kibot - kiplot.py:183)
DEBUG:Command line: ['/usr/bin/eeschema_do', 'export', '--file_format', 'svg', '-o', '/__w/iie_tp/iie_tp/Generated/Schematic/iie_tp-schematic.svg', '--all_pages', '--default_font', 'KiCad Font', '/__w/iie_tp/iie_tp/iie_tp.kicad_sch', '/__w/iie_tp/iie_tp/Generated/Schematic'] (kibot - kiplot.py:185)
DEBUG:Output from command:
>  (kibot - kiplot.py:197)
DEBUG:Using global `output`=`%f-%i%I%v.%x` (kibot - optionable.py:58)
- 'Web page to browse the results' (basic_navigate_results_rb) [navigate_results_rb]
DEBUG:Expanding `Generated/Browse` in PCB context for <kibot.out_navigate_results_rb.Navigate_Results_RBOptions object at 0x7fa317052a50> parent: 'Web page to browse the results' (basic_navigate_results_rb) [navigate_results_rb] (kibot - optionable.py:493)
DEBUG:Expanded `Generated/Browse` (kibot - optionable.py:539)
DEBUG:Output destination: /__w/iie_tp/iie_tp/Generated/Browse (kibot - kiplot.py:565)
DEBUG:Expanding `%f-%i%I%v.%x` in PCB context for <kibot.out_navigate_results_rb.Navigate_Results_RBOptions object at 0x7fa317052a50> parent: 'Web page to browse the results' (basic_navigate_results_rb) [navigate_results_rb] (kibot - optionable.py:493)
DEBUG:Expanded `_f-navigate.html` (kibot - optionable.py:539)
DEBUG:Collected outputs:
{'Schematic': {'BoM': {'_macrofab_xyrs': <kibot.out_bom.BoM object at 0x7fa317220550>,
                       'costs_bom_xlsx': <kibot.out_bom.BoM object at 0x7fa3170f4550>,
                       'generic_bom_csv': <kibot.out_bom.BoM object at 0x7fa31706fed0>,
                       'generic_bom_hrtxt': <kibot.out_bom.BoM object at 0x7fa3170f4050>,
                       'generic_bom_html': <kibot.out_bom.BoM object at 0x7fa31706fd90>,
                       'generic_bom_tsv': <kibot.out_bom.BoM object at 0x7fa3170f4190>,
                       'generic_bom_xlsx': <kibot.out_bom.BoM object at 0x7fa3170f4410>,
                       'generic_bom_xml': <kibot.out_bom.BoM object at 0x7fa3170f42d0>,
                       'kicad_internal_bom': <kibot.out_bom.BoM object at 0x7fa3170f4690>},
               'docs': {'basic_diff_sch': <kibot.out_diff.Diff object at 0x7fa3170f47d0>,
                        'basic_download_datasheets': <kibot.out_download_datasheets.Download_Datasheets object at 0x7fa3170f4910>,
                        'basic_dxf_sch_print': <kibot.out_dxf_sch_print.DXF_SCH_Print object at 0x7fa3170f4a50>,
                        'basic_hpgl_sch_print': <kibot.out_hpgl_sch_print.HPGL_SCH_Print object at 0x7fa3170f4b90>,
                        'basic_kicanvas': <kibot.out_kicanvas.KiCanvas object at 0x7fa3170f4cd0>,
                        'basic_pdf_sch_print': <kibot.out_pdf_sch_print.PDF_SCH_Print object at 0x7fa3170f4f50>,
                        'basic_ps_sch_print': <kibot.out_ps_sch_print.PS_SCH_Print object at 0x7fa3170f5090>,
                        'basic_svg_sch_print': <kibot.out_svg_sch_print.SVG_SCH_Print object at 0x7fa3170f51d0>,
                        'erc': <kibot.pre_erc.ERC object at 0x7fa31706fc50>}}} (kibot - out_any_navigate_results.py:479)
DEBUG:Starting tool check for RSVG tools (kibot - dep_downloader.py:857)
DEBUG:- Returning `/usr/bin/rsvg-convert` (kibot - dep_downloader.py:864)
DEBUG:Starting tool check for ImageMagick (kibot - dep_downloader.py:857)
DEBUG:- Returning `/usr/bin/convert` (kibot - dep_downloader.py:864)
DEBUG:Starting tool check for Ghostscript (kibot - dep_downloader.py:857)
DEBUG:- Returning `/usr/bin/gs` (kibot - dep_downloader.py:864)
DEBUG:- Executing: /usr/bin/rsvg-convert -w 64 -f png --unlimited -o /__w/iie_tp/iie_tp/Generated/Browse/images/back_64.png /usr/share/kibot/images/back.svg (kibot - out_any_navigate_results.py:103)
DEBUG:- Executing: /usr/bin/rsvg-convert -w 64 -f png --unlimited -o /__w/iie_tp/iie_tp/Generated/Browse/images/home_64.png /usr/share/kibot/images/home.svg (kibot - out_any_navigate_results.py:103)
DEBUG:Expanding `+` in SCH context for <kibot.out_navigate_results_rb.Navigate_Results_RBOptions object at 0x7fa317052a50> parent: 'Web page to browse the results' (basic_navigate_results_rb) [navigate_results_rb] (kibot - optionable.py:493)
DEBUG:Expanded `+` (kibot - optionable.py:539)
DEBUG:Starting tool check for Git (kibot - dep_downloader.py:857)
DEBUG:- Returning `/usr/bin/git` (kibot - dep_downloader.py:864)
DEBUG:- Executing: /usr/bin/git remote get-url origin (kibot - kiplot.py:159)
DEBUG:- Output from command: https://github.com/leithcoX/iie_tp
 (kibot - kiplot.py:151)
DEBUG:Generating page for _f-navigate.html (kibot - out_navigate_results_rb.py:1549)
DEBUG:- Categories: dict_keys(['Schematic']) (kibot - out_navigate_results_rb.py:1464)
DEBUG:Generating page for _f-navigate_Schematic.html (kibot - out_navigate_results_rb.py:1549)
DEBUG:- Categories: dict_keys(['docs', 'BoM']) (kibot - out_navigate_results_rb.py:1464)
DEBUG:Generating page for _f-navigate_Schematic_docs.html (kibot - out_navigate_results_rb.py:1549)
DEBUG:- Outputs: dict_keys(['erc', 'basic_diff_sch', 'basic_download_datasheets', 'basic_dxf_sch_print', 'basic_hpgl_sch_print', 'basic_kicanvas', 'basic_pdf_sch_print', 'basic_ps_sch_print', 'basic_svg_sch_print']) (kibot - out_navigate_results_rb.py:1535)
DEBUG:Expanding `Generated/` in SCH context for erc: True (['HTML', 'RPT', 'JSON', 'CSV']) parent: None (kibot - optionable.py:493)
DEBUG:Expanded `Generated/` (kibot - optionable.py:539)
DEBUG:Output destination: /__w/iie_tp/iie_tp/Generated (kibot - kiplot.py:565)
DEBUG:Expanding `Generated` in SCH context for erc: True (['HTML', 'RPT', 'JSON', 'CSV']) parent: None (kibot - optionable.py:493)
DEBUG:Expanded `Generated` (kibot - optionable.py:539)
DEBUG:Expanding `%f-%i%I%v.%x` in SCH context for erc: True (['HTML', 'RPT', 'JSON', 'CSV']) parent: None (kibot - optionable.py:493)
DEBUG:Expanded `iie_tp-erc.html` (kibot - optionable.py:539)
DEBUG:Expanding `%f-%i%I%v.%x` in SCH context for erc: True (['HTML', 'RPT', 'JSON', 'CSV']) parent: None (kibot - optionable.py:493)
DEBUG:Expanded `iie_tp-erc.rpt` (kibot - optionable.py:539)
DEBUG:Expanding `%f-%i%I%v.%x` in SCH context for erc: True (['HTML', 'RPT', 'JSON', 'CSV']) parent: None (kibot - optionable.py:493)
DEBUG:Expanded `iie_tp-erc.json` (kibot - optionable.py:539)
DEBUG:Expanding `%f-%i%I%v.%x` in SCH context for erc: True (['HTML', 'RPT', 'JSON', 'CSV']) parent: None (kibot - optionable.py:493)
DEBUG:Expanded `iie_tp-erc.csv` (kibot - optionable.py:539)
DEBUG:- Executing: /usr/bin/rsvg-convert -w 64 -f png --unlimited -o /__w/iie_tp/iie_tp/Generated/Browse/images/erc.svg_64.png /usr/share/kibot/images/erc.svg (kibot - out_any_navigate_results.py:103)
DEBUG:- Executing: /usr/bin/rsvg-convert -w 64 -f png --unlimited -o /__w/iie_tp/iie_tp/Generated/Browse/images/file_json_64.png /usr/share/kibot/images/file_json.svg (kibot - out_any_navigate_results.py:103)
DEBUG:- Executing: /usr/bin/rsvg-convert -w 64 -f png --unlimited -o /__w/iie_tp/iie_tp/Generated/Browse/images/file_csv_64.png /usr/share/kibot/images/file_csv.svg (kibot - out_any_navigate_results.py:103)
DEBUG:Expanding `Generated/diff` in PCB context for <kibot.out_diff.DiffOptions object at 0x7fa3171fd2b0> parent: 'Schematic diff between the last two changes' (basic_diff_sch) [diff] (kibot - optionable.py:493)
DEBUG:Expanded `Generated/diff` (kibot - optionable.py:539)
DEBUG:Output destination: /__w/iie_tp/iie_tp/Generated/diff (kibot - kiplot.py:565)
DEBUG:Expanding `%f-%i%I%v.%x` in PCB context for <kibot.out_diff.DiffOptions object at 0x7fa3171fd2b0> parent: 'Schematic diff between the last two changes' (basic_diff_sch) [diff] (kibot - optionable.py:493)
DEBUG:Expanded `_f-diff_sch.pdf` (kibot - optionable.py:539)
DEBUG:- Executing: /usr/bin/rsvg-convert -w 64 -f png --unlimited -o /__w/iie_tp/iie_tp/Generated/Browse/images/file_pdf_64.png /usr/share/kibot/images/file_pdf.svg (kibot - out_any_navigate_results.py:103)
DEBUG:- Executing: /usr/bin/convert '/__w/iie_tp/iie_tp/Generated/diff/_f-diff_sch.pdf[0]' -resize 512x -background white -alpha remove -alpha off /__w/iie_tp/iie_tp/Generated/Browse/images/file_pdf_64.png -gravity south-east -composite /__w/iie_tp/iie_tp/Generated/Browse/images/cat_basic_diff_sch__f-diff_sch.png (kibot - out_any_navigate_results.py:103)
DEBUG:Expanding `Generated/Datasheets` in SCH context for <kibot.out_download_datasheets.Download_Datasheets_Options object at 0x7fa317051940> parent: 'Download the datasheets' (basic_download_datasheets) [download_datasheets] (kibot - optionable.py:493)
DEBUG:Expanded `Generated/Datasheets` (kibot - optionable.py:539)
DEBUG:Output destination: /__w/iie_tp/iie_tp/Generated/Datasheets (kibot - kiplot.py:565)
DEBUG:Before collapse: (kibot - v5_sch.py:1717)
DEBUG:C8 (C_Polarized_Small_US): 1 {'Reference': 'C8', 'Value': 'C_Polarized_Small_US', 'Footprint': '', 'Datasheet': '~', 'Description': 'Polarized capacitor, small US symbol', 'part': 'C_Polarized_Small_US'} (kibot - v5_sch.py:1720)
DEBUG:R21 (R_US 2k2): 1 {'Reference': 'R21', 'Value': '2k2', 'Footprint': '', 'Datasheet': '~', 'Description': 'Resistor, US symbol', 'part': 'R_US'} (kibot - v5_sch.py:1720)
DEBUG:R23 (R_US 2k2): 1 {'Reference': 'R23', 'Value': '2k2', 'Footprint': '', 'Datasheet': '~', 'Description': 'Resistor, US symbol', 'part': 'R_US'} (kibot - v5_sch.py:1720)
DEBUG:A1 (Arduino_UNO_R3): 1 {'Reference': 'A1', 'Value': 'Arduino_UNO_R3', 'Footprint': 'Module:Arduino_UNO_R3', 'Datasheet': 'https://www.arduino.cc/en/Main/arduinoBoardUno', 'Description': 'Arduino UNO Microcontroller Module, release 3', 'part': 'Arduino_UNO_R3'} (kibot - v5_sch.py:1720)
DEBUG:R8 (R_US 2k2): 1 {'Reference': 'R8', 'Value': '2k2', 'Footprint': '', 'Datasheet': '~', 'Description': 'Resistor, US symbol', 'part': 'R_US'} (kibot - v5_sch.py:1720)
DEBUG:R13 (R_US 2k2): 1 {'Reference': 'R13', 'Value': '2k2', 'Footprint': '', 'Datasheet': '~', 'Description': 'Resistor, US symbol', 'part': 'R_US'} (kibot - v5_sch.py:1720)
DEBUG:R1 (R_US 4k7): 1 {'Reference': 'R1', 'Value': '4k7', 'Footprint': 'Resistor_THT:R_Axial_Power_L25.0mm_W6.4mm_P27.94mm', 'Datasheet': '~', 'Description': 'Resistor, US symbol', 'part': 'R_US'} (kibot - v5_sch.py:1720)
DEBUG:J5 (Conn_01x02): 1 {'Reference': 'J5', 'Value': 'Conn_01x02', 'Footprint': 'Connector_Phoenix_SPT:PhoenixContact_SPT_2.5_2-H-5.0_1x02_P5.0mm_Horizontal', 'Datasheet': '~', 'Description': 'Generic connector, single row, 01x02, script generated (kicad-library-utils/schlib/autogen/connector/)', 'part': 'Conn_01x02'} (kibot - v5_sch.py:1720)
DEBUG:R17 (R_US 2k2): 1 {'Reference': 'R17', 'Value': '2k2', 'Footprint': '', 'Datasheet': '~', 'Description': 'Resistor, US symbol', 'part': 'R_US'} (kibot - v5_sch.py:1720)
DEBUG:C7 (C_Small): 1 {'Reference': 'C7', 'Value': 'C_Small', 'Footprint': '', 'Datasheet': '~', 'Description': 'Unpolarized capacitor, small symbol', 'part': 'C_Small'} (kibot - v5_sch.py:1720)
DEBUG:R4 (R_US 8k2): 1 {'Reference': 'R4', 'Value': '8k2', 'Footprint': 'Resistor_THT:R_Axial_Power_L25.0mm_W6.4mm_P27.94mm', 'Datasheet': '~', 'Description': 'Resistor, US symbol', 'part': 'R_US'} (kibot - v5_sch.py:1720)
DEBUG:U1 (OPAMP ${SIM.PARAMS}): 1 {'Reference': 'U1', 'Value': '${SIM.PARAMS}', 'Footprint': '', 'Datasheet': 'https://ngspice.sourceforge.io/docs/ngspice-html-manual/manual.xhtml#sec__SUBCKT_Subcircuits', 'Description': 'Operational amplifier, single', 'Sim.Pins': '1=in+ 2=in- 3=vcc 4=vee 5=out', 'Sim.Device': 'SUBCKT', 'Sim.Library': '/usr/share/kicad/symbols/Simulation_SPICE.sp', 'Sim.Name': 'kicad_builtin_opamp', 'part': 'OPAMP'} (kibot - v5_sch.py:1720)
DEBUG:C5 (C_Polarized_Small_US 10u): 1 {'Reference': 'C5', 'Value': '10u', 'Footprint': '', 'Datasheet': '~', 'Description': 'Polarized capacitor, small US symbol', 'part': 'C_Polarized_Small_US'} (kibot - v5_sch.py:1720)
DEBUG:R15 (R_US 2k2): 1 {'Reference': 'R15', 'Value': '2k2', 'Footprint': '', 'Datasheet': '~', 'Description': 'Resistor, US symbol', 'part': 'R_US'} (kibot - v5_sch.py:1720)
DEBUG:C2 (C 10n): 1 {'Reference': 'C2', 'Value': '10n', 'Footprint': 'Capacitor_THT:C_Disc_D7.0mm_W2.5mm_P5.00mm', 'Datasheet': '~', 'Description': 'Unpolarized capacitor', 'part': 'C'} (kibot - v5_sch.py:1720)
DEBUG:J3 (Conn_01x01): 1 {'Reference': 'J3', 'Value': 'Conn_01x01', 'Footprint': 'Connector_PinSocket_1.27mm:PinSocket_1x01_P1.27mm_Vertical', 'Datasheet': '~', 'Description': 'Generic connector, single row, 01x01, script generated (kicad-library-utils/schlib/autogen/connector/)', 'part': 'Conn_01x01'} (kibot - v5_sch.py:1720)
DEBUG:LS1 (Speaker): 1 {'Reference': 'LS1', 'Value': 'Speaker', 'Footprint': '', 'Datasheet': '~', 'Description': 'Speaker', 'part': 'Speaker'} (kibot - v5_sch.py:1720)
DEBUG:J6 (Conn_01x02): 1 {'Reference': 'J6', 'Value': 'Conn_01x02', 'Footprint': '', 'Datasheet': '~', 'Description': 'Generic connector, single row, 01x02, script generated (kicad-library-utils/schlib/autogen/connector/)', 'part': 'Conn_01x02'} (kibot - v5_sch.py:1720)
DEBUG:R7 (R_US 2k2): 1 {'Reference': 'R7', 'Value': '2k2', 'Footprint': '', 'Datasheet': '~', 'Description': 'Resistor, US symbol', 'part': 'R_US'} (kibot - v5_sch.py:1720)
DEBUG:J4 (Conn_01x01): 1 {'Reference': 'J4', 'Value': 'Conn_01x01', 'Footprint': 'Connector_PinSocket_1.27mm:PinSocket_1x01_P1.27mm_Vertical', 'Datasheet': '~', 'Description': 'Generic connector, single row, 01x01, script generated (kicad-library-utils/schlib/autogen/connector/)', 'part': 'Conn_01x01'} (kibot - v5_sch.py:1720)
DEBUG:R24 (R_US 2k2): 1 {'Reference': 'R24', 'Value': '2k2', 'Footprint': '', 'Datasheet': '~', 'Description': 'Resistor, US symbol', 'part': 'R_US'} (kibot - v5_sch.py:1720)
DEBUG:J7 (Conn_01x03): 1 {'Reference': 'J7', 'Value': 'Conn_01x03', 'Footprint': '', 'Datasheet': '~', 'Description': 'Generic connector, single row, 01x03, script generated (kicad-library-utils/schlib/autogen/connector/)', 'part': 'Conn_01x03'} (kibot - v5_sch.py:1720)
DEBUG:R6 (R_US 2k2): 1 {'Reference': 'R6', 'Value': '2k2', 'Footprint': '', 'Datasheet': '~', 'Description': 'Resistor, US symbol', 'part': 'R_US'} (kibot - v5_sch.py:1720)
DEBUG:R16 (R_US 2k2): 1 {'Reference': 'R16', 'Value': '2k2', 'Footprint': '', 'Datasheet': '~', 'Description': 'Resistor, US symbol', 'part': 'R_US'} (kibot - v5_sch.py:1720)
DEBUG:R26 (R_US 2k2): 1 {'Reference': 'R26', 'Value': '2k2', 'Footprint': '', 'Datasheet': '~', 'Description': 'Resistor, US symbol', 'part': 'R_US'} (kibot - v5_sch.py:1720)
DEBUG:R18 (R_US 2k2): 1 {'Reference': 'R18', 'Value': '2k2', 'Footprint': '', 'Datasheet': '~', 'Description': 'Resistor, US symbol', 'part': 'R_US'} (kibot - v5_sch.py:1720)
DEBUG:R22 (R_US 2k2): 1 {'Reference': 'R22', 'Value': '2k2', 'Footprint': '', 'Datasheet': '~', 'Description': 'Resistor, US symbol', 'part': 'R_US'} (kibot - v5_sch.py:1720)
DEBUG:J1 (Conn_01x03): 1 {'Reference': 'J1', 'Value': 'Conn_01x03', 'Footprint': 'Connector_PinHeader_1.00mm:PinHeader_1x03_P1.00mm_Vertical', 'Datasheet': '~', 'Description': 'Generic connector, single row, 01x03, script generated (kicad-library-utils/schlib/autogen/connector/)', 'part': 'Conn_01x03'} (kibot - v5_sch.py:1720)
DEBUG:C4 (C_Polarized_Small_US 47n): 1 {'Reference': 'C4', 'Value': '47n', 'Footprint': '', 'Datasheet': '~', 'Description': 'Polarized capacitor, small US symbol', 'part': 'C_Polarized_Small_US'} (kibot - v5_sch.py:1720)
DEBUG:R9 (R_US 2k2): 1 {'Reference': 'R9', 'Value': '2k2', 'Footprint': '', 'Datasheet': '~', 'Description': 'Resistor, US symbol', 'part': 'R_US'} (kibot - v5_sch.py:1720)
DEBUG:R3 (R_Potentiometer_US 100k): 1 {'Reference': 'R3', 'Value': '100k', 'Footprint': 'Potentiometer_THT:Potentiometer_Bourns_3296W_Vertical', 'Datasheet': '~', 'Description': 'Potentiometer, US symbol', 'part': 'R_Potentiometer_US'} (kibot - v5_sch.py:1720)
DEBUG:R5 (R_US 2k2): 1 {'Reference': 'R5', 'Value': '2k2', 'Footprint': 'Resistor_THT:R_Axial_Power_L25.0mm_W6.4mm_P27.94mm', 'Datasheet': '~', 'Description': 'Resistor, US symbol', 'part': 'R_US'} (kibot - v5_sch.py:1720)
DEBUG:C6 (C_Small): 1 {'Reference': 'C6', 'Value': 'C_Small', 'Footprint': '', 'Datasheet': '~', 'Description': 'Unpolarized capacitor, small symbol', 'part': 'C_Small'} (kibot - v5_sch.py:1720)
DEBUG:R10 (R_US 2k2): 1 {'Reference': 'R10', 'Value': '2k2', 'Footprint': '', 'Datasheet': '~', 'Description': 'Resistor, US symbol', 'part': 'R_US'} (kibot - v5_sch.py:1720)
DEBUG:R2 (R_Potentiometer_US 100k): 1 {'Reference': 'R2', 'Value': '100k', 'Footprint': 'Potentiometer_THT:Potentiometer_Bourns_3296W_Vertical', 'Datasheet': '~', 'Description': 'Potentiometer, US symbol', 'part': 'R_Potentiometer_US'} (kibot - v5_sch.py:1720)
DEBUG:R12 (R_US 2k2): 1 {'Reference': 'R12', 'Value': '2k2', 'Footprint': '', 'Datasheet': '~', 'Description': 'Resistor, US symbol', 'part': 'R_US'} (kibot - v5_sch.py:1720)
DEBUG:R20 (R_US 2k2): 1 {'Reference': 'R20', 'Value': '2k2', 'Footprint': '', 'Datasheet': '~', 'Description': 'Resistor, US symbol', 'part': 'R_US'} (kibot - v5_sch.py:1720)
DEBUG:J8 (AudioJack2_Ground): 1 {'Reference': 'J8', 'Value': 'AudioJack2_Ground', 'Footprint': '', 'Datasheet': '~', 'Description': 'Audio Jack, 2 Poles (Mono / TS), Grounded Sleeve', 'part': 'AudioJack2_Ground'} (kibot - v5_sch.py:1720)
DEBUG:U2 (LM386): 1 {'Reference': 'U2', 'Value': 'LM386', 'Footprint': '', 'Datasheet': 'http://www.ti.com/lit/ds/symlink/lm386.pdf', 'Description': 'Low Voltage Audio Power Amplifier, DIP-8/SOIC-8/SSOP-8', 'part': 'LM386'} (kibot - v5_sch.py:1720)
DEBUG:R14 (R_US 2k2): 1 {'Reference': 'R14', 'Value': '2k2', 'Footprint': '', 'Datasheet': '~', 'Description': 'Resistor, US symbol', 'part': 'R_US'} (kibot - v5_sch.py:1720)
DEBUG:J2 (Conn_01x02): 1 {'Reference': 'J2', 'Value': 'Conn_01x02', 'Footprint': 'Connector_Phoenix_SPT:PhoenixContact_SPT_2.5_2-H-5.0_1x02_P5.0mm_Horizontal', 'Datasheet': '~', 'Description': 'Generic connector, single row, 01x02, script generated (kicad-library-utils/schlib/autogen/connector/)', 'part': 'Conn_01x02'} (kibot - v5_sch.py:1720)
DEBUG:R11 (R_US 2k2): 1 {'Reference': 'R11', 'Value': '2k2', 'Footprint': '', 'Datasheet': '~', 'Description': 'Resistor, US symbol', 'part': 'R_US'} (kibot - v5_sch.py:1720)
DEBUG:C1 (C_Polarized_Small_US 10u): 1 {'Reference': 'C1', 'Value': '10u', 'Footprint': 'Capacitor_THT:CP_Radial_D10.0mm_P5.00mm_P7.50mm', 'Datasheet': '~', 'Description': 'Polarized capacitor, small US symbol', 'part': 'C_Polarized_Small_US'} (kibot - v5_sch.py:1720)
DEBUG:R25 (R_Potentiometer_US 100k): 1 {'Reference': 'R25', 'Value': '100k', 'Footprint': 'Potentiometer_THT:Potentiometer_Bourns_3296W_Vertical', 'Datasheet': '~', 'Description': 'Potentiometer, US symbol', 'part': 'R_Potentiometer_US'} (kibot - v5_sch.py:1720)
DEBUG:C3 (C_Polarized_Small_US 10u): 1 {'Reference': 'C3', 'Value': '10u', 'Footprint': 'Capacitor_THT:CP_Radial_D10.0mm_P5.00mm_P7.50mm', 'Datasheet': '~', 'Description': 'Polarized capacitor, small US symbol', 'part': 'C_Polarized_Small_US'} (kibot - v5_sch.py:1720)
DEBUG:R19 (R_US 2k2): 1 {'Reference': 'R19', 'Value': '2k2', 'Footprint': '', 'Datasheet': '~', 'Description': 'Resistor, US symbol', 'part': 'R_US'} (kibot - v5_sch.py:1720)
DEBUG:MK1 (Microphone Mic): 1 {'Reference': 'MK1', 'Value': 'Mic', 'Footprint': 'Sensor_Audio:POM-2244P-C3310-2-R', 'Datasheet': '~', 'Description': 'Microphone', 'part': 'Microphone'} (kibot - v5_sch.py:1720)
DEBUG:After collapse: (kibot - v5_sch.py:1759)
DEBUG:C8 (C_Polarized_Small_US): 1 {'Reference': 'C8', 'Value': 'C_Polarized_Small_US', 'Footprint': '', 'Datasheet': '~', 'Description': 'Polarized capacitor, small US symbol', 'part': 'C_Polarized_Small_US'} (kibot - v5_sch.py:1762)
DEBUG:R21 (R_US 2k2): 1 {'Reference': 'R21', 'Value': '2k2', 'Footprint': '', 'Datasheet': '~', 'Description': 'Resistor, US symbol', 'part': 'R_US'} (kibot - v5_sch.py:1762)
DEBUG:R23 (R_US 2k2): 1 {'Reference': 'R23', 'Value': '2k2', 'Footprint': '', 'Datasheet': '~', 'Description': 'Resistor, US symbol', 'part': 'R_US'} (kibot - v5_sch.py:1762)
DEBUG:A1 (Arduino_UNO_R3): 1 {'Reference': 'A1', 'Value': 'Arduino_UNO_R3', 'Footprint': 'Module:Arduino_UNO_R3', 'Datasheet': 'https://www.arduino.cc/en/Main/arduinoBoardUno', 'Description': 'Arduino UNO Microcontroller Module, release 3', 'part': 'Arduino_UNO_R3'} (kibot - v5_sch.py:1762)
DEBUG:R8 (R_US 2k2): 1 {'Reference': 'R8', 'Value': '2k2', 'Footprint': '', 'Datasheet': '~', 'Description': 'Resistor, US symbol', 'part': 'R_US'} (kibot - v5_sch.py:1762)
DEBUG:R13 (R_US 2k2): 1 {'Reference': 'R13', 'Value': '2k2', 'Footprint': '', 'Datasheet': '~', 'Description': 'Resistor, US symbol', 'part': 'R_US'} (kibot - v5_sch.py:1762)
DEBUG:R1 (R_US 4k7): 1 {'Reference': 'R1', 'Value': '4k7', 'Footprint': 'Resistor_THT:R_Axial_Power_L25.0mm_W6.4mm_P27.94mm', 'Datasheet': '~', 'Description': 'Resistor, US symbol', 'part': 'R_US'} (kibot - v5_sch.py:1762)
DEBUG:J5 (Conn_01x02): 1 {'Reference': 'J5', 'Value': 'Conn_01x02', 'Footprint': 'Connector_Phoenix_SPT:PhoenixContact_SPT_2.5_2-H-5.0_1x02_P5.0mm_Horizontal', 'Datasheet': '~', 'Description': 'Generic connector, single row, 01x02, script generated (kicad-library-utils/schlib/autogen/connector/)', 'part': 'Conn_01x02'} (kibot - v5_sch.py:1762)
DEBUG:R17 (R_US 2k2): 1 {'Reference': 'R17', 'Value': '2k2', 'Footprint': '', 'Datasheet': '~', 'Description': 'Resistor, US symbol', 'part': 'R_US'} (kibot - v5_sch.py:1762)
DEBUG:C7 (C_Small): 1 {'Reference': 'C7', 'Value': 'C_Small', 'Footprint': '', 'Datasheet': '~', 'Description': 'Unpolarized capacitor, small symbol', 'part': 'C_Small'} (kibot - v5_sch.py:1762)
DEBUG:R4 (R_US 8k2): 1 {'Reference': 'R4', 'Value': '8k2', 'Footprint': 'Resistor_THT:R_Axial_Power_L25.0mm_W6.4mm_P27.94mm', 'Datasheet': '~', 'Description': 'Resistor, US symbol', 'part': 'R_US'} (kibot - v5_sch.py:1762)
DEBUG:U1 (OPAMP ${SIM.PARAMS}): 1 {'Reference': 'U1', 'Value': '${SIM.PARAMS}', 'Footprint': '', 'Datasheet': 'https://ngspice.sourceforge.io/docs/ngspice-html-manual/manual.xhtml#sec__SUBCKT_Subcircuits', 'Description': 'Operational amplifier, single', 'Sim.Pins': '1=in+ 2=in- 3=vcc 4=vee 5=out', 'Sim.Device': 'SUBCKT', 'Sim.Library': '/usr/share/kicad/symbols/Simulation_SPICE.sp', 'Sim.Name': 'kicad_builtin_opamp', 'part': 'OPAMP'} (kibot - v5_sch.py:1762)
DEBUG:C5 (C_Polarized_Small_US 10u): 1 {'Reference': 'C5', 'Value': '10u', 'Footprint': '', 'Datasheet': '~', 'Description': 'Polarized capacitor, small US symbol', 'part': 'C_Polarized_Small_US'} (kibot - v5_sch.py:1762)
DEBUG:R15 (R_US 2k2): 1 {'Reference': 'R15', 'Value': '2k2', 'Footprint': '', 'Datasheet': '~', 'Description': 'Resistor, US symbol', 'part': 'R_US'} (kibot - v5_sch.py:1762)
DEBUG:C2 (C 10n): 1 {'Reference': 'C2', 'Value': '10n', 'Footprint': 'Capacitor_THT:C_Disc_D7.0mm_W2.5mm_P5.00mm', 'Datasheet': '~', 'Description': 'Unpolarized capacitor', 'part': 'C'} (kibot - v5_sch.py:1762)
DEBUG:J3 (Conn_01x01): 1 {'Reference': 'J3', 'Value': 'Conn_01x01', 'Footprint': 'Connector_PinSocket_1.27mm:PinSocket_1x01_P1.27mm_Vertical', 'Datasheet': '~', 'Description': 'Generic connector, single row, 01x01, script generated (kicad-library-utils/schlib/autogen/connector/)', 'part': 'Conn_01x01'} (kibot - v5_sch.py:1762)
DEBUG:LS1 (Speaker): 1 {'Reference': 'LS1', 'Value': 'Speaker', 'Footprint': '', 'Datasheet': '~', 'Description': 'Speaker', 'part': 'Speaker'} (kibot - v5_sch.py:1762)
DEBUG:J6 (Conn_01x02): 1 {'Reference': 'J6', 'Value': 'Conn_01x02', 'Footprint': '', 'Datasheet': '~', 'Description': 'Generic connector, single row, 01x02, script generated (kicad-library-utils/schlib/autogen/connector/)', 'part': 'Conn_01x02'} (kibot - v5_sch.py:1762)
DEBUG:R7 (R_US 2k2): 1 {'Reference': 'R7', 'Value': '2k2', 'Footprint': '', 'Datasheet': '~', 'Description': 'Resistor, US symbol', 'part': 'R_US'} (kibot - v5_sch.py:1762)
DEBUG:J4 (Conn_01x01): 1 {'Reference': 'J4', 'Value': 'Conn_01x01', 'Footprint': 'Connector_PinSocket_1.27mm:PinSocket_1x01_P1.27mm_Vertical', 'Datasheet': '~', 'Description': 'Generic connector, single row, 01x01, script generated (kicad-library-utils/schlib/autogen/connector/)', 'part': 'Conn_01x01'} (kibot - v5_sch.py:1762)
DEBUG:R24 (R_US 2k2): 1 {'Reference': 'R24', 'Value': '2k2', 'Footprint': '', 'Datasheet': '~', 'Description': 'Resistor, US symbol', 'part': 'R_US'} (kibot - v5_sch.py:1762)
DEBUG:J7 (Conn_01x03): 1 {'Reference': 'J7', 'Value': 'Conn_01x03', 'Footprint': '', 'Datasheet': '~', 'Description': 'Generic connector, single row, 01x03, script generated (kicad-library-utils/schlib/autogen/connector/)', 'part': 'Conn_01x03'} (kibot - v5_sch.py:1762)
DEBUG:R6 (R_US 2k2): 1 {'Reference': 'R6', 'Value': '2k2', 'Footprint': '', 'Datasheet': '~', 'Description': 'Resistor, US symbol', 'part': 'R_US'} (kibot - v5_sch.py:1762)
DEBUG:R16 (R_US 2k2): 1 {'Reference': 'R16', 'Value': '2k2', 'Footprint': '', 'Datasheet': '~', 'Description': 'Resistor, US symbol', 'part': 'R_US'} (kibot - v5_sch.py:1762)
DEBUG:R26 (R_US 2k2): 1 {'Reference': 'R26', 'Value': '2k2', 'Footprint': '', 'Datasheet': '~', 'Description': 'Resistor, US symbol', 'part': 'R_US'} (kibot - v5_sch.py:1762)
DEBUG:R18 (R_US 2k2): 1 {'Reference': 'R18', 'Value': '2k2', 'Footprint': '', 'Datasheet': '~', 'Description': 'Resistor, US symbol', 'part': 'R_US'} (kibot - v5_sch.py:1762)
DEBUG:R22 (R_US 2k2): 1 {'Reference': 'R22', 'Value': '2k2', 'Footprint': '', 'Datasheet': '~', 'Description': 'Resistor, US symbol', 'part': 'R_US'} (kibot - v5_sch.py:1762)
DEBUG:J1 (Conn_01x03): 1 {'Reference': 'J1', 'Value': 'Conn_01x03', 'Footprint': 'Connector_PinHeader_1.00mm:PinHeader_1x03_P1.00mm_Vertical', 'Datasheet': '~', 'Description': 'Generic connector, single row, 01x03, script generated (kicad-library-utils/schlib/autogen/connector/)', 'part': 'Conn_01x03'} (kibot - v5_sch.py:1762)
DEBUG:C4 (C_Polarized_Small_US 47n): 1 {'Reference': 'C4', 'Value': '47n', 'Footprint': '', 'Datasheet': '~', 'Description': 'Polarized capacitor, small US symbol', 'part': 'C_Polarized_Small_US'} (kibot - v5_sch.py:1762)
DEBUG:R9 (R_US 2k2): 1 {'Reference': 'R9', 'Value': '2k2', 'Footprint': '', 'Datasheet': '~', 'Description': 'Resistor, US symbol', 'part': 'R_US'} (kibot - v5_sch.py:1762)
DEBUG:R3 (R_Potentiometer_US 100k): 1 {'Reference': 'R3', 'Value': '100k', 'Footprint': 'Potentiometer_THT:Potentiometer_Bourns_3296W_Vertical', 'Datasheet': '~', 'Description': 'Potentiometer, US symbol', 'part': 'R_Potentiometer_US'} (kibot - v5_sch.py:1762)
DEBUG:R5 (R_US 2k2): 1 {'Reference': 'R5', 'Value': '2k2', 'Footprint': 'Resistor_THT:R_Axial_Power_L25.0mm_W6.4mm_P27.94mm', 'Datasheet': '~', 'Description': 'Resistor, US symbol', 'part': 'R_US'} (kibot - v5_sch.py:1762)
DEBUG:C6 (C_Small): 1 {'Reference': 'C6', 'Value': 'C_Small', 'Footprint': '', 'Datasheet': '~', 'Description': 'Unpolarized capacitor, small symbol', 'part': 'C_Small'} (kibot - v5_sch.py:1762)
DEBUG:R10 (R_US 2k2): 1 {'Reference': 'R10', 'Value': '2k2', 'Footprint': '', 'Datasheet': '~', 'Description': 'Resistor, US symbol', 'part': 'R_US'} (kibot - v5_sch.py:1762)
DEBUG:R2 (R_Potentiometer_US 100k): 1 {'Reference': 'R2', 'Value': '100k', 'Footprint': 'Potentiometer_THT:Potentiometer_Bourns_3296W_Vertical', 'Datasheet': '~', 'Description': 'Potentiometer, US symbol', 'part': 'R_Potentiometer_US'} (kibot - v5_sch.py:1762)
DEBUG:R12 (R_US 2k2): 1 {'Reference': 'R12', 'Value': '2k2', 'Footprint': '', 'Datasheet': '~', 'Description': 'Resistor, US symbol', 'part': 'R_US'} (kibot - v5_sch.py:1762)
DEBUG:R20 (R_US 2k2): 1 {'Reference': 'R20', 'Value': '2k2', 'Footprint': '', 'Datasheet': '~', 'Description': 'Resistor, US symbol', 'part': 'R_US'} (kibot - v5_sch.py:1762)
DEBUG:J8 (AudioJack2_Ground): 1 {'Reference': 'J8', 'Value': 'AudioJack2_Ground', 'Footprint': '', 'Datasheet': '~', 'Description': 'Audio Jack, 2 Poles (Mono / TS), Grounded Sleeve', 'part': 'AudioJack2_Ground'} (kibot - v5_sch.py:1762)
DEBUG:U2 (LM386): 1 {'Reference': 'U2', 'Value': 'LM386', 'Footprint': '', 'Datasheet': 'http://www.ti.com/lit/ds/symlink/lm386.pdf', 'Description': 'Low Voltage Audio Power Amplifier, DIP-8/SOIC-8/SSOP-8', 'part': 'LM386'} (kibot - v5_sch.py:1762)
DEBUG:R14 (R_US 2k2): 1 {'Reference': 'R14', 'Value': '2k2', 'Footprint': '', 'Datasheet': '~', 'Description': 'Resistor, US symbol', 'part': 'R_US'} (kibot - v5_sch.py:1762)
DEBUG:J2 (Conn_01x02): 1 {'Reference': 'J2', 'Value': 'Conn_01x02', 'Footprint': 'Connector_Phoenix_SPT:PhoenixContact_SPT_2.5_2-H-5.0_1x02_P5.0mm_Horizontal', 'Datasheet': '~', 'Description': 'Generic connector, single row, 01x02, script generated (kicad-library-utils/schlib/autogen/connector/)', 'part': 'Conn_01x02'} (kibot - v5_sch.py:1762)
DEBUG:R11 (R_US 2k2): 1 {'Reference': 'R11', 'Value': '2k2', 'Footprint': '', 'Datasheet': '~', 'Description': 'Resistor, US symbol', 'part': 'R_US'} (kibot - v5_sch.py:1762)
DEBUG:C1 (C_Polarized_Small_US 10u): 1 {'Reference': 'C1', 'Value': '10u', 'Footprint': 'Capacitor_THT:CP_Radial_D10.0mm_P5.00mm_P7.50mm', 'Datasheet': '~', 'Description': 'Polarized capacitor, small US symbol', 'part': 'C_Polarized_Small_US'} (kibot - v5_sch.py:1762)
DEBUG:R25 (R_Potentiometer_US 100k): 1 {'Reference': 'R25', 'Value': '100k', 'Footprint': 'Potentiometer_THT:Potentiometer_Bourns_3296W_Vertical', 'Datasheet': '~', 'Description': 'Potentiometer, US symbol', 'part': 'R_Potentiometer_US'} (kibot - v5_sch.py:1762)
DEBUG:C3 (C_Polarized_Small_US 10u): 1 {'Reference': 'C3', 'Value': '10u', 'Footprint': 'Capacitor_THT:CP_Radial_D10.0mm_P5.00mm_P7.50mm', 'Datasheet': '~', 'Description': 'Polarized capacitor, small US symbol', 'part': 'C_Polarized_Small_US'} (kibot - v5_sch.py:1762)
DEBUG:R19 (R_US 2k2): 1 {'Reference': 'R19', 'Value': '2k2', 'Footprint': '', 'Datasheet': '~', 'Description': 'Resistor, US symbol', 'part': 'R_US'} (kibot - v5_sch.py:1762)
DEBUG:MK1 (Microphone Mic): 1 {'Reference': 'MK1', 'Value': 'Mic', 'Footprint': 'Sensor_Audio:POM-2244P-C3310-2-R', 'Datasheet': '~', 'Description': 'Microphone', 'part': 'Microphone'} (kibot - v5_sch.py:1762)
DEBUG:Filters reset (kibot - fil_base.py:196)
DEBUG:Applying filter `Dummy` to fitted (kibot - fil_base.py:214)
DEBUG:Expanding `Arduino_UNO_R3.pdf` in SCH context for <kibot.out_download_datasheets.Download_Datasheets_Options object at 0x7fa317051940> parent: 'Download the datasheets' (basic_download_datasheets) [download_datasheets] (kibot - optionable.py:493)
DEBUG:Expanded `Arduino_UNO_R3.pdf` (kibot - optionable.py:539)
DEBUG:To download: https://www.arduino.cc/en/Main/arduinoBoardUno -> /__w/iie_tp/iie_tp/Generated/Datasheets/Arduino_UNO_R3.pdf (kibot - out_download_datasheets.py:74)
DEBUG:Expanding `${SIM.PARAMS}.pdf` in SCH context for <kibot.out_download_datasheets.Download_Datasheets_Options object at 0x7fa317051940> parent: 'Download the datasheets' (basic_download_datasheets) [download_datasheets] (kibot - optionable.py:493)
DEBUG:Expanded `${SIM.PARAMS}.pdf` (kibot - optionable.py:539)
DEBUG:To download: https://ngspice.sourceforge.io/docs/ngspice-html-manual/manual.xhtml#sec__SUBCKT_Subcircuits -> /__w/iie_tp/iie_tp/Generated/Datasheets/${SIM.PARAMS}.pdf (kibot - out_download_datasheets.py:74)
DEBUG:Expanding `LM386.pdf` in SCH context for <kibot.out_download_datasheets.Download_Datasheets_Options object at 0x7fa317051940> parent: 'Download the datasheets' (basic_download_datasheets) [download_datasheets] (kibot - optionable.py:493)
DEBUG:Expanded `LM386.pdf` (kibot - optionable.py:539)
DEBUG:To download: http://www.ti.com/lit/ds/symlink/lm386.pdf -> /__w/iie_tp/iie_tp/Generated/Datasheets/LM386.pdf (kibot - out_download_datasheets.py:74)
DEBUG:Unique URLs: 3 (kibot - out_download_datasheets.py:170)
DEBUG:Downloaded: 0 (kibot - out_download_datasheets.py:171)
DEBUG:Created: 3 (kibot - out_download_datasheets.py:172)
DEBUG:- Executing: /usr/bin/convert 'Generated/Datasheets/Arduino_UNO_R3.pdf[0]' -resize 512x -background white -alpha remove -alpha off /__w/iie_tp/iie_tp/Generated/Browse/images/file_pdf_64.png -gravity south-east -composite /__w/iie_tp/iie_tp/Generated/Browse/images/cat_basic_download_datasheets_Arduino_UNO_R3.png (kibot - out_any_navigate_results.py:103)
DEBUG:Output from command: Error: /syntaxerror in /----nostringval----
Operand stack:

Execution stack:
   %interp_exit   .runexec2   --nostringval--   --nostringval--   --nostringval--   2   %stopped_push   --nostringval--   --nostringval--   --nostringval--   false   1   %stopped_push   1949   1   3   %oparray_pop   1948   1   3   %oparray_pop   1933   1   3   %oparray_pop   1803   1   3   %oparray_pop   --nostringval--   %errorexec_pop   .runexec2   --nostringval--   --nostringval--   --nostringval--   2   %stopped_push
Dictionary stack:
   --dict:756/1123(ro)(G)--   --dict:0/20(G)--   --dict:85/200(L)--
Current allocation mode is local
GPL Ghostscript 10.05.1: Unrecoverable error, exit code 1
convert: FailedToExecuteCommand `'gs' -sstdout=%stderr -dQUIET -dSAFER -dBATCH -dNOPAUSE -dNOPROMPT -dMaxBitmap=500000000 -dAlignToPixels=0 -dGridFitTT=2 '-sDEVICE=pngalpha' -dTextAlphaBits=4 -dGraphicsAlphaBits=4 '-r72x72' -dPrinted=false -dFirstPage=1 -dLastPage=1 '-sOutputFile=/tmp/magick-de6O0KPlNKiB7f_CeP2ieIQS8fWgBZbY%d' '-f/tmp/magick-IA5tg25VWMPl_EdN67_yAgZk4AvDR7m2' '-f/tmp/magick-VbVngcmUmZqXWKw6J3CLaIb34taMd5yG'' (256) @ error/ghostscript-private.h/ExecuteGhostscriptCommand/75.
convert: image sequence is required `-composite' @ error/mogrify.c/MogrifyImageList/8050.
convert: no images defined `/__w/iie_tp/iie_tp/Generated/Browse/images/cat_basic_download_datasheets_Arduino_UNO_R3.png' @ error/deprecate.c/ConvertImageCommand/3366.
 (kibot - out_any_navigate_results.py:112)
ERROR:Failed to run /usr/bin/convert, error 1 (kibot - out_any_navigate_results.py:113)
DEBUG:- Executing: /usr/bin/convert 'Generated/Datasheets/${SIM.PARAMS}.pdf[0]' -resize 512x -background white -alpha remove -alpha off /__w/iie_tp/iie_tp/Generated/Browse/images/file_pdf_64.png -gravity south-east -composite '/__w/iie_tp/iie_tp/Generated/Browse/images/cat_basic_download_datasheets_${SIM.PARAMS}.png' (kibot - out_any_navigate_results.py:103)
DEBUG:Output from command: Error: /syntaxerror in /----nostringval----
Operand stack:

Execution stack:
   %interp_exit   .runexec2   --nostringval--   --nostringval--   --nostringval--   2   %stopped_push   --nostringval--   --nostringval--   --nostringval--   false   1   %stopped_push   1949   1   3   %oparray_pop   1948   1   3   %oparray_pop   1933   1   3   %oparray_pop   1803   1   3   %oparray_pop   --nostringval--   %errorexec_pop   .runexec2   --nostringval--   --nostringval--   --nostringval--   2   %stopped_push
Dictionary stack:
   --dict:756/1123(ro)(G)--   --dict:0/20(G)--   --dict:85/200(L)--
Current allocation mode is local
GPL Ghostscript 10.05.1: Unrecoverable error, exit code 1
convert: FailedToExecuteCommand `'gs' -sstdout=%stderr -dQUIET -dSAFER -dBATCH -dNOPAUSE -dNOPROMPT -dMaxBitmap=500000000 -dAlignToPixels=0 -dGridFitTT=2 '-sDEVICE=pngalpha' -dTextAlphaBits=4 -dGraphicsAlphaBits=4 '-r72x72' -dPrinted=false -dFirstPage=1 -dLastPage=1 '-sOutputFile=/tmp/magick-NlBYlOgxJSt8iZv-phaRqXmtOWlV3hTo%d' '-f/tmp/magick-Nya2Iz2uN2l_zoyIfvirzb-BWmXcawVk' '-f/tmp/magick-YfYnz1VjTMUjaQ2YfblxEa4NazDAogO8'' (256) @ error/ghostscript-private.h/ExecuteGhostscriptCommand/75.
convert: image sequence is required `-composite' @ error/mogrify.c/MogrifyImageList/8050.
convert: no images defined `/__w/iie_tp/iie_tp/Generated/Browse/images/cat_basic_download_datasheets_${SIM.PARAMS}.png' @ error/deprecate.c/ConvertImageCommand/3366.
 (kibot - out_any_navigate_results.py:112)
ERROR:Failed to run /usr/bin/convert, error 1 (kibot - out_any_navigate_results.py:113)
DEBUG:- Executing: /usr/bin/convert 'Generated/Datasheets/LM386.pdf[0]' -resize 512x -background white -alpha remove -alpha off /__w/iie_tp/iie_tp/Generated/Browse/images/file_pdf_64.png -gravity south-east -composite /__w/iie_tp/iie_tp/Generated/Browse/images/cat_basic_download_datasheets_LM386.png (kibot - out_any_navigate_results.py:103)
DEBUG:Expanding `Generated/Schematic` in SCH context for <kibot.out_dxf_sch_print.DXF_SCH_PrintOptions object at 0x7fa317052270> parent: 'Schematic in DXF format' (basic_dxf_sch_print) [dxf_sch_print] (kibot - optionable.py:493)
DEBUG:Expanded `Generated/Schematic` (kibot - optionable.py:539)
DEBUG:Output destination: /__w/iie_tp/iie_tp/Generated/Schematic (kibot - kiplot.py:565)
DEBUG:Expanding `%f-%i%I%v.%x` in SCH context for <kibot.out_dxf_sch_print.DXF_SCH_PrintOptions object at 0x7fa317052270> parent: 'Schematic in DXF format' (basic_dxf_sch_print) [dxf_sch_print] (kibot - optionable.py:493)
DEBUG:Expanded `iie_tp-schematic.dxf` (kibot - optionable.py:539)
DEBUG:- Executing: /usr/bin/rsvg-convert -w 64 -f png --unlimited -o /__w/iie_tp/iie_tp/Generated/Browse/images/file_dxf_64.png /usr/share/kibot/images/file_dxf.svg (kibot - out_any_navigate_results.py:103)
DEBUG:Expanding `Generated/Schematic` in SCH context for <kibot.out_hpgl_sch_print.HPGL_SCH_PrintOptions object at 0x7fa317052ba0> parent: 'Schematic in HPGL format' (basic_hpgl_sch_print) [hpgl_sch_print] (kibot - optionable.py:493)
DEBUG:Expanded `Generated/Schematic` (kibot - optionable.py:539)
DEBUG:Output destination: /__w/iie_tp/iie_tp/Generated/Schematic (kibot - kiplot.py:565)
DEBUG:Expanding `%f-%i%I%v.%x` in SCH context for <kibot.out_hpgl_sch_print.HPGL_SCH_PrintOptions object at 0x7fa317052ba0> parent: 'Schematic in HPGL format' (basic_hpgl_sch_print) [hpgl_sch_print] (kibot - optionable.py:493)
DEBUG:Expanded `iie_tp-schematic.plt` (kibot - optionable.py:539)
DEBUG:- Executing: /usr/bin/rsvg-convert -w 64 -f png --unlimited -o /__w/iie_tp/iie_tp/Generated/Browse/images/file_plt_64.png /usr/share/kibot/images/file_plt.svg (kibot - out_any_navigate_results.py:103)
DEBUG:Expanding `Generated/Browse` in PCB context for <kibot.out_kicanvas.KiCanvasOptions object at 0x7fa3170523c0> parent: 'Web page to browse the schematic and/or PCB' (basic_kicanvas) [kicanvas] (kibot - optionable.py:493)
DEBUG:Expanded `Generated/Browse` (kibot - optionable.py:539)
DEBUG:Output destination: /__w/iie_tp/iie_tp/Generated/Browse (kibot - kiplot.py:565)
DEBUG:Expanding `%f-%i%I%v.%x` in SCH context for <kibot.out_kicanvas.KiCanvasOptions object at 0x7fa3170523c0> parent: 'Web page to browse the schematic and/or PCB' (basic_kicanvas) [kicanvas] (kibot - optionable.py:493)
DEBUG:Expanded `iie_tp-kicanvas.html` (kibot - optionable.py:539)
DEBUG:- Executing: /usr/bin/rsvg-convert -w 64 -f png --unlimited -o /__w/iie_tp/iie_tp/Generated/Browse/images/kicanvas.svg_64.png /usr/share/kibot/kicanvas/kicanvas.svg (kibot - out_any_navigate_results.py:103)
DEBUG:Expanding `Generated/Schematic` in SCH context for <kibot.out_pdf_sch_print.PDF_SCH_PrintOptions object at 0x7fa317052660> parent: 'Schematic in PDF format' (basic_pdf_sch_print) [pdf_sch_print] (kibot - optionable.py:493)
DEBUG:Expanded `Generated/Schematic` (kibot - optionable.py:539)
DEBUG:Output destination: /__w/iie_tp/iie_tp/Generated/Schematic (kibot - kiplot.py:565)
DEBUG:Expanding `%f-%i%I%v.%x` in SCH context for <kibot.out_pdf_sch_print.PDF_SCH_PrintOptions object at 0x7fa317052660> parent: 'Schematic in PDF format' (basic_pdf_sch_print) [pdf_sch_print] (kibot - optionable.py:493)
DEBUG:Expanded `iie_tp-schematic.pdf` (kibot - optionable.py:539)
DEBUG:- Executing: /usr/bin/convert '/__w/iie_tp/iie_tp/Generated/Schematic/iie_tp-schematic.pdf[0]' -resize 512x -background white -alpha remove -alpha off /__w/iie_tp/iie_tp/Generated/Browse/images/file_pdf_64.png -gravity south-east -composite /__w/iie_tp/iie_tp/Generated/Browse/images/cat_basic_pdf_sch_print_iie_tp-schematic.png (kibot - out_any_navigate_results.py:103)
DEBUG:Expanding `Generated/Schematic` in SCH context for <kibot.out_ps_sch_print.PS_SCH_PrintOptions object at 0x7fa3170527b0> parent: 'Schematic in PS format' (basic_ps_sch_print) [ps_sch_print] (kibot - optionable.py:493)
DEBUG:Expanded `Generated/Schematic` (kibot - optionable.py:539)
DEBUG:Output destination: /__w/iie_tp/iie_tp/Generated/Schematic (kibot - kiplot.py:565)
DEBUG:Expanding `%f-%i%I%v.%x` in SCH context for <kibot.out_ps_sch_print.PS_SCH_PrintOptions object at 0x7fa3170527b0> parent: 'Schematic in PS format' (basic_ps_sch_print) [ps_sch_print] (kibot - optionable.py:493)
DEBUG:Expanded `iie_tp-schematic.ps` (kibot - optionable.py:539)
DEBUG:- Executing: /usr/bin/rsvg-convert -w 64 -f png --unlimited -o /__w/iie_tp/iie_tp/Generated/Browse/images/file_ps_64.png /usr/share/kibot/images/file_ps.svg (kibot - out_any_navigate_results.py:103)
DEBUG:- Executing: /usr/bin/convert /__w/iie_tp/iie_tp/Generated/Schematic/iie_tp-schematic.ps -resize 512x -background white -alpha remove -alpha off -rotate 90 /__w/iie_tp/iie_tp/Generated/Browse/images/file_ps_64.png -gravity south-east -composite /__w/iie_tp/iie_tp/Generated/Browse/images/cat_basic_ps_sch_print_iie_tp-schematic.png (kibot - out_any_navigate_results.py:103)
DEBUG:Expanding `Generated/Schematic` in SCH context for <kibot.out_svg_sch_print.SVG_SCH_PrintOptions object at 0x7fa317052510> parent: 'Schematic in SVG format' (basic_svg_sch_print) [svg_sch_print] (kibot - optionable.py:493)
DEBUG:Expanded `Generated/Schematic` (kibot - optionable.py:539)
DEBUG:Output destination: /__w/iie_tp/iie_tp/Generated/Schematic (kibot - kiplot.py:565)
DEBUG:Expanding `%f-%i%I%v.%x` in SCH context for <kibot.out_svg_sch_print.SVG_SCH_PrintOptions object at 0x7fa317052510> parent: 'Schematic in SVG format' (basic_svg_sch_print) [svg_sch_print] (kibot - optionable.py:493)
DEBUG:Expanded `iie_tp-schematic.svg` (kibot - optionable.py:539)
DEBUG:- Executing: /usr/bin/rsvg-convert -w 64 -f png --unlimited -o /__w/iie_tp/iie_tp/Generated/Browse/images/file_svg_64.png /usr/share/kibot/images/file_svg.svg (kibot - out_any_navigate_results.py:103)
DEBUG:Temporal convert: /__w/iie_tp/iie_tp/Generated/Schematic/iie_tp-schematic.svg -> /tmp/kibot_bypeajy4.png (kibot - out_any_navigate_results.py:260)
DEBUG:- Executing: /usr/bin/rsvg-convert -w 512 -f png --unlimited -o /tmp/kibot_bypeajy4.png /__w/iie_tp/iie_tp/Generated/Schematic/iie_tp-schematic.svg (kibot - out_any_navigate_results.py:103)
DEBUG:- Executing: /usr/bin/convert /tmp/kibot_bypeajy4.png -resize 512x -background white -alpha remove -alpha off /__w/iie_tp/iie_tp/Generated/Browse/images/file_svg_64.png -gravity south-east -composite /__w/iie_tp/iie_tp/Generated/Browse/images/cat_basic_svg_sch_print_iie_tp-schematic.png (kibot - out_any_navigate_results.py:103)
DEBUG:Removing temporal /tmp/kibot_bypeajy4.png (kibot - out_any_navigate_results.py:282)
DEBUG:- Executing: /usr/bin/rsvg-convert -w 512 -f png --unlimited -o /__w/iie_tp/iie_tp/Generated/Browse/images/project_512.png /usr/share/kibot/images/project.svg (kibot - out_any_navigate_results.py:103)
DEBUG:Generating page for _f-navigate_Schematic_BoM.html (kibot - out_navigate_results_rb.py:1549)
DEBUG:- Outputs: dict_keys(['_macrofab_xyrs', 'generic_bom_html', 'generic_bom_csv', 'generic_bom_hrtxt', 'generic_bom_tsv', 'generic_bom_xml', 'generic_bom_xlsx', 'costs_bom_xlsx', 'kicad_internal_bom']) (kibot - out_navigate_results_rb.py:1535)
DEBUG:Expanding `Generated/.` in SCH context for <kibot.out_bom.BoMOptions object at 0x7fa3171fe510> parent: 'Pick and place file, XYRS style' (_macrofab_xyrs) [bom] (kibot - optionable.py:493)
DEBUG:Expanded `Generated/.` (kibot - optionable.py:539)
DEBUG:Output destination: /__w/iie_tp/iie_tp/Generated (kibot - kiplot.py:565)
DEBUG:Expanding `%f-%i%I%v_MacroFab.XYRS` in SCH context for <kibot.out_bom.BoMOptions object at 0x7fa3171fe510> parent: 'Pick and place file, XYRS style' (_macrofab_xyrs) [bom] (kibot - optionable.py:493)
DEBUG:Expanded `iie_tp-bom_MacroFab.XYRS` (kibot - optionable.py:539)
DEBUG:- Executing: /usr/bin/rsvg-convert -w 64 -f png --unlimited -o /__w/iie_tp/iie_tp/Generated/Browse/images/file_xyrs_64.png /usr/share/kibot/images/file_xyrs.svg (kibot - out_any_navigate_results.py:103)
DEBUG:Expanding `Generated/BoM/Generic` in SCH context for <kibot.out_bom.BoMOptions object at 0x7fa316e61810> parent: 'Generic Bill of Materials in HTML format' (generic_bom_html) [bom] (kibot - optionable.py:493)
DEBUG:Expanded `Generated/BoM/Generic` (kibot - optionable.py:539)
DEBUG:Output destination: /__w/iie_tp/iie_tp/Generated/BoM/Generic (kibot - kiplot.py:565)
DEBUG:Expanding `%f-%i%I%v.%x` in SCH context for <kibot.out_bom.BoMOptions object at 0x7fa316e61810> parent: 'Generic Bill of Materials in HTML format' (generic_bom_html) [bom] (kibot - optionable.py:493)
DEBUG:Expanded `iie_tp-bom.html` (kibot - optionable.py:539)
DEBUG:- Executing: /usr/bin/rsvg-convert -w 64 -f png --unlimited -o /__w/iie_tp/iie_tp/Generated/Browse/images/file_html_64.png /usr/share/kibot/images/file_html.svg (kibot - out_any_navigate_results.py:103)
DEBUG:Expanding `Generated/BoM/Generic` in SCH context for <kibot.out_bom.BoMOptions object at 0x7fa316cc0b90> parent: 'Generic Bill of Materials in CSV format' (generic_bom_csv) [bom] (kibot - optionable.py:493)
DEBUG:Expanded `Generated/BoM/Generic` (kibot - optionable.py:539)
DEBUG:Output destination: /__w/iie_tp/iie_tp/Generated/BoM/Generic (kibot - kiplot.py:565)
DEBUG:Expanding `%f-%i%I%v.%x` in SCH context for <kibot.out_bom.BoMOptions object at 0x7fa316cc0b90> parent: 'Generic Bill of Materials in CSV format' (generic_bom_csv) [bom] (kibot - optionable.py:493)
DEBUG:Expanded `iie_tp-bom.csv` (kibot - optionable.py:539)
DEBUG:Expanding `Generated/BoM/Generic` in SCH context for <kibot.out_bom.BoMOptions object at 0x7fa316c61310> parent: 'Generic Bill of Materials in HRTXT format' (generic_bom_hrtxt) [bom] (kibot - optionable.py:493)
DEBUG:Expanded `Generated/BoM/Generic` (kibot - optionable.py:539)
DEBUG:Output destination: /__w/iie_tp/iie_tp/Generated/BoM/Generic (kibot - kiplot.py:565)
DEBUG:Expanding `%f-%i%I%v.%x` in SCH context for <kibot.out_bom.BoMOptions object at 0x7fa316c61310> parent: 'Generic Bill of Materials in HRTXT format' (generic_bom_hrtxt) [bom] (kibot - optionable.py:493)
DEBUG:Expanded `iie_tp-bom.txt` (kibot - optionable.py:539)
DEBUG:- Executing: /usr/bin/rsvg-convert -w 64 -f png --unlimited -o /__w/iie_tp/iie_tp/Generated/Browse/images/file_txt_64.png /usr/share/kibot/images/file_txt.svg (kibot - out_any_navigate_results.py:103)
DEBUG:Expanding `Generated/BoM/Generic` in SCH context for <kibot.out_bom.BoMOptions object at 0x7fa316b62d50> parent: 'Generic Bill of Materials in TSV format' (generic_bom_tsv) [bom] (kibot - optionable.py:493)
DEBUG:Expanded `Generated/BoM/Generic` (kibot - optionable.py:539)
DEBUG:Output destination: /__w/iie_tp/iie_tp/Generated/BoM/Generic (kibot - kiplot.py:565)
DEBUG:Expanding `%f-%i%I%v.%x` in SCH context for <kibot.out_bom.BoMOptions object at 0x7fa316b62d50> parent: 'Generic Bill of Materials in TSV format' (generic_bom_tsv) [bom] (kibot - optionable.py:493)
DEBUG:Expanded `iie_tp-bom.tsv` (kibot - optionable.py:539)
DEBUG:- Executing: /usr/bin/rsvg-convert -w 64 -f png --unlimited -o /__w/iie_tp/iie_tp/Generated/Browse/images/file_tsv_64.png /usr/share/kibot/images/file_tsv.svg (kibot - out_any_navigate_results.py:103)
DEBUG:Expanding `Generated/BoM/Generic` in SCH context for <kibot.out_bom.BoMOptions object at 0x7fa316c620d0> parent: 'Generic Bill of Materials in XML format' (generic_bom_xml) [bom] (kibot - optionable.py:493)
DEBUG:Expanded `Generated/BoM/Generic` (kibot - optionable.py:539)
DEBUG:Output destination: /__w/iie_tp/iie_tp/Generated/BoM/Generic (kibot - kiplot.py:565)
DEBUG:Expanding `%f-%i%I%v.%x` in SCH context for <kibot.out_bom.BoMOptions object at 0x7fa316c620d0> parent: 'Generic Bill of Materials in XML format' (generic_bom_xml) [bom] (kibot - optionable.py:493)
DEBUG:Expanded `iie_tp-bom.xml` (kibot - optionable.py:539)
DEBUG:- Executing: /usr/bin/rsvg-convert -w 64 -f png --unlimited -o /__w/iie_tp/iie_tp/Generated/Browse/images/file_xml_64.png /usr/share/kibot/images/file_xml.svg (kibot - out_any_navigate_results.py:103)
DEBUG:Expanding `Generated/BoM/Generic` in SCH context for <kibot.out_bom.BoMOptions object at 0x7fa316a90f50> parent: 'Generic Bill of Materials in XLSX format' (generic_bom_xlsx) [bom] (kibot - optionable.py:493)
DEBUG:Expanded `Generated/BoM/Generic` (kibot - optionable.py:539)
DEBUG:Output destination: /__w/iie_tp/iie_tp/Generated/BoM/Generic (kibot - kiplot.py:565)
DEBUG:Expanding `%f-%i%I%v.%x` in SCH context for <kibot.out_bom.BoMOptions object at 0x7fa316a90f50> parent: 'Generic Bill of Materials in XLSX format' (generic_bom_xlsx) [bom] (kibot - optionable.py:493)
DEBUG:Expanded `iie_tp-bom.xlsx` (kibot - optionable.py:539)
DEBUG:- Executing: /usr/bin/rsvg-convert -w 64 -f png --unlimited -o /__w/iie_tp/iie_tp/Generated/Browse/images/file_xlsx_64.png /usr/share/kibot/images/file_xlsx.svg (kibot - out_any_navigate_results.py:103)
DEBUG:Expanding `Generated/BoM/Costs` in SCH context for <kibot.out_bom.BoMOptions object at 0x7fa316b63390> parent: 'Costs Bill of Materials in XLSX format' (costs_bom_xlsx) [bom] (kibot - optionable.py:493)
DEBUG:Expanded `Generated/BoM/Costs` (kibot - optionable.py:539)
DEBUG:Output destination: /__w/iie_tp/iie_tp/Generated/BoM/Costs (kibot - kiplot.py:565)
DEBUG:Expanding `%f-%i%I%v.%x` in SCH context for <kibot.out_bom.BoMOptions object at 0x7fa316b63390> parent: 'Costs Bill of Materials in XLSX format' (costs_bom_xlsx) [bom] (kibot - optionable.py:493)
DEBUG:Expanded `iie_tp-bom.xlsx` (kibot - optionable.py:539)
DEBUG:Expanding `Generated/BoM/KiCad` in SCH context for <kibot.out_bom.BoMOptions object at 0x7fa316e63ed0> parent: 'BoM using KiCad settings' (kicad_internal_bom) [bom] (kibot - optionable.py:493)
DEBUG:Expanded `Generated/BoM/KiCad` (kibot - optionable.py:539)
DEBUG:Output destination: /__w/iie_tp/iie_tp/Generated/BoM/KiCad (kibot - kiplot.py:565)
DEBUG:Expanding `%f-%i%I%v.%x` in SCH context for <kibot.out_bom.BoMOptions object at 0x7fa316e63ed0> parent: 'BoM using KiCad settings' (kicad_internal_bom) [bom] (kibot - optionable.py:493)
DEBUG:Expanded `iie_tp-bom.csv` (kibot - optionable.py:539)
DEBUG:- Executing: /usr/bin/rsvg-convert -w 512 -f png --unlimited -o /__w/iie_tp/iie_tp/Generated/Browse/images/bom_512.png /usr/share/kibot/images/bom.svg (kibot - out_any_navigate_results.py:103)
DEBUG:Expanding `Generated/Schematic` in SCH context for <kibot.out_pdf_sch_print.PDF_SCH_PrintOptions object at 0x7fa317052660> parent: 'Schematic in PDF format' (basic_pdf_sch_print) [pdf_sch_print] (kibot - optionable.py:493)
DEBUG:Expanded `Generated/Schematic` (kibot - optionable.py:539)
DEBUG:Output destination: /__w/iie_tp/iie_tp/Generated/Schematic (kibot - kiplot.py:565)
DEBUG:Expanding `%f-%i%I%v.%x` in SCH context for <kibot.out_pdf_sch_print.PDF_SCH_PrintOptions object at 0x7fa317052660> parent: 'Schematic in PDF format' (basic_pdf_sch_print) [pdf_sch_print] (kibot - optionable.py:493)
DEBUG:Expanded `iie_tp-schematic.pdf` (kibot - optionable.py:539)
DEBUG:- Executing: /usr/bin/convert '/__w/iie_tp/iie_tp/Generated/Schematic/iie_tp-schematic.pdf[0]' -resize 512x -background white -alpha remove -alpha off /__w/iie_tp/iie_tp/Generated/Browse/images/cat_Schematic_iie_tp-schematic.png (kibot - out_any_navigate_results.py:103)
DEBUG:Creating redirector: Generated/index.html -> Browse/_f-navigate.html (kibot - out_any_navigate_results.py:513)
